  0
SECTION
  2
HEADER
  9
$ACADVER
  1
AC1024
  9
$ACADMAINTVER
 70
   226
  9
$DWGCODEPAGE
  3
ANSI_949
  9
$LASTSAVEDBY
  1
embry
  9
$INSBASE
 10
0.0
 20
0.0
 30
0.0
  9
$EXTMIN
 10
3765.301512945498
 20
236.6005508704193
 30
0.0
  9
$EXTMAX
 10
4164.972518455199
 20
475.5477631983425
 30
0.0
  9
$LIMMIN
 10
0.0
 20
0.0
  9
$LIMMAX
 10
420.0
 20
297.0
  9
$ORTHOMODE
 70
     0
  9
$REGENMODE
 70
     1
  9
$FILLMODE
 70
     1
  9
$QTEXTMODE
 70
     0
  9
$MIRRTEXT
 70
     0
  9
$LTSCALE
 40
23.1
  9
$ATTMODE
 70
     1
  9
$TEXTSIZE
 40
0.2
  9
$TRACEWID
 40
0.05
  9
$TEXTSTYLE
  7
STANDARD
  9
$CLAYER
  8
0
  9
$CELTYPE
  6
BYLAYER
  9
$CECOLOR
 62
   256
  9
$CELTSCALE
 40
1.0
  9
$DISPSILH
 70
     0
  9
$DIMSCALE
 40
1.0
  9
$DIMASZ
 40
3.5
  9
$DIMEXO
 40
1.0
  9
$DIMDLI
 40
15.96
  9
$DIMRND
 40
0.0
  9
$DIMDLE
 40
0.0
  9
$DIMEXE
 40
1.5
  9
$DIMTP
 40
0.01
  9
$DIMTM
 40
0.01
  9
$DIMTXT
 40
3.5
  9
$DIMCEN
 40
3.779999999999998
  9
$DIMTSZ
 40
0.0
  9
$DIMTOL
 70
     1
  9
$DIMLIM
 70
     0
  9
$DIMTIH
 70
     1
  9
$DIMTOH
 70
     1
  9
$DIMSE1
 70
     0
  9
$DIMSE2
 70
     0
  9
$DIMTAD
 70
     0
  9
$DIMZIN
 70
     0
  9
$DIMBLK
  1
_FILLED
  9
$DIMASO
 70
     1
  9
$DIMSHO
 70
     1
  9
$DIMPOST
  1

  9
$DIMAPOST
  1

  9
$DIMALT
 70
     0
  9
$DIMALTD
 70
     2
  9
$DIMALTF
 40
0.0393700787
  9
$DIMLFAC
 40
1.0
  9
$DIMTOFL
 70
     0
  9
$DIMTVP
 40
0.0
  9
$DIMTIX
 70
     0
  9
$DIMSOXD
 70
     0
  9
$DIMSAH
 70
     0
  9
$DIMBLK1
  1

  9
$DIMBLK2
  1

  9
$DIMSTYLE
  2
STANDARD
  9
$DIMCLRD
 70
     0
  9
$DIMCLRE
 70
     0
  9
$DIMCLRT
 70
     0
  9
$DIMTFAC
 40
1.0
  9
$DIMGAP
 40
0.625
  9
$DIMJUST
 70
     0
  9
$DIMSD1
 70
     0
  9
$DIMSD2
 70
     0
  9
$DIMTOLJ
 70
     1
  9
$DIMTZIN
 70
     0
  9
$DIMALTZ
 70
     0
  9
$DIMALTTZ
 70
     0
  9
$DIMUPT
 70
     0
  9
$DIMDEC
 70
     4
  9
$DIMTDEC
 70
     4
  9
$DIMALTU
 70
     2
  9
$DIMALTTD
 70
     2
  9
$DIMTXSTY
  7
STANDARD
  9
$DIMAUNIT
 70
     0
  9
$DIMADEC
 70
     0
  9
$DIMALTRND
 40
0.0
  9
$DIMAZIN
 70
     0
  9
$DIMDSEP
 70
    44
  9
$DIMATFIT
 70
     3
  9
$DIMFRAC
 70
     0
  9
$DIMLDRBLK
  1

  9
$DIMLUNIT
 70
     2
  9
$DIMLWD
 70
    -2
  9
$DIMLWE
 70
    -2
  9
$DIMTMOVE
 70
     0
  9
$DIMFXL
 40
1.0
  9
$DIMFXLON
 70
     0
  9
$DIMJOGANG
 40
0.7853981633974483
  9
$DIMTFILL
 70
     0
  9
$DIMTFILLCLR
 70
     0
  9
$DIMARCSYM
 70
     0
  9
$DIMLTYPE
  6

  9
$DIMLTEX1
  6

  9
$DIMLTEX2
  6

  9
$DIMTXTDIRECTION
 70
     0
  9
$LUNITS
 70
     2
  9
$LUPREC
 70
     4
  9
$SKETCHINC
 40
0.1
  9
$FILLETRAD
 40
0.0
  9
$AUNITS
 70
     0
  9
$AUPREC
 70
     0
  9
$MENU
  1
.
  9
$ELEVATION
 40
0.0
  9
$PELEVATION
 40
0.0
  9
$THICKNESS
 40
0.0
  9
$LIMCHECK
 70
     0
  9
$CHAMFERA
 40
0.0
  9
$CHAMFERB
 40
0.0
  9
$CHAMFERC
 40
0.0
  9
$CHAMFERD
 40
0.0
  9
$SKPOLY
 70
     0
  9
$TDCREATE
 40
2461193.726504629
  9
$TDUCREATE
 40
2461193.351504630
  9
$TDUPDATE
 40
2461238.757106482
  9
$TDUUPDATE
 40
2461238.382106482
  9
$TDINDWG
 40
0.0636111111
  9
$TDUSRTIMER
 40
0.0636111111
  9
$USRTIMER
 70
     1
  9
$ANGBASE
 50
0.0
  9
$ANGDIR
 70
     0
  9
$PDMODE
 70
     3
  9
$PDSIZE
 40
8.0
  9
$PLINEWID
 40
0.0
  9
$SPLFRAME
 70
     0
  9
$SPLINETYPE
 70
     6
  9
$SPLINESEGS
 70
     8
  9
$HANDSEED
  5
27C4
  9
$SURFTAB1
 70
     6
  9
$SURFTAB2
 70
     6
  9
$SURFTYPE
 70
     6
  9
$SURFU
 70
     6
  9
$SURFV
 70
     6
  9
$UCSBASE
  2

  9
$UCSNAME
  2

  9
$UCSORG
 10
0.0
 20
0.0
 30
0.0
  9
$UCSXDIR
 10
1.0
 20
0.0
 30
0.0
  9
$UCSYDIR
 10
0.0
 20
1.0
 30
0.0
  9
$UCSORTHOREF
  2

  9
$UCSORTHOVIEW
 70
     0
  9
$UCSORGTOP
 10
0.0
 20
0.0
 30
0.0
  9
$UCSORGBOTTOM
 10
0.0
 20
0.0
 30
0.0
  9
$UCSORGLEFT
 10
0.0
 20
0.0
 30
0.0
  9
$UCSORGRIGHT
 10
0.0
 20
0.0
 30
0.0
  9
$UCSORGFRONT
 10
0.0
 20
0.0
 30
0.0
  9
$UCSORGBACK
 10
0.0
 20
0.0
 30
0.0
  9
$PUCSBASE
  2

  9
$PUCSNAME
  2

  9
$PUCSORG
 10
0.0
 20
0.0
 30
0.0
  9
$PUCSXDIR
 10
1.0
 20
0.0
 30
0.0
  9
$PUCSYDIR
 10
0.0
 20
1.0
 30
0.0
  9
$PUCSORTHOREF
  2

  9
$PUCSORTHOVIEW
 70
     0
  9
$PUCSORGTOP
 10
0.0
 20
0.0
 30
0.0
  9
$PUCSORGBOTTOM
 10
0.0
 20
0.0
 30
0.0
  9
$PUCSORGLEFT
 10
0.0
 20
0.0
 30
0.0
  9
$PUCSORGRIGHT
 10
0.0
 20
0.0
 30
0.0
  9
$PUCSORGFRONT
 10
0.0
 20
0.0
 30
0.0
  9
$PUCSORGBACK
 10
0.0
 20
0.0
 30
0.0
  9
$USERI1
 70
     0
  9
$USERI2
 70
     0
  9
$USERI3
 70
     0
  9
$USERI4
 70
     0
  9
$USERI5
 70
     0
  9
$USERR1
 40
0.0
  9
$USERR2
 40
0.0
  9
$USERR3
 40
0.0
  9
$USERR4
 40
0.0
  9
$USERR5
 40
0.0
  9
$WORLDVIEW
 70
     1
  9
$SHADEDGE
 70
     3
  9
$SHADEDIF
 70
    70
  9
$TILEMODE
 70
     1
  9
$MAXACTVP
 70
    64
  9
$PINSBASE
 10
0.0
 20
0.0
 30
0.0
  9
$PLIMCHECK
 70
     0
  9
$PEXTMIN
 10
1.000000000000000E+20
 20
1.000000000000000E+20
 30
1.000000000000000E+20
  9
$PEXTMAX
 10
-1.000000000000000E+20
 20
-1.000000000000000E+20
 30
-1.000000000000000E+20
  9
$PLIMMIN
 10
0.0
 20
0.0
  9
$PLIMMAX
 10
12.0
 20
9.0
  9
$UNITMODE
 70
     0
  9
$VISRETAIN
 70
     1
  9
$PLINEGEN
 70
     0
  9
$PSLTSCALE
 70
     1
  9
$TREEDEPTH
 70
  3020
  9
$CMLSTYLE
  2
Standard
  9
$CMLJUST
 70
     0
  9
$CMLSCALE
 40
1.0
  9
$PROXYGRAPHICS
 70
     1
  9
$MEASUREMENT
 70
     1
  9
$CELWEIGHT
370
    -1
  9
$ENDCAPS
280
     0
  9
$JOINSTYLE
280
     0
  9
$LWDISPLAY
290
     0
  9
$INSUNITS
 70
     4
  9
$HYPERLINKBASE
  1

  9
$STYLESHEET
  1

  9
$XEDIT
290
     1
  9
$CEPSNTYPE
380
     0
  9
$PSTYLEMODE
290
     1
  9
$FINGERPRINTGUID
  2
{457D2928-889F-EC48-8BA8-5B1D6DF39FD2}
  9
$VERSIONGUID
  2
{52D764D0-93AA-C748-84B3-B1AEB032619E}
  9
$EXTNAMES
290
     1
  9
$PSVPSCALE
 40
0.0
  9
$OLESTARTUP
290
     0
  9
$SORTENTS
280
   127
  9
$INDEXCTL
280
     0
  9
$HIDETEXT
280
     1
  9
$XCLIPFRAME
280
     2
  9
$HALOGAP
280
     0
  9
$OBSCOLOR
 70
   257
  9
$OBSLTYPE
280
     0
  9
$INTERSECTIONDISPLAY
280
     0
  9
$INTERSECTIONCOLOR
 70
   257
  9
$DIMASSOC
280
     2
  9
$PROJECTNAME
  1

  9
$CAMERADISPLAY
290
     0
  9
$LENSLENGTH
 40
50.0
  9
$CAMERAHEIGHT
 40
0.0
  9
$STEPSPERSEC
 40
2.0
  9
$STEPSIZE
 40
6.0
  9
$3DDWFPREC
 40
2.0
  9
$PSOLWIDTH
 40
0.25
  9
$PSOLHEIGHT
 40
4.0
  9
$LOFTANG1
 40
1.570796326794896
  9
$LOFTANG2
 40
1.570796326794896
  9
$LOFTMAG1
 40
0.0
  9
$LOFTMAG2
 40
0.0
  9
$LOFTPARAM
 70
     7
  9
$LOFTNORMALS
280
     1
  9
$LATITUDE
 40
37.795
  9
$LONGITUDE
 40
-122.394
  9
$NORTHDIRECTION
 40
0.0
  9
$TIMEZONE
 70
 -8000
  9
$LIGHTGLYPHDISPLAY
280
     1
  9
$TILEMODELIGHTSYNCH
280
     1
  9
$CMATERIAL
347
371
  9
$SOLIDHIST
280
     0
  9
$SHOWHIST
280
     1
  9
$DWFFRAME
280
     2
  9
$DGNFRAME
280
     0
  9
$REALWORLDSCALE
290
     1
  9
$INTERFERECOLOR
 62
     1
  9
$INTERFEREOBJVS
345
393
  9
$INTERFEREVPVS
346
390
  9
$CSHADOW
280
     0
  9
$SHADOWPLANELOCATION
 40
0.0
  0
ENDSEC
  0
SECTION
  2
CLASSES
  0
CLASS
  1
ACDBDICTIONARYWDFLT
  2
AcDbDictionaryWithDefault
  3
ObjectDBX Classes
 90
        0
 91
        1
280
     0
281
     0
  0
CLASS
  1
TABLESTYLE
  2
AcDbTableStyle
  3
ObjectDBX Classes
 90
     4095
 91
        2
280
     0
281
     0
  0
CLASS
  1
ACAD_TABLE
  2
AcDbTable
  3
ObjectDBX Classes
 90
     1025
 91
        0
280
     0
281
     1
  0
CLASS
  1
MATERIAL
  2
AcDbMaterial
  3
ObjectDBX Classes
 90
     1153
 91
        3
280
     0
281
     0
  0
CLASS
  1
VISUALSTYLE
  2
AcDbVisualStyle
  3
ObjectDBX Classes
 90
     4095
 91
       24
280
     0
281
     0
  0
CLASS
  1
SCALE
  2
AcDbScale
  3
ObjectDBX Classes
 90
     1153
 91
       17
280
     0
281
     0
  0
CLASS
  1
MLEADERSTYLE
  2
AcDbMLeaderStyle
  3
ACDB_MLEADERSTYLE_CLASS
 90
     4095
 91
        1
280
     0
281
     0
  0
CLASS
  1
ACDBSECTIONVIEWSTYLE
  2
AcDbSectionViewStyle
  3
ObjectDBX Classes
 90
     1025
 91
        1
280
     0
281
     0
  0
CLASS
  1
ACDBDETAILVIEWSTYLE
  2
AcDbDetailViewStyle
  3
ObjectDBX Classes
 90
     1025
 91
        1
280
     0
281
     0
  0
CLASS
  1
DICTIONARYVAR
  2
AcDbDictionaryVar
  3
ObjectDBX Classes
 90
        0
 91
        8
280
     0
281
     0
  0
CLASS
  1
ACDBASSOCNETWORK
  2
AcDbAssocNetwork
  3
ObjectDBX Classes
 90
     1025
 91
        2
280
     0
281
     0
  0
CLASS
  1
ACDBASSOCACTION
  2
AcDbAssocAction
  3
ObjectDBX Classes
 90
     1025
 91
       31
280
     0
281
     0
  0
CLASS
  1
AcDbCenterMarkActionBody
  2
AcDbCenterMarkActionBody
  3
AcDbSmartCenter
 90
     1153
 91
       19
280
     0
281
     0
  0
CLASS
  1
ACDBASSOCEDGEACTIONPARAM
  2
AcDbAssocEdgeActionParam
  3
ObjectDBX Classes
 90
     1025
 91
       43
280
     0
281
     0
  0
CLASS
  1
ACDBASSOCGEOMDEPENDENCY
  2
AcDbAssocGeomDependency
  3
ObjectDBX Classes
 90
     1025
 91
       20
280
     0
281
     0
  0
CLASS
  1
ACDBASSOCDEPENDENCY
  2
AcDbAssocDependency
  3
ObjectDBX Classes
 90
     1025
 91
       31
280
     0
281
     0
  0
CLASS
  1
CELLSTYLEMAP
  2
AcDbCellStyleMap
  3
ObjectDBX Classes
 90
     1152
 91
        6
280
     0
281
     0
  0
CLASS
  1
DIMASSOC
  2
AcDbDimAssoc
  3
"AcDbDimAssoc|Product Desc:     AcDim ARX App For Dimension|Company:          Autodesk, Inc.|WEB Address:      www.autodesk.com"
 90
        0
 91
       12
280
     0
281
     0
  0
CLASS
  1
EXACXREFPANELOBJECT
  2
ExAcXREFPanelObject
  3
EXAC_ESW
 90
     1025
 91
        1
280
     0
281
     0
  0
CLASS
  1
NPOCOLLECTION
  2
AcDbImpNonPersistentObjectsCollection
  3
ObjectDBX Classes
 90
     1153
 91
        1
280
     0
281
     0
  0
CLASS
  1
AcDbCenterLineActionBody
  2
AcDbCenterLineActionBody
  3
AcDbSmartCenter
 90
     1153
 91
       12
280
     0
281
     0
  0
CLASS
  1
ACDBASSOCROTATEDDIMACTIONBODY
  2
AcDbAssocRotatedDimActionBody
  3
ObjectDBX Classes
 90
     1025
 91
        0
280
     0
281
     0
  0
CLASS
  1
ACDBASSOCOSNAPPOINTREFACTIONPARAM
  2
AcDbAssocOsnapPointRefActionParam
  3
ObjectDBX Classes
 90
     1025
 91
        0
280
     0
281
     0
  0
CLASS
  1
ACDBASSOCVERTEXACTIONPARAM
  2
AcDbAssocVertexActionParam
  3
ObjectDBX Classes
 90
     1025
 91
        0
280
     0
281
     0
  0
CLASS
  1
SORTENTSTABLE
  2
AcDbSortentsTable
  3
ObjectDBX Classes
 90
        0
 91
        1
280
     0
281
     0
  0
CLASS
  1
SOLID_BACKGROUND
  2
AcDbSolidBackground
  3
SCENEOE
 90
     4095
 91
        0
280
     0
281
     0
  0
CLASS
  1
PLOTSETTINGS
  2
AcDbPlotSettings
  3
ObjectDBX Classes
 90
        0
 91
        1
280
     0
281
     0
  0
ENDSEC
  0
SECTION
  2
TABLES
  0
TABLE
  2
VPORT
  5
8
330
0
100
AcDbSymbolTable
 70
     1
  0
VPORT
  5
1F4
330
8
100
AcDbSymbolTableRecord
100
AcDbViewportTableRecord
  2
*ACTIVE
 70
     0
 10
0.0
 20
0.0
 11
1.0
 21
1.0
 12
-81.27133046561585
 22
-204.2147557837027
 13
0.0
 23
0.0
 14
1.0
 24
1.0
 15
0.0
 25
0.0
 16
0.0
 26
-14.42306183961057
 36
826.2966593893718
 17
4054.317319013053
 27
567.7622970443632
 37
-1.610446078061773
 40
211.7889317185313
 41
2.720883534136546
 42
50.0
 43
0.0
 44
0.0
 50
0.0
 51
0.0
 71
     0
 72
   100
 73
     1
 74
     1
 75
     0
 76
     0
 77
     0
 78
     0
281
     0
 65
     1
110
0.0
120
0.0
130
0.0
111
1.0
121
0.0
131
0.0
112
0.0
122
1.0
132
0.0
 79
     0
146
0.0
348
38F
 60
     3
 61
     5
292
     1
282
     1
141
0.0
142
0.0
 63
   250
421
  3355443
1001
ACAD_NAV_VCDISPLAY
1070
     3
  0
ENDTAB
  0
TABLE
  2
LTYPE
  5
5
330
0
100
AcDbSymbolTable
 70
     7
  0
LTYPE
  5
14
330
5
100
AcDbSymbolTableRecord
100
AcDbLinetypeTableRecord
  2
BYBLOCK
 70
     0
  3

 72
    65
 73
     0
 40
0.0
  0
LTYPE
  5
15
330
5
100
AcDbSymbolTableRecord
100
AcDbLinetypeTableRecord
  2
BYLAYER
 70
     0
  3

 72
    65
 73
     0
 40
0.0
  0
LTYPE
  5
16
330
5
100
AcDbSymbolTableRecord
100
AcDbLinetypeTableRecord
  2
CONTINUOUS
 70
     0
  3
Solid line
 72
    65
 73
     0
 40
0.0
  0
LTYPE
  5
1F5
330
5
100
AcDbSymbolTableRecord
100
AcDbLinetypeTableRecord
  2
CENTER
 70
     0
  3
____ _ ____ _ ____ _ ____ _ ____ _ ____ _ ____
 72
    65
 73
     4
 40
0.6
 49
0.375
 74
     0
 49
-0.075
 74
     0
 49
0.075
 74
     0
 49
-0.075
 74
     0
  0
LTYPE
  5
1F6
330
5
100
AcDbSymbolTableRecord
100
AcDbLinetypeTableRecord
  2
HIDDEN
 70
     0
  3
- - - - - - - - - - - - - - - - - - - -
 72
    65
 73
     2
 40
0.2
 49
0.1
 74
     0
 49
-0.1
 74
     0
  0
LTYPE
  5
1F7
330
5
100
AcDbSymbolTableRecord
100
AcDbLinetypeTableRecord
  2
PHANTOM
 70
     0
  3
_____ _ _ _____ _ _ _____ _ _ _____
 72
    65
 73
     6
 40
0.8
 49
0.45
 74
     0
 49
-0.05
 74
     0
 49
0.1
 74
     0
 49
-0.05
 74
     0
 49
0.1
 74
     0
 49
-0.05
 74
     0
  0
LTYPE
  5
1F8
330
5
100
AcDbSymbolTableRecord
100
AcDbLinetypeTableRecord
  2
DOT
 70
     0
  3
. . . . . . . . . . . . . . . . . . . .
 72
    65
 73
     2
 40
0.2
 49
0.1
 74
     0
 49
-0.1
 74
     0
  0
LTYPE
  5
1F9
330
5
100
AcDbSymbolTableRecord
100
AcDbLinetypeTableRecord
  2
DASHED
 70
     0
  3
- - - - - - - - - - - - - - - - - - - -
 72
    65
 73
     2
 40
0.2
 49
0.1
 74
     0
 49
-0.1
 74
     0
  0
LTYPE
  5
681
330
5
100
AcDbSymbolTableRecord
100
AcDbLinetypeTableRecord
  2
CENTER2
 70
     0
  3
Center (.5x) ___ _ ___ _ ___ _ ___ _ ___ _ ___
 72
    65
 73
     4
 40
1.125
 49
0.75
 74
     0
 49
-0.125
 74
     0
 49
0.125
 74
     0
 49
-0.125
 74
     0
  0
ENDTAB
  0
TABLE
  2
LAYER
  5
2
102
{ACAD_XDICTIONARY
360
717
102
}
330
0
100
AcDbSymbolTable
 70
    14
  0
LAYER
  5
10
330
2
100
AcDbSymbolTableRecord
100
AcDbLayerTableRecord
  2
0
 70
     0
 62
     7
  6
CONTINUOUS
370
    -3
390
F
347
381
  0
LAYER
  5
1FA
330
2
100
AcDbSymbolTableRecord
100
AcDbLayerTableRecord
  2
DEFAULT_1
 70
     0
 62
     7
  6
CENTER
370
    -3
390
F
347
381
  0
LAYER
  5
1FB
330
2
100
AcDbSymbolTableRecord
100
AcDbLayerTableRecord
  2
DEFAULT_2
 70
     0
 62
     8
  6
HIDDEN
370
    -3
390
F
347
381
  0
LAYER
  5
1FC
330
2
100
AcDbSymbolTableRecord
100
AcDbLayerTableRecord
  2
DEFAULT_3
 70
     0
 62
     7
  6
PHANTOM
370
    -3
390
F
347
381
  0
LAYER
  5
1FD
330
2
100
AcDbSymbolTableRecord
100
AcDbLayerTableRecord
  2
01___PRT_ALL_DTM_PLN
 70
     0
 62
     7
  6
CONTINUOUS
370
    -3
390
F
347
381
  0
LAYER
  5
1FE
330
2
100
AcDbSymbolTableRecord
100
AcDbLayerTableRecord
  2
01___PRT_DEF_DTM_PLN
 70
     0
 62
     7
  6
CONTINUOUS
370
    -3
390
F
347
381
  0
LAYER
  5
1FF
330
2
100
AcDbSymbolTableRecord
100
AcDbLayerTableRecord
  2
02___PRT_ALL_AXES
 70
     0
 62
     7
  6
CONTINUOUS
370
    -3
390
F
347
381
  0
LAYER
  5
200
330
2
100
AcDbSymbolTableRecord
100
AcDbLayerTableRecord
  2
03___PRT_ALL_CURVES
 70
     0
 62
     7
  6
CONTINUOUS
370
    -3
390
F
347
381
  0
LAYER
  5
201
330
2
100
AcDbSymbolTableRecord
100
AcDbLayerTableRecord
  2
04___PRT_ALL_DTM_PNT
 70
     0
 62
     7
  6
CONTINUOUS
370
    -3
390
F
347
381
  0
LAYER
  5
202
330
2
100
AcDbSymbolTableRecord
100
AcDbLayerTableRecord
  2
05___PRT_ALL_DTM_CSYS
 70
     0
 62
     7
  6
CONTINUOUS
370
    -3
390
F
347
381
  0
LAYER
  5
203
330
2
100
AcDbSymbolTableRecord
100
AcDbLayerTableRecord
  2
05___PRT_DEF_DTM_CSYS
 70
     0
 62
     7
  6
CONTINUOUS
370
    -3
390
F
347
381
  0
LAYER
  5
204
330
2
100
AcDbSymbolTableRecord
100
AcDbLayerTableRecord
  2
06___PRT_ALL_SURFS
 70
     0
 62
     7
  6
CONTINUOUS
370
    -3
390
F
347
381
  0
LAYER
  5
205
330
2
100
AcDbSymbolTableRecord
100
AcDbLayerTableRecord
  2
3_ALL_SYMBOLS
 70
     0
 62
     7
  6
CONTINUOUS
370
    -3
390
F
347
381
  0
LAYER
  5
206
330
2
100
AcDbSymbolTableRecord
100
AcDbLayerTableRecord
  2
DEFPOINTS
 70
     0
 62
     7
  6
CONTINUOUS
290
     0
370
    -3
390
F
347
381
  0
ENDTAB
  0
TABLE
  2
STYLE
  5
3
330
0
100
AcDbSymbolTable
 70
     4
  0
STYLE
  5
11
330
3
100
AcDbSymbolTableRecord
100
AcDbTextStyleTableRecord
  2
STANDARD
 70
     0
 40
0.0
 41
1.0
 50
0.0
 71
     0
 42
0.2
  3
isonormlt-regular.ttf
  4

1001
ACAD
1000
Isonorm LT Regular
1071
       34
  0
STYLE
  5
207
330
3
100
AcDbSymbolTableRecord
100
AcDbTextStyleTableRecord
  2
TEXTSTYLE_1
 70
     0
 40
0.0
 41
0.8
 50
0.0
 71
     0
 42
0.2
  3
gdt
  4

  0
STYLE
  5
208
330
3
100
AcDbSymbolTableRecord
100
AcDbTextStyleTableRecord
  2
TEXTSTYLE_2
 70
     0
 40
0.0
 41
1.0
 50
0.0
 71
     0
 42
0.2
  3
symbol_iso.ttf
  4

1001
ACAD
1000
Symbol_ISO
1071
       34
  0
STYLE
  5
209
330
3
100
AcDbSymbolTableRecord
100
AcDbTextStyleTableRecord
  2
TEXTSTYLE_3
 70
     0
 40
0.0
 41
1.0
 50
0.0
 71
     0
 42
0.2
  3
ar_wgl_b.ttf
  4

1001
ACAD
1000
Arial WGL
1071
 33554466
  0
ENDTAB
  0
TABLE
  2
VIEW
  5
6
330
0
100
AcDbSymbolTable
 70
     0
  0
ENDTAB
  0
TABLE
  2
UCS
  5
7
330
0
100
AcDbSymbolTable
 70
     0
  0
ENDTAB
  0
TABLE
  2
APPID
  5
9
330
0
100
AcDbSymbolTable
 70
     4
  0
APPID
  5
20A
330
9
100
AcDbSymbolTableRecord
100
AcDbRegAppTableRecord
  2
ACAD
 70
     0
  0
APPID
  5
55F
330
9
100
AcDbSymbolTableRecord
100
AcDbRegAppTableRecord
  2
ACAD_EXEMPT_FROM_CAD_STANDARDS
 70
     0
  0
APPID
  5
6D9
330
9
100
AcDbSymbolTableRecord
100
AcDbRegAppTableRecord
  2
ACAD_NAV_VCDISPLAY
 70
     0
  0
APPID
  5
E6A
330
9
100
AcDbSymbolTableRecord
100
AcDbRegAppTableRecord
  2
Acad_TC
 70
     0
  0
ENDTAB
  0
TABLE
  2
DIMSTYLE
  5
A
330
0
100
AcDbSymbolTable
 70
     4
100
AcDbDimStyleTable
 71
     2
340
21D
340
21C
  0
DIMSTYLE
105
21C
330
A
100
AcDbSymbolTableRecord
100
AcDbDimStyleTableRecord
  2
STANDARD
 70
     0
 41
3.5
 42
1.0
 44
1.5
 47
0.01
 48
0.01
 71
     1
 73
     0
 74
     0
 77
     1
 78
     8
 79
     2
140
3.5
147
0.625
171
     1
179
     2
271
     2
272
     2
278
    44
284
     8
340
11
341
20D
342
20D
343
20D
344
20D
  0
DIMSTYLE
105
21D
102
{ACAD_REACTORS
330
FE5
330
FE6
330
FE7
330
1FB6
330
1FB9
330
1FBC
330
228D
330
228A
330
2290
330
2711
330
272B
330
2745
102
}
330
A
100
AcDbSymbolTableRecord
100
AcDbDimStyleTableRecord
  2
DIMSTYLE_1
 70
     0
 41
3.5
 42
1.0
 44
1.5
 47
0.01
 48
0.01
 73
     0
 74
     0
 77
     1
 78
     8
 79
     2
140
3.5
147
0.875
171
     1
179
     2
271
     2
272
     2
278
    44
284
     8
340
11
341
20D
342
20D
343
20D
344
20D
  0
DIMSTYLE
105
21E
330
A
100
AcDbSymbolTableRecord
100
AcDbDimStyleTableRecord
  2
DIMSTYLE_2
 70
     0
  3
<>
 41
3.5
 42
1.0
 44
1.5
 47
0.01
 48
0.01
 73
     0
 74
     0
 77
     1
 78
     8
 79
     2
140
3.5
147
0.625
171
     1
179
     2
271
     2
272
     2
278
    44
284
     8
288
     1
289
     1
340
11
341
20D
342
20D
343
20D
344
20D
  0
DIMSTYLE
105
21F
330
A
100
AcDbSymbolTableRecord
100
AcDbDimStyleTableRecord
  2
DIMSTYLE_3
 70
     0
  3
<>
 41
3.5
 42
1.0
 44
1.5
 47
0.01
 48
0.01
 73
     0
 74
     0
 77
     1
 78
     8
 79
     2
140
3.5
147
0.625
171
     1
172
     1
179
     2
271
     2
272
     2
278
    44
284
     8
288
     1
289
     2
340
11
341
20D
342
20D
343
20D
344
20D
  0
ENDTAB
  0
TABLE
  2
BLOCK_RECORD
  5
1
330
0
100
AcDbSymbolTable
 70
   164
  0
BLOCK_RECORD
  5
20B
102
{ACAD_XDICTIONARY
360
674
102
}
330
1
100
AcDbSymbolTableRecord
100
AcDbBlockTableRecord
  2
*Model_Space
340
36A
 70
     0
280
     1
281
     0
  0
BLOCK_RECORD
  5
20C
330
1
100
AcDbSymbolTableRecord
100
AcDbBlockTableRecord
  2
*Paper_Space
340
36B
 70
     0
280
     1
281
     0
  0
BLOCK_RECORD
  5
20D
330
1
100
AcDbSymbolTableRecord
100
AcDbBlockTableRecord
  2
_FILLED
340
0
102
{BLKREFS
331
A50
331
A51
331
868
331
7F7
331
F10
331
616
331
61F
331
620
331
628
331
629
331
631
331
632
331
1557
331
1558
331
1560
331
1561
331
1578
331
1579
331
1581
331
1582
331
158A
331
158B
331
221C
331
221D
331
2228
331
2229
331
2234
331
2235
331
2241
331
2242
331
224A
331
224B
331
2253
331
2254
331
225D
331
225E
331
22CD
331
22CE
331
850
331
85B
331
85C
331
10F0
331
10FB
331
10FC
331
604
331
605
331
60E
331
60F
331
9E9
331
9EA
331
66E
331
66F
331
3C3
331
3C4
331
23C
331
244
331
245
331
3CA
331
3CB
331
77D
331
77E
331
78D
331
78E
331
FCB
331
FCC
331
FD5
331
FD6
331
A10
331
A17
331
A20
331
A21
331
A29
331
A2A
331
A32
331
A33
331
A3C
331
A3D
331
A46
331
A47
331
1594
331
1595
331
159D
331
159E
331
15B1
331
15B2
331
15BB
331
15BC
331
1E35
331
1E36
331
1E3E
331
1E3F
331
1E48
331
1E49
331
22D9
331
22DA
331
22E6
331
22E7
331
2202
331
2203
331
220F
331
2210
331
277
331
278
331
B4A
331
B4B
331
B54
331
B55
331
282
331
283
331
299
331
29A
331
229
331
22A
331
234
331
235
331
7EB
331
7EC
331
A0F
331
F06
331
F07
331
F0F
331
7F8
331
803
331
804
331
80F
331
9F3
331
9F4
331
9FC
331
9FD
331
A06
331
A07
331
F33
331
F34
331
DA1
331
DA2
331
C01
331
C02
331
EB3
331
EB4
331
EBC
331
EBD
331
10E5
331
10E6
331
10EF
331
867
331
24D
331
24E
331
256
331
257
331
261
331
262
331
26C
331
26D
331
810
331
819
331
81A
331
822
331
82B
331
82C
331
837
331
838
331
843
331
844
331
84F
331
FE1
331
FE2
331
1932
331
1933
331
193B
331
193C
331
1945
331
1946
331
1952
331
1953
331
195E
331
195F
331
196B
331
196C
331
1977
331
1978
331
1983
331
1984
331
1990
331
1991
331
EC5
331
EC6
331
ECE
331
ECF
331
63A
331
63B
331
643
331
644
331
64D
331
64E
331
657
331
658
331
65F
331
660
331
666
331
667
331
2686
331
2687
331
268F
331
2690
331
2699
331
269A
331
2775
331
2776
331
277E
331
277F
331
2787
331
2788
102
}
 70
     0
280
     1
281
     0
  0
BLOCK_RECORD
  5
20E
330
1
100
AcDbSymbolTableRecord
100
AcDbBlockTableRecord
  2
*D1
340
0
 70
     0
280
     1
281
     0
  0
BLOCK_RECORD
  5
20F
330
1
100
AcDbSymbolTableRecord
100
AcDbBlockTableRecord
  2
*D2
340
0
 70
     0
280
     1
281
     0
  0
BLOCK_RECORD
  5
210
330
1
100
AcDbSymbolTableRecord
100
AcDbBlockTableRecord
  2
*D3
340
0
 70
     0
280
     1
281
     0
  0
BLOCK_RECORD
  5
211
330
1
100
AcDbSymbolTableRecord
100
AcDbBlockTableRecord
  2
*D4
340
0
 70
     0
280
     1
281
     0
  0
BLOCK_RECORD
  5
212
330
1
100
AcDbSymbolTableRecord
100
AcDbBlockTableRecord
  2
*D5
340
0
 70
     0
280
     1
281
     0
  0
BLOCK_RECORD
  5
213
330
1
100
AcDbSymbolTableRecord
100
AcDbBlockTableRecord
  2
*D6
340
0
 70
     0
280
     1
281
     0
  0
BLOCK_RECORD
  5
214
330
1
100
AcDbSymbolTableRecord
100
AcDbBlockTableRecord
  2
*D7
340
0
 70
     0
280
     1
281
     0
  0
BLOCK_RECORD
  5
215
330
1
100
AcDbSymbolTableRecord
100
AcDbBlockTableRecord
  2
*D8
340
0
 70
     0
280
     1
281
     0
  0
BLOCK_RECORD
  5
216
330
1
100
AcDbSymbolTableRecord
100
AcDbBlockTableRecord
  2
*D9
340
0
 70
     0
280
     1
281
     0
  0
BLOCK_RECORD
  5
217
330
1
100
AcDbSymbolTableRecord
100
AcDbBlockTableRecord
  2
*D10
340
0
 70
     0
280
     1
281
     0
  0
BLOCK_RECORD
  5
218
330
1
100
AcDbSymbolTableRecord
100
AcDbBlockTableRecord
  2
*D11
340
0
 70
     0
280
     1
281
     0
  0
BLOCK_RECORD
  5
219
330
1
100
AcDbSymbolTableRecord
100
AcDbBlockTableRecord
  2
*D12
340
0
 70
     0
280
     1
281
     0
  0
BLOCK_RECORD
  5
21A
330
1
100
AcDbSymbolTableRecord
100
AcDbBlockTableRecord
  2
*D13
340
0
 70
     0
280
     1
281
     0
  0
BLOCK_RECORD
  5
42E
330
1
100
AcDbSymbolTableRecord
100
AcDbBlockTableRecord
  2
*D14
340
0
 70
     0
280
     1
281
     0
  0
BLOCK_RECORD
  5
43A
330
1
100
AcDbSymbolTableRecord
100
AcDbBlockTableRecord
  2
*D15
340
0
 70
     0
280
     1
281
     0
  0
BLOCK_RECORD
  5
447
330
1
100
AcDbSymbolTableRecord
100
AcDbBlockTableRecord
  2
*D16
340
0
 70
     0
280
     1
281
     0
  0
BLOCK_RECORD
  5
452
330
1
100
AcDbSymbolTableRecord
100
AcDbBlockTableRecord
  2
*D17
340
0
 70
     0
280
     1
281
     0
  0
BLOCK_RECORD
  5
45E
330
1
100
AcDbSymbolTableRecord
100
AcDbBlockTableRecord
  2
*D18
340
0
 70
     0
280
     1
281
     0
  0
BLOCK_RECORD
  5
46A
330
1
100
AcDbSymbolTableRecord
100
AcDbBlockTableRecord
  2
*D19
340
0
 70
     0
280
     1
281
     0
  0
BLOCK_RECORD
  5
476
330
1
100
AcDbSymbolTableRecord
100
AcDbBlockTableRecord
  2
*D20
340
0
 70
     0
280
     1
281
     0
  0
BLOCK_RECORD
  5
482
330
1
100
AcDbSymbolTableRecord
100
AcDbBlockTableRecord
  2
*D21
340
0
 70
     0
280
     1
281
     0
  0
BLOCK_RECORD
  5
48E
330
1
100
AcDbSymbolTableRecord
100
AcDbBlockTableRecord
  2
*D22
340
0
 70
     0
280
     1
281
     0
  0
BLOCK_RECORD
  5
49B
330
1
100
AcDbSymbolTableRecord
100
AcDbBlockTableRecord
  2
*D23
340
0
 70
     0
280
     1
281
     0
  0
BLOCK_RECORD
  5
4A8
330
1
100
AcDbSymbolTableRecord
100
AcDbBlockTableRecord
  2
*D24
340
0
 70
     0
280
     1
281
     0
  0
BLOCK_RECORD
  5
4B2
330
1
100
AcDbSymbolTableRecord
100
AcDbBlockTableRecord
  2
*D25
340
0
 70
     0
280
     1
281
     0
  0
BLOCK_RECORD
  5
4BC
330
1
100
AcDbSymbolTableRecord
100
AcDbBlockTableRecord
  2
*D26
340
0
 70
     0
280
     1
281
     0
  0
BLOCK_RECORD
  5
67D
330
1
100
AcDbSymbolTableRecord
100
AcDbBlockTableRecord
  2
*U27
340
0
 70
     0
280
     1
281
     0
  0
BLOCK_RECORD
  5
68D
330
1
100
AcDbSymbolTableRecord
100
AcDbBlockTableRecord
  2
*U28
340
0
 70
     0
280
     1
281
     0
  0
BLOCK_RECORD
  5
69C
330
1
100
AcDbSymbolTableRecord
100
AcDbBlockTableRecord
  2
*U29
340
0
 70
     0
280
     1
281
     0
  0
BLOCK_RECORD
  5
6AB
330
1
100
AcDbSymbolTableRecord
100
AcDbBlockTableRecord
  2
*U30
340
0
 70
     0
280
     1
281
     0
  0
BLOCK_RECORD
  5
6BA
330
1
100
AcDbSymbolTableRecord
100
AcDbBlockTableRecord
  2
*U31
340
0
 70
     0
280
     1
281
     0
  0
BLOCK_RECORD
  5
6C9
330
1
100
AcDbSymbolTableRecord
100
AcDbBlockTableRecord
  2
*U32
340
0
 70
     0
280
     1
281
     0
  0
BLOCK_RECORD
  5
760
330
1
100
AcDbSymbolTableRecord
100
AcDbBlockTableRecord
  2
*D33
340
0
 70
     0
280
     1
281
     0
  0
BLOCK_RECORD
  5
786
330
1
100
AcDbSymbolTableRecord
100
AcDbBlockTableRecord
  2
*D34
340
0
 70
     0
280
     1
281
     0
  0
BLOCK_RECORD
  5
7E4
330
1
100
AcDbSymbolTableRecord
100
AcDbBlockTableRecord
  2
*D35
340
0
 70
     0
280
     1
281
     0
  0
BLOCK_RECORD
  5
7EE
330
1
100
AcDbSymbolTableRecord
100
AcDbBlockTableRecord
  2
*D36
340
0
 70
     0
280
     1
281
     0
  0
BLOCK_RECORD
  5
7FA
330
1
100
AcDbSymbolTableRecord
100
AcDbBlockTableRecord
  2
*D37
340
0
 70
     0
280
     1
281
     0
  0
BLOCK_RECORD
  5
806
330
1
100
AcDbSymbolTableRecord
100
AcDbBlockTableRecord
  2
*D38
340
0
 70
     0
280
     1
281
     0
  0
BLOCK_RECORD
  5
812
330
1
100
AcDbSymbolTableRecord
100
AcDbBlockTableRecord
  2
*D39
340
0
 70
     0
280
     1
281
     0
  0
BLOCK_RECORD
  5
81C
330
1
100
AcDbSymbolTableRecord
100
AcDbBlockTableRecord
  2
*D40
340
0
 70
     0
280
     1
281
     0
  0
BLOCK_RECORD
  5
824
330
1
100
AcDbSymbolTableRecord
100
AcDbBlockTableRecord
  2
*D41
340
0
 70
     0
280
     1
281
     0
  0
BLOCK_RECORD
  5
82E
330
1
100
AcDbSymbolTableRecord
100
AcDbBlockTableRecord
  2
*D42
340
0
 70
     0
280
     1
281
     0
  0
BLOCK_RECORD
  5
83A
330
1
100
AcDbSymbolTableRecord
100
AcDbBlockTableRecord
  2
*D43
340
0
 70
     0
280
     1
281
     0
  0
BLOCK_RECORD
  5
846
330
1
100
AcDbSymbolTableRecord
100
AcDbBlockTableRecord
  2
*D44
340
0
 70
     0
280
     1
281
     0
  0
BLOCK_RECORD
  5
852
330
1
100
AcDbSymbolTableRecord
100
AcDbBlockTableRecord
  2
*D45
340
0
 70
     0
280
     1
281
     0
  0
BLOCK_RECORD
  5
85E
330
1
100
AcDbSymbolTableRecord
100
AcDbBlockTableRecord
  2
*D46
340
0
 70
     0
280
     1
281
     0
  0
BLOCK_RECORD
  5
952
330
1
100
AcDbSymbolTableRecord
100
AcDbBlockTableRecord
  2
*D47
340
0
 70
     0
280
     1
281
     0
  0
BLOCK_RECORD
  5
95E
330
1
100
AcDbSymbolTableRecord
100
AcDbBlockTableRecord
  2
*D48
340
0
 70
     0
280
     1
281
     0
  0
BLOCK_RECORD
  5
96B
330
1
100
AcDbSymbolTableRecord
100
AcDbBlockTableRecord
  2
*D49
340
0
 70
     0
280
     1
281
     0
  0
BLOCK_RECORD
  5
977
330
1
100
AcDbSymbolTableRecord
100
AcDbBlockTableRecord
  2
*D50
340
0
 70
     0
280
     1
281
     0
  0
BLOCK_RECORD
  5
984
330
1
100
AcDbSymbolTableRecord
100
AcDbBlockTableRecord
  2
*D51
340
0
 70
     0
280
     1
281
     0
  0
BLOCK_RECORD
  5
990
330
1
100
AcDbSymbolTableRecord
100
AcDbBlockTableRecord
  2
*D52
340
0
 70
     0
280
     1
281
     0
  0
BLOCK_RECORD
  5
99B
330
1
100
AcDbSymbolTableRecord
100
AcDbBlockTableRecord
  2
*D53
340
0
 70
     0
280
     1
281
     0
  0
BLOCK_RECORD
  5
9A7
330
1
100
AcDbSymbolTableRecord
100
AcDbBlockTableRecord
  2
*D54
340
0
 70
     0
280
     1
281
     0
  0
BLOCK_RECORD
  5
9B3
330
1
100
AcDbSymbolTableRecord
100
AcDbBlockTableRecord
  2
*D55
340
0
 70
     0
280
     1
281
     0
  0
BLOCK_RECORD
  5
9BF
330
1
100
AcDbSymbolTableRecord
100
AcDbBlockTableRecord
  2
*D56
340
0
 70
     0
280
     1
281
     0
  0
BLOCK_RECORD
  5
9CC
330
1
100
AcDbSymbolTableRecord
100
AcDbBlockTableRecord
  2
*D57
340
0
 70
     0
280
     1
281
     0
  0
BLOCK_RECORD
  5
9D9
330
1
100
AcDbSymbolTableRecord
100
AcDbBlockTableRecord
  2
*D58
340
0
 70
     0
280
     1
281
     0
  0
BLOCK_RECORD
  5
A5F
330
1
100
AcDbSymbolTableRecord
100
AcDbBlockTableRecord
  2
*U59
340
0
 70
     0
280
     1
281
     0
  0
BLOCK_RECORD
  5
A72
330
1
100
AcDbSymbolTableRecord
100
AcDbBlockTableRecord
  2
*U60
340
0
 70
     0
280
     1
281
     0
  0
BLOCK_RECORD
  5
B43
330
1
100
AcDbSymbolTableRecord
100
AcDbBlockTableRecord
  2
*D61
340
0
 70
     0
280
     1
281
     0
  0
BLOCK_RECORD
  5
B4D
330
1
100
AcDbSymbolTableRecord
100
AcDbBlockTableRecord
  2
*D62
340
0
 70
     0
280
     1
281
     0
  0
BLOCK_RECORD
  5
BDD
330
1
100
AcDbSymbolTableRecord
100
AcDbBlockTableRecord
  2
*D63
340
0
 70
     0
280
     1
281
     0
  0
BLOCK_RECORD
  5
BE9
330
1
100
AcDbSymbolTableRecord
100
AcDbBlockTableRecord
  2
*D64
340
0
 70
     0
280
     1
281
     0
  0
BLOCK_RECORD
  5
D84
330
1
100
AcDbSymbolTableRecord
100
AcDbBlockTableRecord
  2
*D65
340
0
 70
     0
280
     1
281
     0
  0
BLOCK_RECORD
  5
DAB
330
1
100
AcDbSymbolTableRecord
100
AcDbBlockTableRecord
  2
*U66
340
0
 70
     0
280
     1
281
     0
  0
BLOCK_RECORD
  5
DBA
330
1
100
AcDbSymbolTableRecord
100
AcDbBlockTableRecord
  2
*U67
340
0
 70
     0
280
     1
281
     0
  0
BLOCK_RECORD
  5
DC9
330
1
100
AcDbSymbolTableRecord
100
AcDbBlockTableRecord
  2
*U68
340
0
 70
     0
280
     1
281
     0
  0
BLOCK_RECORD
  5
DD8
330
1
100
AcDbSymbolTableRecord
100
AcDbBlockTableRecord
  2
*U69
340
0
 70
     0
280
     1
281
     0
  0
BLOCK_RECORD
  5
DE7
330
1
100
AcDbSymbolTableRecord
100
AcDbBlockTableRecord
  2
*U70
340
0
 70
     0
280
     1
281
     0
  0
BLOCK_RECORD
  5
DF6
330
1
100
AcDbSymbolTableRecord
100
AcDbBlockTableRecord
  2
*U71
340
0
 70
     0
280
     1
281
     0
  0
BLOCK_RECORD
  5
E05
330
1
100
AcDbSymbolTableRecord
100
AcDbBlockTableRecord
  2
*U72
340
0
 70
     0
280
     1
281
     0
  0
BLOCK_RECORD
  5
E14
330
1
100
AcDbSymbolTableRecord
100
AcDbBlockTableRecord
  2
*U73
340
0
 70
     0
280
     1
281
     0
  0
BLOCK_RECORD
  5
E23
330
1
100
AcDbSymbolTableRecord
100
AcDbBlockTableRecord
  2
*U74
340
0
 70
     0
280
     1
281
     0
  0
BLOCK_RECORD
  5
E40
330
1
100
AcDbSymbolTableRecord
100
AcDbBlockTableRecord
  2
*U75
340
0
 70
     0
280
     1
281
     0
  0
BLOCK_RECORD
  5
E4C
330
1
100
AcDbSymbolTableRecord
100
AcDbBlockTableRecord
  2
*U76
340
0
 70
     0
280
     1
281
     0
  0
BLOCK_RECORD
  5
E58
330
1
100
AcDbSymbolTableRecord
100
AcDbBlockTableRecord
  2
*U77
340
0
 70
     0
280
     1
281
     0
  0
BLOCK_RECORD
  5
E64
330
1
100
AcDbSymbolTableRecord
100
AcDbBlockTableRecord
  2
*U78
340
0
 70
     0
280
     1
281
     0
  0
BLOCK_RECORD
  5
E6C
330
1
100
AcDbSymbolTableRecord
100
AcDbBlockTableRecord
  2
*D79
340
0
 70
     0
280
     1
281
     0
  0
BLOCK_RECORD
  5
E83
330
1
100
AcDbSymbolTableRecord
100
AcDbBlockTableRecord
  2
*D80
340
0
 70
     0
280
     1
281
     0
  0
BLOCK_RECORD
  5
E9A
330
1
100
AcDbSymbolTableRecord
100
AcDbBlockTableRecord
  2
*D81
340
0
 70
     0
280
     1
281
     0
  0
BLOCK_RECORD
  5
ED5
330
1
100
AcDbSymbolTableRecord
100
AcDbBlockTableRecord
  2
*D82
340
0
 70
     0
280
     1
281
     0
  0
BLOCK_RECORD
  5
EEC
330
1
100
AcDbSymbolTableRecord
100
AcDbBlockTableRecord
  2
*D83
340
0
 70
     0
280
     1
281
     0
  0
BLOCK_RECORD
  5
F16
330
1
100
AcDbSymbolTableRecord
100
AcDbBlockTableRecord
  2
*D84
340
0
 70
     0
280
     1
281
     0
  0
BLOCK_RECORD
  5
FC2
330
1
100
AcDbSymbolTableRecord
100
AcDbBlockTableRecord
  2
*D85
340
0
 70
     0
280
     1
281
     0
  0
BLOCK_RECORD
  5
FCE
330
1
100
AcDbSymbolTableRecord
100
AcDbBlockTableRecord
  2
*D86
340
0
 70
     0
280
     1
281
     0
  0
BLOCK_RECORD
  5
FD8
330
1
100
AcDbSymbolTableRecord
100
AcDbBlockTableRecord
  2
*D87
340
0
 70
     0
280
     1
281
     0
  0
BLOCK_RECORD
  5
FE4
330
1
100
AcDbSymbolTableRecord
100
AcDbBlockTableRecord
  2
A$C8b313bd9
340
0
 70
     4
280
     1
281
     0
  0
BLOCK_RECORD
  5
10DC
330
1
100
AcDbSymbolTableRecord
100
AcDbBlockTableRecord
  2
*D89
340
0
 70
     0
280
     1
281
     0
  0
BLOCK_RECORD
  5
10E8
330
1
100
AcDbSymbolTableRecord
100
AcDbBlockTableRecord
  2
*D90
340
0
 70
     0
280
     1
281
     0
  0
BLOCK_RECORD
  5
10F2
330
1
100
AcDbSymbolTableRecord
100
AcDbBlockTableRecord
  2
*D91
340
0
 70
     0
280
     1
281
     0
  0
BLOCK_RECORD
  5
114C
330
1
100
AcDbSymbolTableRecord
100
AcDbBlockTableRecord
  2
*D92
340
0
 70
     0
280
     1
281
     0
  0
BLOCK_RECORD
  5
1158
330
1
100
AcDbSymbolTableRecord
100
AcDbBlockTableRecord
  2
*D93
340
0
 70
     0
280
     1
281
     0
  0
BLOCK_RECORD
  5
1164
330
1
100
AcDbSymbolTableRecord
100
AcDbBlockTableRecord
  2
*D94
340
0
 70
     0
280
     1
281
     0
  0
BLOCK_RECORD
  5
1498
330
1
100
AcDbSymbolTableRecord
100
AcDbBlockTableRecord
  2
*D95
340
0
 70
     0
280
     1
281
     0
  0
BLOCK_RECORD
  5
14B2
330
1
100
AcDbSymbolTableRecord
100
AcDbBlockTableRecord
  2
*D96
340
0
 70
     0
280
     1
281
     0
  0
BLOCK_RECORD
  5
14DF
330
1
100
AcDbSymbolTableRecord
100
AcDbBlockTableRecord
  2
*D97
340
0
 70
     0
280
     1
281
     0
  0
BLOCK_RECORD
  5
1507
330
1
100
AcDbSymbolTableRecord
100
AcDbBlockTableRecord
  2
*D98
340
0
 70
     0
280
     1
281
     0
  0
BLOCK_RECORD
  5
1521
330
1
100
AcDbSymbolTableRecord
100
AcDbBlockTableRecord
  2
*D99
340
0
 70
     0
280
     1
281
     0
  0
BLOCK_RECORD
  5
153B
330
1
100
AcDbSymbolTableRecord
100
AcDbBlockTableRecord
  2
*D100
340
0
 70
     0
280
     1
281
     0
  0
BLOCK_RECORD
  5
1908
330
1
100
AcDbSymbolTableRecord
100
AcDbBlockTableRecord
  2
*D101
340
0
 70
     0
280
     1
281
     0
  0
BLOCK_RECORD
  5
1914
330
1
100
AcDbSymbolTableRecord
100
AcDbBlockTableRecord
  2
*D102
340
0
 70
     0
280
     1
281
     0
  0
BLOCK_RECORD
  5
1920
330
1
100
AcDbSymbolTableRecord
100
AcDbBlockTableRecord
  2
*D103
340
0
 70
     0
280
     1
281
     0
  0
BLOCK_RECORD
  5
194B
330
1
100
AcDbSymbolTableRecord
100
AcDbBlockTableRecord
  2
*D104
340
0
 70
     0
280
     1
281
     0
  0
BLOCK_RECORD
  5
1958
330
1
100
AcDbSymbolTableRecord
100
AcDbBlockTableRecord
  2
*D105
340
0
 70
     0
280
     1
281
     0
  0
BLOCK_RECORD
  5
1964
330
1
100
AcDbSymbolTableRecord
100
AcDbBlockTableRecord
  2
*D106
340
0
 70
     0
280
     1
281
     0
  0
BLOCK_RECORD
  5
1971
330
1
100
AcDbSymbolTableRecord
100
AcDbBlockTableRecord
  2
*D107
340
0
 70
     0
280
     1
281
     0
  0
BLOCK_RECORD
  5
197D
330
1
100
AcDbSymbolTableRecord
100
AcDbBlockTableRecord
  2
*D108
340
0
 70
     0
280
     1
281
     0
  0
BLOCK_RECORD
  5
1989
330
1
100
AcDbSymbolTableRecord
100
AcDbBlockTableRecord
  2
*D109
340
0
 70
     0
280
     1
281
     0
  0
BLOCK_RECORD
  5
1DC9
330
1
100
AcDbSymbolTableRecord
100
AcDbBlockTableRecord
  2
*D110
340
0
 70
     0
280
     1
281
     0
  0
BLOCK_RECORD
  5
1DE3
330
1
100
AcDbSymbolTableRecord
100
AcDbBlockTableRecord
  2
*D111
340
0
 70
     0
280
     1
281
     0
  0
BLOCK_RECORD
  5
1DFD
330
1
100
AcDbSymbolTableRecord
100
AcDbBlockTableRecord
  2
*D112
340
0
 70
     0
280
     1
281
     0
  0
BLOCK_RECORD
  5
20D6
330
1
100
AcDbSymbolTableRecord
100
AcDbBlockTableRecord
  2
*U113
340
0
102
{BLKREFS
331
1FAB
102
}
 70
     0
280
     1
281
     0
  0
BLOCK_RECORD
  5
20E3
330
1
100
AcDbSymbolTableRecord
100
AcDbBlockTableRecord
  2
*U114
340
0
102
{BLKREFS
331
1FAC
102
}
 70
     0
280
     1
281
     0
  0
BLOCK_RECORD
  5
20F0
330
1
100
AcDbSymbolTableRecord
100
AcDbBlockTableRecord
  2
*U115
340
0
102
{BLKREFS
331
1FAD
102
}
 70
     0
280
     1
281
     0
  0
BLOCK_RECORD
  5
20FD
330
1
100
AcDbSymbolTableRecord
100
AcDbBlockTableRecord
  2
*U116
340
0
102
{BLKREFS
331
1FAE
102
}
 70
     0
280
     1
281
     0
  0
BLOCK_RECORD
  5
210A
330
1
100
AcDbSymbolTableRecord
100
AcDbBlockTableRecord
  2
*U117
340
0
102
{BLKREFS
331
1FAF
102
}
 70
     0
280
     1
281
     0
  0
BLOCK_RECORD
  5
2117
330
1
100
AcDbSymbolTableRecord
100
AcDbBlockTableRecord
  2
*U118
340
0
102
{BLKREFS
331
1FB0
102
}
 70
     0
280
     1
281
     0
  0
BLOCK_RECORD
  5
213B
330
1
100
AcDbSymbolTableRecord
100
AcDbBlockTableRecord
  2
*U119
340
0
102
{BLKREFS
331
1FA6
102
}
 70
     0
280
     1
281
     0
  0
BLOCK_RECORD
  5
213F
330
1
100
AcDbSymbolTableRecord
100
AcDbBlockTableRecord
  2
*U120
340
0
102
{BLKREFS
331
1FA7
102
}
 70
     0
280
     1
281
     0
  0
BLOCK_RECORD
  5
215E
330
1
100
AcDbSymbolTableRecord
100
AcDbBlockTableRecord
  2
*U121
340
0
102
{BLKREFS
331
1FAA
102
}
 70
     0
280
     1
281
     0
  0
BLOCK_RECORD
  5
21D5
330
1
100
AcDbSymbolTableRecord
100
AcDbBlockTableRecord
  2
*D122
340
0
 70
     0
280
     1
281
     0
  0
BLOCK_RECORD
  5
21E1
330
1
100
AcDbSymbolTableRecord
100
AcDbBlockTableRecord
  2
*D123
340
0
 70
     0
280
     1
281
     0
  0
BLOCK_RECORD
  5
21ED
330
1
100
AcDbSymbolTableRecord
100
AcDbBlockTableRecord
  2
*D124
340
0
 70
     0
280
     1
281
     0
  0
BLOCK_RECORD
  5
21FC
330
1
100
AcDbSymbolTableRecord
100
AcDbBlockTableRecord
  2
*D125
340
0
 70
     0
280
     1
281
     0
  0
BLOCK_RECORD
  5
2208
330
1
100
AcDbSymbolTableRecord
100
AcDbBlockTableRecord
  2
*D126
340
0
 70
     0
280
     1
281
     0
  0
BLOCK_RECORD
  5
2215
330
1
100
AcDbSymbolTableRecord
100
AcDbBlockTableRecord
  2
*D127
340
0
 70
     0
280
     1
281
     0
  0
BLOCK_RECORD
  5
2222
330
1
100
AcDbSymbolTableRecord
100
AcDbBlockTableRecord
  2
*D128
340
0
 70
     0
280
     1
281
     0
  0
BLOCK_RECORD
  5
222E
330
1
100
AcDbSymbolTableRecord
100
AcDbBlockTableRecord
  2
*D129
340
0
 70
     0
280
     1
281
     0
  0
BLOCK_RECORD
  5
223A
330
1
100
AcDbSymbolTableRecord
100
AcDbBlockTableRecord
  2
*D130
340
0
 70
     0
280
     1
281
     0
  0
BLOCK_RECORD
  5
22A3
330
1
100
AcDbSymbolTableRecord
100
AcDbBlockTableRecord
  2
*U131
340
0
102
{BLKREFS
331
2286
102
}
 70
     0
280
     1
281
     0
  0
BLOCK_RECORD
  5
22A7
330
1
100
AcDbSymbolTableRecord
100
AcDbBlockTableRecord
  2
*U132
340
0
102
{BLKREFS
331
2287
102
}
 70
     0
280
     1
281
     0
  0
BLOCK_RECORD
  5
22AF
330
1
100
AcDbSymbolTableRecord
100
AcDbBlockTableRecord
  2
*U133
340
0
102
{BLKREFS
331
2288
102
}
 70
     0
280
     1
281
     0
  0
BLOCK_RECORD
  5
22BC
330
1
100
AcDbSymbolTableRecord
100
AcDbBlockTableRecord
  2
*U134
340
0
102
{BLKREFS
331
2289
102
}
 70
     0
280
     1
281
     0
  0
BLOCK_RECORD
  5
22C7
330
1
100
AcDbSymbolTableRecord
100
AcDbBlockTableRecord
  2
*D135
340
0
 70
     0
280
     1
281
     0
  0
BLOCK_RECORD
  5
22D3
330
1
100
AcDbSymbolTableRecord
100
AcDbBlockTableRecord
  2
*D136
340
0
 70
     0
280
     1
281
     0
  0
BLOCK_RECORD
  5
22DF
330
1
100
AcDbSymbolTableRecord
100
AcDbBlockTableRecord
  2
*D137
340
0
 70
     0
280
     1
281
     0
  0
BLOCK_RECORD
  5
23ED
330
1
100
AcDbSymbolTableRecord
100
AcDbBlockTableRecord
  2
*U138
340
0
 70
     0
280
     1
281
     0
  0
BLOCK_RECORD
  5
23FD
330
1
100
AcDbSymbolTableRecord
100
AcDbBlockTableRecord
  2
*U139
340
0
 70
     0
280
     1
281
     0
  0
BLOCK_RECORD
  5
2401
330
1
100
AcDbSymbolTableRecord
100
AcDbBlockTableRecord
  2
*U140
340
0
 70
     0
280
     1
281
     0
  0
BLOCK_RECORD
  5
240C
330
1
100
AcDbSymbolTableRecord
100
AcDbBlockTableRecord
  2
*U141
340
0
 70
     0
280
     1
281
     0
  0
BLOCK_RECORD
  5
2414
330
1
100
AcDbSymbolTableRecord
100
AcDbBlockTableRecord
  2
*U142
340
0
 70
     0
280
     1
281
     0
  0
BLOCK_RECORD
  5
2422
330
1
100
AcDbSymbolTableRecord
100
AcDbBlockTableRecord
  2
*U143
340
0
 70
     0
280
     1
281
     0
  0
BLOCK_RECORD
  5
242A
330
1
100
AcDbSymbolTableRecord
100
AcDbBlockTableRecord
  2
*U144
340
0
 70
     0
280
     1
281
     0
  0
BLOCK_RECORD
  5
2438
330
1
100
AcDbSymbolTableRecord
100
AcDbBlockTableRecord
  2
*U145
340
0
 70
     0
280
     1
281
     0
  0
BLOCK_RECORD
  5
2440
330
1
100
AcDbSymbolTableRecord
100
AcDbBlockTableRecord
  2
*U146
340
0
 70
     0
280
     1
281
     0
  0
BLOCK_RECORD
  5
244E
330
1
100
AcDbSymbolTableRecord
100
AcDbBlockTableRecord
  2
*U147
340
0
 70
     0
280
     1
281
     0
  0
BLOCK_RECORD
  5
245F
330
1
100
AcDbSymbolTableRecord
100
AcDbBlockTableRecord
  2
*D148
340
0
 70
     0
280
     1
281
     0
  0
BLOCK_RECORD
  5
246B
330
1
100
AcDbSymbolTableRecord
100
AcDbBlockTableRecord
  2
*D149
340
0
 70
     0
280
     1
281
     0
  0
BLOCK_RECORD
  5
2477
330
1
100
AcDbSymbolTableRecord
100
AcDbBlockTableRecord
  2
*D150
340
0
 70
     0
280
     1
281
     0
  0
BLOCK_RECORD
  5
26A3
330
1
100
AcDbSymbolTableRecord
100
AcDbBlockTableRecord
  2
*U153
340
0
102
{BLKREFS
331
26A6
102
}
 70
     0
280
     1
281
     0
  0
BLOCK_RECORD
  5
26B2
330
1
100
AcDbSymbolTableRecord
100
AcDbBlockTableRecord
  2
*U154
340
0
102
{BLKREFS
331
26B5
102
}
 70
     0
280
     1
281
     0
  0
BLOCK_RECORD
  5
26C1
330
1
100
AcDbSymbolTableRecord
100
AcDbBlockTableRecord
  2
*U155
340
0
102
{BLKREFS
331
26C4
102
}
 70
     0
280
     1
281
     0
  0
BLOCK_RECORD
  5
26D0
330
1
100
AcDbSymbolTableRecord
100
AcDbBlockTableRecord
  2
*U156
340
0
102
{BLKREFS
331
26D3
102
}
 70
     0
280
     1
281
     0
  0
BLOCK_RECORD
  5
26DF
330
1
100
AcDbSymbolTableRecord
100
AcDbBlockTableRecord
  2
*U157
340
0
102
{BLKREFS
331
26E2
102
}
 70
     0
280
     1
281
     0
  0
BLOCK_RECORD
  5
26EE
330
1
100
AcDbSymbolTableRecord
100
AcDbBlockTableRecord
  2
*U158
340
0
102
{BLKREFS
331
26F1
102
}
 70
     0
280
     1
281
     0
  0
BLOCK_RECORD
  5
26FF
330
1
100
AcDbSymbolTableRecord
100
AcDbBlockTableRecord
  2
*U159
340
0
102
{BLKREFS
331
2702
102
}
 70
     0
280
     1
281
     0
  0
BLOCK_RECORD
  5
270B
330
1
100
AcDbSymbolTableRecord
100
AcDbBlockTableRecord
  2
*U160
340
0
102
{BLKREFS
331
270E
102
}
 70
     0
280
     1
281
     0
  0
BLOCK_RECORD
  5
2712
330
1
100
AcDbSymbolTableRecord
100
AcDbBlockTableRecord
  2
*D161
340
0
 70
     0
280
     1
281
     0
  0
BLOCK_RECORD
  5
272C
330
1
100
AcDbSymbolTableRecord
100
AcDbBlockTableRecord
  2
*D162
340
0
 70
     0
280
     1
281
     0
  0
BLOCK_RECORD
  5
2746
330
1
100
AcDbSymbolTableRecord
100
AcDbBlockTableRecord
  2
*D163
340
0
 70
     0
280
     1
281
     0
  0
ENDTAB
  0
ENDSEC
  0
SECTION
  2
BLOCKS
  0
BLOCK
  5
20
330
20B
100
AcDbEntity
  8
0
100
AcDbBlockBegin
  2
*Model_Space
 70
     0
 10
0.0
 20
0.0
 30
0.0
  3
*Model_Space
  1

  0
ENDBLK
  5
21
330
20B
100
AcDbEntity
  8
0
100
AcDbBlockEnd
  0
BLOCK
  5
1C
330
20C
100
AcDbEntity
 67
     1
  8
0
100
AcDbBlockBegin
  2
*Paper_Space
 70
     0
 10
0.0
 20
0.0
 30
0.0
  3
*Paper_Space
  1

  0
ENDBLK
  5
1D
330
20C
100
AcDbEntity
 67
     1
  8
0
100
AcDbBlockEnd
  0
BLOCK
  5
220
330
20D
100
AcDbEntity
  8
0
100
AcDbBlockBegin
  2
_FILLED
 70
     0
 10
0.0
 20
0.0
 30
0.0
  3
_FILLED
  1

  0
SOLID
  5
221
330
20D
100
AcDbEntity
  8
0
  6
ByBlock
 62
     0
100
AcDbTrace
 10
0.0
 20
0.0
 30
0.0
 11
-1.0
 21
0.2142857143
 31
0.0
 12
-1.0
 22
-0.2142857143
 32
0.0
 13
-1.0
 23
-0.2142857143
 33
0.0
  0
ENDBLK
  5
222
330
20D
100
AcDbEntity
  8
0
  6
ByBlock
 62
     0
100
AcDbBlockEnd
  0
BLOCK
  5
223
330
20E
100
AcDbEntity
  8
0
  6
Continuous
 62
     2
100
AcDbBlockBegin
  2
*D1
 70
     1
 10
0.0
 20
0.0
 30
0.0
  3
*D1
  1

  0
MTEXT
  5
224
330
20E
100
AcDbEntity
  8
0
  6
Continuous
 62
     2
440
 16777216
100
AcDbMText
 10
830.4766334744
 20
111.4419349331
 30
0.0
 40
3.5
 41
12.712
 46
0.0
 71
     2
 72
     1
  1
390,55
 11
0.0
 21
1.0
 31
0.0
 73
     2
 44
0.9
  0
LINE
  5
225
330
20E
100
AcDbEntity
  8
0
  6
Continuous
 62
     2
440
 16777216
100
AcDbLine
 10
868.3835228519997
 20
324.339966322
 30
0.0
 11
833.3516334744
 21
324.339966322
 31
0.0
  0
LINE
  5
226
330
20E
100
AcDbEntity
  8
0
  6
Continuous
 62
     2
440
 16777216
100
AcDbLine
 10
874.383522852
 20
-66.21003641119999
 30
0.0
 11
833.3516334744
 21
-66.21003641119999
 31
0.0
  0
LINE
  5
227
330
20E
100
AcDbEntity
  8
0
  6
Continuous
 62
     2
440
 16777216
100
AcDbLine
 10
834.8516334744001
 20
324.339966322
 30
0.0
 11
834.8516334744001
 21
129.0649649554
 31
0.0
  0
LINE
  5
228
330
20E
100
AcDbEntity
  8
0
  6
Continuous
 62
     2
440
 16777216
100
AcDbLine
 10
834.8516334744001
 20
-66.21003641119999
 30
0.0
 11
834.8516334744001
 21
129.0649649554
 31
0.0
  0
INSERT
  5
229
330
20E
100
AcDbEntity
  8
0
  6
Continuous
 62
     2
440
 16777216
100
AcDbBlockReference
  2
_FILLED
 10
834.8516334744001
 20
324.339966322
 30
0.0
 41
3.5
 42
3.5
 43
3.5
 50
90.0
  0
INSERT
  5
22A
330
20E
100
AcDbEntity
  8
0
  6
Continuous
 62
     2
440
 16777216
100
AcDbBlockReference
  2
_FILLED
 10
834.8516334744001
 20
-66.21003641119999
 30
0.0
 41
3.5
 42
3.5
 43
3.5
 50
270.0
  0
ENDBLK
  5
22B
330
20E
100
AcDbEntity
  8
0
  6
ByBlock
 62
     0
100
AcDbBlockEnd
  0
BLOCK
  5
22C
330
20F
100
AcDbEntity
  8
0
  6
Continuous
 62
     2
100
AcDbBlockBegin
  2
*D2
 70
     1
 10
0.0
 20
0.0
 30
0.0
  3
*D2
  1

  0
MTEXT
  5
22D
330
20F
100
AcDbEntity
  8
0
  6
Continuous
 62
     2
440
 16777216
100
AcDbMText
 10
915.2828073515999
 20
-85.68136908739999
 30
0.0
 40
3.5
 41
4.703999999999997
 46
0.0
 71
     1
 72
     1
  1
20
 73
     2
 44
0.9
  0
LINE
  5
22E
330
20F
100
AcDbEntity
  8
0
  6
Continuous
 62
     2
440
 16777216
100
AcDbLine
 10
874.383522852
 20
-66.21003641119999
 30
0.0
 11
874.383522852
 21
-91.5563690874
 31
0.0
  0
LINE
  5
22F
330
20F
100
AcDbEntity
  8
0
  6
Continuous
 62
     2
440
 16777216
100
AcDbLine
 10
894.3835228519999
 20
-66.21003641119999
 30
0.0
 11
894.3835228519999
 21
-91.5563690874
 31
0.0
  0
LINE
  5
230
330
20F
100
AcDbEntity
  8
0
  6
Continuous
 62
     2
440
 16777216
100
AcDbLine
 10
874.383522852
 20
-90.05636908739996
 30
0.0
 11
869.3835228519999
 21
-90.05636908739996
 31
0.0
  0
LINE
  5
231
330
20F
100
AcDbEntity
  8
0
  6
Continuous
 62
     2
440
 16777216
100
AcDbLine
 10
869.3835228519999
 20
-90.05636908739996
 30
0.0
 11
884.3835228519997
 21
-90.05636908739996
 31
0.0
  0
LINE
  5
232
330
20F
100
AcDbEntity
  8
0
  6
Continuous
 62
     2
440
 16777216
100
AcDbLine
 10
894.3835228519999
 20
-90.05636908739996
 30
0.0
 11
919.9868073516
 21
-90.05636908739996
 31
0.0
  0
LINE
  5
233
330
20F
100
AcDbEntity
  8
0
  6
Continuous
 62
     2
440
 16777216
100
AcDbLine
 10
919.9868073516
 20
-90.05636908739996
 30
0.0
 11
884.3835228519997
 21
-90.05636908739996
 31
0.0
  0
INSERT
  5
234
330
20F
100
AcDbEntity
  8
0
  6
Continuous
 62
     2
440
 16777216
100
AcDbBlockReference
  2
_FILLED
 10
874.383522852
 20
-90.05636908739996
 30
0.0
 41
3.5
 42
3.5
 43
3.5
  0
INSERT
  5
235
330
20F
100
AcDbEntity
  8
0
  6
Continuous
 62
     2
440
 16777216
100
AcDbBlockReference
  2
_FILLED
 10
894.3835228519999
 20
-90.05636908739996
 30
0.0
 41
3.5
 42
3.5
 43
3.5
 50
180.0
  0
ENDBLK
  5
236
330
20F
100
AcDbEntity
  8
0
  6
ByBlock
 62
     0
100
AcDbBlockEnd
  0
BLOCK
  5
237
330
210
100
AcDbEntity
  8
0
  6
Continuous
 62
     2
100
AcDbBlockBegin
  2
*D3
 70
     1
 10
0.0
 20
0.0
 30
0.0
  3
*D3
  1

  0
MTEXT
  5
238
330
210
100
AcDbEntity
  8
0
  6
Continuous
 62
     2
440
 16777216
100
AcDbMText
 10
910.8153083374
 20
-42.2963527257
 30
0.0
 40
3.5
 41
13.8998915663
 46
0.0
 71
     1
 72
     1
  1
3-\fSymbol_ISO;{\W1.0;⌀}\fIsonorm LT Regular;6
 73
     2
 44
0.9
  0
LINE
  5
239
330
210
100
AcDbEntity
  8
0
  6
Continuous
 62
     2
440
 16777216
100
AcDbLine
 10
887.0039397422001
 20
-56.5994175913
 30
0.0
 11
904.8153083374002
 21
-46.67135272569999
 31
0.0
  0
LINE
  5
23A
330
210
100
AcDbEntity
  8
0
  6
Continuous
 62
     2
440
 16777216
100
AcDbLine
 10
904.8153083374002
 20
-46.67135272569999
 30
0.0
 11
906.6153083374
 21
-46.67135272569999
 31
0.0
  0
LINE
  5
23B
330
210
100
AcDbEntity
  8
0
  6
Continuous
 62
     2
440
 16777216
100
AcDbLine
 10
906.6153083374
 20
-46.67135272569999
 30
0.0
 11
924.2819027149
 21
-46.67135272569999
 31
0.0
  0
INSERT
  5
23C
330
210
100
AcDbEntity
  8
0
  6
Continuous
 62
     2
440
 16777216
100
AcDbBlockReference
  2
_FILLED
 10
887.0039397422001
 20
-56.5994175913
 30
0.0
 41
3.5
 42
3.5
 43
3.5
 50
209.1353151407
  0
ENDBLK
  5
23D
330
210
100
AcDbEntity
  8
0
  6
ByBlock
 62
     0
100
AcDbBlockEnd
  0
BLOCK
  5
23E
330
211
100
AcDbEntity
  8
0
  6
Continuous
 62
     2
100
AcDbBlockBegin
  2
*D4
 70
     1
 10
0.0
 20
0.0
 30
0.0
  3
*D4
  1

  0
MTEXT
  5
23F
330
211
100
AcDbEntity
  8
0
  6
Continuous
 62
     2
440
 16777216
100
AcDbMText
 10
855.8064139648999
 20
-29.81004433
 30
0.0
 40
3.5
 41
10.36
 46
0.0
 71
     2
 72
     1
  1
68,15
 11
0.0
 21
1.0
 31
0.0
 73
     2
 44
0.9
  0
LINE
  5
240
330
211
100
AcDbEntity
  8
0
  6
Continuous
 62
     2
440
 16777216
100
AcDbLine
 10
874.383522852
 20
-66.21003641119999
 30
0.0
 11
858.6814139649
 21
-66.21003641119999
 31
0.0
  0
LINE
  5
241
330
211
100
AcDbEntity
  8
0
  6
Continuous
 62
     2
440
 16777216
100
AcDbLine
 10
880.3835228519998
 20
1.9399608555
 30
0.0
 11
858.6814139649
 21
1.9399608555
 31
0.0
  0
LINE
  5
242
330
211
100
AcDbEntity
  8
0
  6
Continuous
 62
     2
440
 16777216
100
AcDbLine
 10
860.1814139649
 20
-66.21003641119999
 30
0.0
 11
860.1814139649
 21
-32.1350377778
 31
0.0
  0
LINE
  5
243
330
211
100
AcDbEntity
  8
0
  6
Continuous
 62
     2
440
 16777216
100
AcDbLine
 10
860.1814139649
 20
1.9399608555
 30
0.0
 11
860.1814139649
 21
-32.1350377778
 31
0.0
  0
INSERT
  5
244
330
211
100
AcDbEntity
  8
0
  6
Continuous
 62
     2
440
 16777216
100
AcDbBlockReference
  2
_FILLED
 10
860.1814139649
 20
-66.21003641119999
 30
0.0
 41
3.5
 42
3.5
 43
3.5
 50
270.0
  0
INSERT
  5
245
330
211
100
AcDbEntity
  8
0
  6
Continuous
 62
     2
440
 16777216
100
AcDbBlockReference
  2
_FILLED
 10
860.1814139649
 20
1.9399608555
 30
0.0
 41
3.5
 42
3.5
 43
3.5
 50
90.0
  0
ENDBLK
  5
246
330
211
100
AcDbEntity
  8
0
  6
ByBlock
 62
     0
100
AcDbBlockEnd
  0
BLOCK
  5
247
330
212
100
AcDbEntity
  8
0
  6
Continuous
 62
     2
100
AcDbBlockBegin
  2
*D5
 70
     1
 10
0.0
 20
0.0
 30
0.0
  3
*D5
  1

  0
MTEXT
  5
248
330
212
100
AcDbEntity
  8
0
  6
Continuous
 62
     2
440
 16777216
100
AcDbMText
 10
855.7170452678999
 20
32.6877076109
 30
0.0
 40
3.5
 41
4.703999999999997
 46
0.0
 71
     2
 72
     1
  1
60
 11
0.0
 21
1.0
 31
0.0
 73
     2
 44
0.9
  0
LINE
  5
249
330
212
100
AcDbEntity
  8
0
  6
Continuous
 62
     2
440
 16777216
100
AcDbLine
 10
880.3835228519998
 20
1.9399608555
 30
0.0
 11
858.5920452678999
 21
1.9399608555
 31
0.0
  0
LINE
  5
24A
330
212
100
AcDbEntity
  8
0
  6
Continuous
 62
     2
440
 16777216
100
AcDbLine
 10
880.3835228519998
 20
61.93996085550001
 30
0.0
 11
858.5920452678999
 21
61.93996085550001
 31
0.0
  0
LINE
  5
24B
330
212
100
AcDbEntity
  8
0
  6
Continuous
 62
     2
440
 16777216
100
AcDbLine
 10
860.0920452679
 20
1.9399608555
 30
0.0
 11
860.0920452679
 21
31.9399608555
 31
0.0
  0
LINE
  5
24C
330
212
100
AcDbEntity
  8
0
  6
Continuous
 62
     2
440
 16777216
100
AcDbLine
 10
860.0920452679
 20
61.93996085550001
 30
0.0
 11
860.0920452679
 21
31.9399608555
 31
0.0
  0
INSERT
  5
24D
330
212
100
AcDbEntity
  8
0
  6
Continuous
 62
     2
440
 16777216
100
AcDbBlockReference
  2
_FILLED
 10
860.0920452679
 20
1.9399608555
 30
0.0
 41
3.5
 42
3.5
 43
3.5
 50
270.0
  0
INSERT
  5
24E
330
212
100
AcDbEntity
  8
0
  6
Continuous
 62
     2
440
 16777216
100
AcDbBlockReference
  2
_FILLED
 10
860.0920452679
 20
61.93996085550001
 30
0.0
 41
3.5
 42
3.5
 43
3.5
 50
90.0
  0
ENDBLK
  5
24F
330
212
100
AcDbEntity
  8
0
  6
ByBlock
 62
     0
100
AcDbBlockEnd
  0
BLOCK
  5
250
330
213
100
AcDbEntity
  8
0
  6
Continuous
 62
     2
100
AcDbBlockBegin
  2
*D6
 70
     1
 10
0.0
 20
0.0
 30
0.0
  3
*D6
  1

  0
MTEXT
  5
251
330
213
100
AcDbEntity
  8
0
  6
Continuous
 62
     2
440
 16777216
100
AcDbMText
 10
883.9433272229998
 20
497.8309801386997
 30
0.0
 40
3.5
 41
4.703999999999997
 46
0.0
 71
     2
 72
     1
  1
30
 73
     2
 44
0.9
  0
LINE
  5
252
330
213
100
AcDbEntity
  8
0
  6
Continuous
 62
     2
440
 16777216
100
AcDbLine
 10
869.3835228519999
 20
481.2588246080998
 30
0.0
 11
869.3835228519999
 21
494.9559801387
 31
0.0
  0
LINE
  5
253
330
213
100
AcDbEntity
  8
0
  6
Continuous
 62
     2
440
 16777216
100
AcDbLine
 10
899.383522852
 20
481.2588246080998
 30
0.0
 11
899.383522852
 21
494.9559801387
 31
0.0
  0
LINE
  5
254
330
213
100
AcDbEntity
  8
0
  6
Continuous
 62
     2
440
 16777216
100
AcDbLine
 10
869.3835228519999
 20
493.4559801387
 30
0.0
 11
884.3835228519997
 21
493.4559801387
 31
0.0
  0
LINE
  5
255
330
213
100
AcDbEntity
  8
0
  6
Continuous
 62
     2
440
 16777216
100
AcDbLine
 10
899.383522852
 20
493.4559801387
 30
0.0
 11
884.3835228519997
 21
493.4559801387
 31
0.0
  0
INSERT
  5
256
330
213
100
AcDbEntity
  8
0
  6
Continuous
 62
     2
440
 16777216
100
AcDbBlockReference
  2
_FILLED
 10
869.3835228519999
 20
493.4559801387
 30
0.0
 41
3.5
 42
3.5
 43
3.5
 50
180.0
  0
INSERT
  5
257
330
213
100
AcDbEntity
  8
0
  6
Continuous
 62
     2
440
 16777216
100
AcDbBlockReference
  2
_FILLED
 10
899.383522852
 20
493.4559801387
 30
0.0
 41
3.5
 42
3.5
 43
3.5
  0
ENDBLK
  5
258
330
213
100
AcDbEntity
  8
0
  6
ByBlock
 62
     0
100
AcDbBlockEnd
  0
BLOCK
  5
259
330
214
100
AcDbEntity
  8
0
  6
Continuous
 62
     2
100
AcDbBlockBegin
  2
*D7
 70
     1
 10
0.0
 20
0.0
 30
0.0
  3
*D7
  1

  0
MTEXT
  5
25A
330
214
100
AcDbEntity
  8
0
  6
Continuous
 62
     2
440
 16777216
100
AcDbMText
 10
916.8179997519999
 20
470.704810998
 30
0.0
 40
3.5
 41
10.36
 46
0.0
 71
     2
 72
     1
  1
22,74
 11
0.0
 21
1.0
 31
0.0
 73
     2
 44
0.9
  0
LINE
  5
25B
330
214
100
AcDbEntity
  8
0
  6
Continuous
 62
     2
440
 16777216
100
AcDbLine
 10
899.383522852
 20
481.2588246080998
 30
0.0
 11
922.692999752
 21
481.2588246080998
 31
0.0
  0
LINE
  5
25C
330
214
100
AcDbEntity
  8
0
  6
Continuous
 62
     2
440
 16777216
100
AcDbLine
 10
899.383522852
 20
458.519116109
 30
0.0
 11
922.692999752
 21
458.519116109
 31
0.0
  0
LINE
  5
25D
330
214
100
AcDbEntity
  8
0
  6
Continuous
 62
     2
440
 16777216
100
AcDbLine
 10
921.192999752
 20
481.2588246080998
 30
0.0
 11
921.192999752
 21
486.2588246080996
 31
0.0
  0
LINE
  5
25E
330
214
100
AcDbEntity
  8
0
  6
Continuous
 62
     2
440
 16777216
100
AcDbLine
 10
921.192999752
 20
486.2588246080996
 30
0.0
 11
921.192999752
 21
469.8889703586
 31
0.0
  0
LINE
  5
25F
330
214
100
AcDbEntity
  8
0
  6
Continuous
 62
     2
440
 16777216
100
AcDbLine
 10
921.192999752
 20
458.519116109
 30
0.0
 11
921.192999752
 21
453.519116109
 31
0.0
  0
LINE
  5
260
330
214
100
AcDbEntity
  8
0
  6
Continuous
 62
     2
440
 16777216
100
AcDbLine
 10
921.192999752
 20
453.519116109
 30
0.0
 11
921.192999752
 21
469.8889703586
 31
0.0
  0
INSERT
  5
261
330
214
100
AcDbEntity
  8
0
  6
Continuous
 62
     2
440
 16777216
100
AcDbBlockReference
  2
_FILLED
 10
921.192999752
 20
481.2588246080998
 30
0.0
 41
3.5
 42
3.5
 43
3.5
 50
270.0
  0
INSERT
  5
262
330
214
100
AcDbEntity
  8
0
  6
Continuous
 62
     2
440
 16777216
100
AcDbBlockReference
  2
_FILLED
 10
921.192999752
 20
458.519116109
 30
0.0
 41
3.5
 42
3.5
 43
3.5
 50
90.0
  0
ENDBLK
  5
263
330
214
100
AcDbEntity
  8
0
  6
ByBlock
 62
     0
100
AcDbBlockEnd
  0
BLOCK
  5
264
330
215
100
AcDbEntity
  8
0
  6
Continuous
 62
     2
100
AcDbBlockBegin
  2
*D8
 70
     1
 10
0.0
 20
0.0
 30
0.0
  3
*D8
  1

  0
MTEXT
  5
265
330
215
100
AcDbEntity
  8
0
  6
Continuous
 62
     2
440
 16777216
100
AcDbMText
 10
884.2420735235
 20
490.5658267761999
 30
0.0
 40
3.5
 41
4.703999999999997
 46
0.0
 71
     2
 72
     1
  1
20
 73
     2
 44
0.9
  0
LINE
  5
266
330
215
100
AcDbEntity
  8
0
  6
Continuous
 62
     2
440
 16777216
100
AcDbLine
 10
874.383522852
 20
476.2588246081
 30
0.0
 11
874.383522852
 21
487.6908267762
 31
0.0
  0
LINE
  5
267
330
215
100
AcDbEntity
  8
0
  6
Continuous
 62
     2
440
 16777216
100
AcDbLine
 10
894.3835228519999
 20
476.2588246081
 30
0.0
 11
894.3835228519999
 21
487.6908267762
 31
0.0
  0
LINE
  5
268
330
215
100
AcDbEntity
  8
0
  6
Continuous
 62
     2
440
 16777216
100
AcDbLine
 10
874.383522852
 20
486.1908267762
 30
0.0
 11
869.3835228519999
 21
486.1908267762
 31
0.0
  0
LINE
  5
269
330
215
100
AcDbEntity
  8
0
  6
Continuous
 62
     2
440
 16777216
100
AcDbLine
 10
869.3835228519999
 20
486.1908267762
 30
0.0
 11
884.3835228519997
 21
486.1908267762
 31
0.0
  0
LINE
  5
26A
330
215
100
AcDbEntity
  8
0
  6
Continuous
 62
     2
440
 16777216
100
AcDbLine
 10
894.3835228519999
 20
486.1908267762
 30
0.0
 11
899.383522852
 21
486.1908267762
 31
0.0
  0
LINE
  5
26B
330
215
100
AcDbEntity
  8
0
  6
Continuous
 62
     2
440
 16777216
100
AcDbLine
 10
899.383522852
 20
486.1908267762
 30
0.0
 11
884.3835228519997
 21
486.1908267762
 31
0.0
  0
INSERT
  5
26C
330
215
100
AcDbEntity
  8
0
  6
Continuous
 62
     2
440
 16777216
100
AcDbBlockReference
  2
_FILLED
 10
874.383522852
 20
486.1908267762
 30
0.0
 41
3.5
 42
3.5
 43
3.5
  0
INSERT
  5
26D
330
215
100
AcDbEntity
  8
0
  6
Continuous
 62
     2
440
 16777216
100
AcDbBlockReference
  2
_FILLED
 10
894.3835228519999
 20
486.1908267762
 30
0.0
 41
3.5
 42
3.5
 43
3.5
 50
180.0
  0
ENDBLK
  5
26E
330
215
100
AcDbEntity
  8
0
  6
ByBlock
 62
     0
100
AcDbBlockEnd
  0
BLOCK
  5
26F
330
216
100
AcDbEntity
  8
0
  6
Continuous
 62
     2
100
AcDbBlockBegin
  2
*D9
 70
     1
 10
0.0
 20
0.0
 30
0.0
  3
*D9
  1

  0
MTEXT
  5
270
330
216
100
AcDbEntity
  8
0
  6
Continuous
 62
     2
440
 16777216
100
AcDbMText
 10
837.4696479562
 20
473.7588246080996
 30
0.0
 40
3.5
 41
2.351999999999998
 46
0.0
 71
     2
 72
     1
  1
5
 11
0.0
 21
1.0
 31
0.0
 73
     2
 44
0.9
  0
LINE
  5
271
330
216
100
AcDbEntity
  8
0
  6
Continuous
 62
     2
440
 16777216
100
AcDbLine
 10
874.383522852
 20
476.2588246081
 30
0.0
 11
840.3446479561999
 21
476.2588246081
 31
0.0
  0
LINE
  5
272
330
216
100
AcDbEntity
  8
0
  6
Continuous
 62
     2
440
 16777216
100
AcDbLine
 10
874.383522852
 20
471.2588246081
 30
0.0
 11
840.3446479561999
 21
471.2588246081
 31
0.0
  0
LINE
  5
273
330
216
100
AcDbEntity
  8
0
  6
Continuous
 62
     2
440
 16777216
100
AcDbLine
 10
841.8446479562
 20
476.2588246081
 30
0.0
 11
841.8446479562
 21
481.2588246080998
 31
0.0
  0
LINE
  5
274
330
216
100
AcDbEntity
  8
0
  6
Continuous
 62
     2
440
 16777216
100
AcDbLine
 10
841.8446479562
 20
481.2588246080998
 30
0.0
 11
841.8446479562
 21
473.7588246080996
 31
0.0
  0
LINE
  5
275
330
216
100
AcDbEntity
  8
0
  6
Continuous
 62
     2
440
 16777216
100
AcDbLine
 10
841.8446479562
 20
471.2588246081
 30
0.0
 11
841.8446479562
 21
466.2588246080998
 31
0.0
  0
LINE
  5
276
330
216
100
AcDbEntity
  8
0
  6
Continuous
 62
     2
440
 16777216
100
AcDbLine
 10
841.8446479562
 20
466.2588246080998
 30
0.0
 11
841.8446479562
 21
473.7588246080996
 31
0.0
  0
INSERT
  5
277
330
216
100
AcDbEntity
  8
0
  6
Continuous
 62
     2
440
 16777216
100
AcDbBlockReference
  2
_FILLED
 10
841.8446479562
 20
476.2588246081
 30
0.0
 41
3.5
 42
3.5
 43
3.5
 50
270.0
  0
INSERT
  5
278
330
216
100
AcDbEntity
  8
0
  6
Continuous
 62
     2
440
 16777216
100
AcDbBlockReference
  2
_FILLED
 10
841.8446479562
 20
471.2588246081
 30
0.0
 41
3.5
 42
3.5
 43
3.5
 50
90.0
  0
ENDBLK
  5
279
330
216
100
AcDbEntity
  8
0
  6
ByBlock
 62
     0
100
AcDbBlockEnd
  0
BLOCK
  5
27A
330
217
100
AcDbEntity
  8
0
  6
Continuous
 62
     2
100
AcDbBlockBegin
  2
*D10
 70
     1
 10
0.0
 20
0.0
 30
0.0
  3
*D10
  1

  0
MTEXT
  5
27B
330
217
100
AcDbEntity
  8
0
  6
Continuous
 62
     2
440
 16777216
100
AcDbMText
 10
850.3656824219
 20
478.7588246080998
 30
0.0
 40
3.5
 41
2.351999999999998
 46
0.0
 71
     2
 72
     1
  1
5
 11
0.0
 21
1.0
 31
0.0
 73
     2
 44
0.9
  0
LINE
  5
27C
330
217
100
AcDbEntity
  8
0
  6
Continuous
 62
     2
440
 16777216
100
AcDbLine
 10
869.3835228519999
 20
481.2588246080998
 30
0.0
 11
853.2406824219
 21
481.2588246080998
 31
0.0
  0
LINE
  5
27D
330
217
100
AcDbEntity
  8
0
  6
Continuous
 62
     2
440
 16777216
100
AcDbLine
 10
874.383522852
 20
476.2588246081
 30
0.0
 11
853.2406824219
 21
476.2588246081
 31
0.0
  0
LINE
  5
27E
330
217
100
AcDbEntity
  8
0
  6
Continuous
 62
     2
440
 16777216
100
AcDbLine
 10
854.7406824219001
 20
481.2588246080998
 30
0.0
 11
854.7406824219001
 21
486.2588246080996
 31
0.0
  0
LINE
  5
27F
330
217
100
AcDbEntity
  8
0
  6
Continuous
 62
     2
440
 16777216
100
AcDbLine
 10
854.7406824219001
 20
486.2588246080996
 30
0.0
 11
854.7406824219001
 21
478.7588246080998
 31
0.0
  0
LINE
  5
280
330
217
100
AcDbEntity
  8
0
  6
Continuous
 62
     2
440
 16777216
100
AcDbLine
 10
854.7406824219001
 20
476.2588246081
 30
0.0
 11
854.7406824219001
 21
471.2588246081
 31
0.0
  0
LINE
  5
281
330
217
100
AcDbEntity
  8
0
  6
Continuous
 62
     2
440
 16777216
100
AcDbLine
 10
854.7406824219001
 20
471.2588246081
 30
0.0
 11
854.7406824219001
 21
478.7588246080998
 31
0.0
  0
INSERT
  5
282
330
217
100
AcDbEntity
  8
0
  6
Continuous
 62
     2
440
 16777216
100
AcDbBlockReference
  2
_FILLED
 10
854.7406824219001
 20
481.2588246080998
 30
0.0
 41
3.5
 42
3.5
 43
3.5
 50
270.0
  0
INSERT
  5
283
330
217
100
AcDbEntity
  8
0
  6
Continuous
 62
     2
440
 16777216
100
AcDbBlockReference
  2
_FILLED
 10
854.7406824219001
 20
476.2588246081
 30
0.0
 41
3.5
 42
3.5
 43
3.5
 50
90.0
  0
ENDBLK
  5
284
330
217
100
AcDbEntity
  8
0
  6
ByBlock
 62
     0
100
AcDbBlockEnd
  0
BLOCK
  5
285
330
218
100
AcDbEntity
  8
0
  6
Continuous
 62
     2
100
AcDbBlockBegin
  2
*D11
 70
     1
 10
0.0
 20
0.0
 30
0.0
  3
*D11
  1

  0
LINE
  5
3C1
330
218
100
AcDbEntity
  8
0
  6
Continuous
 62
     0
440
 16777216
370
    -2
100
AcDbLine
 10
1149.497003624406
 20
281.2815710094666
 30
0.0
 11
1168.573746570112
 21
294.5216372619668
 31
0.0
  0
LINE
  5
3C2
330
218
100
AcDbEntity
  8
0
  6
Continuous
 62
     0
440
 16777216
370
    -2
100
AcDbLine
 10
1190.263577801061
 20
309.5752972772333
 30
0.0
 11
1177.098683450554
 21
300.4383039286333
 31
0.0
  0
INSERT
  5
3C3
330
218
100
AcDbEntity
  8
0
  6
Continuous
 62
     0
440
 16777216
370
    -2
100
AcDbBlockReference
  2
_FILLED
 10
1146.621667095595
 20
279.2859658766598
 30
0.0
 41
3.5
 42
3.5
 43
3.5
 50
214.762283133401
  0
INSERT
  5
3C4
330
218
100
AcDbEntity
  8
0
  6
Continuous
 62
     0
440
 16777216
370
    -2
100
AcDbBlockReference
  2
_FILLED
 10
1193.138914329872
 20
311.5709024100403
 30
0.0
 41
3.5
 42
3.5
 43
3.5
 50
34.76228313340099
  0
MTEXT
  5
3C5
330
218
100
AcDbEntity
  8
0
  6
Continuous
 62
     0
440
 16777216
100
AcDbMText
 10
1172.836215010333
 20
299.8133039286333
 30
0.0
 40
3.5
 41
20.2628915663
 46
0.0
 71
     2
 72
     1
  1
\A1;{\fSymbol_ISO;\W1.0;⌀}56,62
 73
     2
 44
0.9
  0
POINT
  5
3C6
330
218
100
AcDbEntity
  8
DEFPOINTS
  6
Continuous
 62
     0
440
 16777216
100
AcDbPoint
 10
1193.138914329872
 20
311.5709024100403
 30
0.0
  0
POINT
  5
3C7
330
218
100
AcDbEntity
  8
DEFPOINTS
  6
Continuous
 62
     0
440
 16777216
100
AcDbPoint
 10
1146.621667095595
 20
279.2859658766598
 30
0.0
  0
ENDBLK
  5
28B
330
218
100
AcDbEntity
  8
0
  6
ByBlock
 62
     0
100
AcDbBlockEnd
  0
BLOCK
  5
28C
330
219
100
AcDbEntity
  8
0
  6
Continuous
 62
     2
100
AcDbBlockBegin
  2
*D12
 70
     1
 10
0.0
 20
0.0
 30
0.0
  3
*D12
  1

  0
LINE
  5
3C8
330
219
100
AcDbEntity
  8
0
  6
Continuous
 62
     0
440
 16777216
370
    -2
100
AcDbLine
 10
1081.082303728118
 20
209.6843152979539
 30
0.0
 11
1140.445062225964
 21
248.0624730028666
 31
0.0
  0
LINE
  5
3C9
330
219
100
AcDbEntity
  8
0
  6
Continuous
 62
     0
440
 16777216
370
    -2
100
AcDbLine
 10
1158.67827769725
 20
259.8502880662462
 30
0.0
 11
1149.596873450103
 21
253.9791396695332
 31
0.0
  0
INSERT
  5
3CA
330
219
100
AcDbEntity
  8
0
  6
Continuous
 62
     0
440
 16777216
370
    -2
100
AcDbBlockReference
  2
_FILLED
 10
1078.143062289894
 20
207.7840890567314
 30
0.0
 41
3.5
 42
3.5
 43
3.5
 50
212.8827596630254
  0
INSERT
  5
3CB
330
219
100
AcDbEntity
  8
0
  6
Continuous
 62
     0
440
 16777216
370
    -2
100
AcDbBlockReference
  2
_FILLED
 10
1161.617519135473
 20
261.7505143074686
 30
0.0
 41
3.5
 42
3.5
 43
3.5
 50
32.88275966302538
  0
MTEXT
  5
3CC
330
219
100
AcDbEntity
  8
0
  6
Continuous
 62
     0
440
 16777216
100
AcDbMText
 10
1145.020967838033
 20
253.3541396695332
 30
0.0
 40
3.5
 41
16.7348915663
 46
0.0
 71
     2
 72
     1
  1
\A1;{\fSymbol_ISO;\W1.0;⌀}99,4
 73
     2
 44
0.9
  0
POINT
  5
3CD
330
219
100
AcDbEntity
  8
DEFPOINTS
  6
Continuous
 62
     0
440
 16777216
100
AcDbPoint
 10
1161.617519135473
 20
261.7505143074686
 30
0.0
  0
POINT
  5
3CE
330
219
100
AcDbEntity
  8
DEFPOINTS
  6
Continuous
 62
     0
440
 16777216
100
AcDbPoint
 10
1078.143062289894
 20
207.7840890567314
 30
0.0
  0
ENDBLK
  5
292
330
219
100
AcDbEntity
  8
0
  6
ByBlock
 62
     0
100
AcDbBlockEnd
  0
BLOCK
  5
293
330
21A
100
AcDbEntity
  8
0
  6
Continuous
 62
     2
100
AcDbBlockBegin
  2
*D13
 70
     1
 10
0.0
 20
0.0
 30
0.0
  3
*D13
  1

  0
MTEXT
  5
294
330
21A
100
AcDbEntity
  8
0
  6
Continuous
 62
     2
440
 16777216
100
AcDbMText
 10
940.4046018378
 20
458.7017081506998
 30
0.0
 40
3.5
 41
10.36
 46
0.0
 71
     2
 72
     1
  1
54,65
 11
0.0
 21
1.0
 31
0.0
 73
     2
 44
0.9
  0
LINE
  5
295
330
21A
100
AcDbEntity
  8
0
  6
Continuous
 62
     2
440
 16777216
100
AcDbLine
 10
899.383522852
 20
481.2588246080998
 30
0.0
 11
946.2796018378
 21
481.2588246080998
 31
0.0
  0
LINE
  5
296
330
21A
100
AcDbEntity
  8
0
  6
Continuous
 62
     2
440
 16777216
100
AcDbLine
 10
895.3835228519999
 20
426.6075839303
 30
0.0
 11
946.2796018378
 21
426.6075839303
 31
0.0
  0
LINE
  5
297
330
21A
100
AcDbEntity
  8
0
  6
Continuous
 62
     2
440
 16777216
100
AcDbLine
 10
944.7796018377999
 20
481.2588246080998
 30
0.0
 11
944.7796018377999
 21
453.9332042692
 31
0.0
  0
LINE
  5
298
330
21A
100
AcDbEntity
  8
0
  6
Continuous
 62
     2
440
 16777216
100
AcDbLine
 10
944.7796018377999
 20
426.6075839303
 30
0.0
 11
944.7796018377999
 21
453.9332042692
 31
0.0
  0
INSERT
  5
299
330
21A
100
AcDbEntity
  8
0
  6
Continuous
 62
     2
440
 16777216
100
AcDbBlockReference
  2
_FILLED
 10
944.7796018377999
 20
481.2588246080998
 30
0.0
 41
3.5
 42
3.5
 43
3.5
 50
90.0
  0
INSERT
  5
29A
330
21A
100
AcDbEntity
  8
0
  6
Continuous
 62
     2
440
 16777216
100
AcDbBlockReference
  2
_FILLED
 10
944.7796018377999
 20
426.6075839303
 30
0.0
 41
3.5
 42
3.5
 43
3.5
 50
270.0
  0
ENDBLK
  5
29B
330
21A
100
AcDbEntity
  8
0
  6
ByBlock
 62
     0
100
AcDbBlockEnd
  0
BLOCK
  5
42F
330
42E
100
AcDbEntity
  8
0
100
AcDbBlockBegin
  2
*D14
 70
     1
 10
0.0
 20
0.0
 30
0.0
  3
*D14
  1

  0
LINE
  5
601
330
42E
100
AcDbEntity
  8
0
  6
Continuous
 62
     0
440
 16777216
370
    -2
100
AcDbLine
 10
1659.42203195885
 20
324.3399663220001
 30
0.0
 11
1624.39014258125
 21
324.3399663220001
 31
0.0
  0
LINE
  5
602
330
42E
100
AcDbEntity
  8
0
  6
Continuous
 62
     0
440
 16777216
370
    -2
100
AcDbLine
 10
1665.42203195885
 20
53.78996358880002
 30
0.0
 11
1624.39014258125
 21
53.78996358880002
 31
0.0
  0
LINE
  5
603
330
42E
100
AcDbEntity
  8
0
  6
Continuous
 62
     0
440
 16777216
370
    -2
100
AcDbLine
 10
1625.89014258125
 20
320.8399663220001
 30
0.0
 11
1625.89014258125
 21
57.28996358880003
 31
0.0
  0
INSERT
  5
604
330
42E
100
AcDbEntity
  8
0
  6
Continuous
 62
     0
440
 16777216
370
    -2
100
AcDbBlockReference
  2
_FILLED
 10
1625.89014258125
 20
324.3399663220001
 30
0.0
 41
3.5
 42
3.5
 43
3.5
 50
90.0
  0
INSERT
  5
605
330
42E
100
AcDbEntity
  8
0
  6
Continuous
 62
     0
440
 16777216
370
    -2
100
AcDbBlockReference
  2
_FILLED
 10
1625.89014258125
 20
53.78996358880002
 30
0.0
 41
3.5
 42
3.5
 43
3.5
 50
270.0
  0
MTEXT
  5
606
330
42E
100
AcDbEntity
  8
0
  6
Continuous
 62
     0
440
 16777216
100
AcDbMText
 10
1620.348475914583
 20
189.0649649554001
 30
0.0
 40
3.5
 41
12.712
 46
0.0
 71
     2
 72
     1
  1
\A1;270,55
 11
0.0000000000000001
 21
1.0
 31
0.0
 73
     2
 44
0.9
  0
POINT
  5
607
330
42E
100
AcDbEntity
  8
DEFPOINTS
  6
Continuous
 62
     0
440
 16777216
100
AcDbPoint
 10
1660.42203195885
 20
324.3399663220001
 30
0.0
  0
POINT
  5
608
330
42E
100
AcDbEntity
  8
DEFPOINTS
  6
Continuous
 62
     0
440
 16777216
100
AcDbPoint
 10
1666.42203195885
 20
53.78996358880002
 30
0.0
  0
POINT
  5
609
330
42E
100
AcDbEntity
  8
DEFPOINTS
  6
Continuous
 62
     0
440
 16777216
100
AcDbPoint
 10
1625.89014258125
 20
53.78996358880002
 30
0.0
  0
ENDBLK
  5
430
330
42E
100
AcDbEntity
  8
0
100
AcDbBlockEnd
  0
BLOCK
  5
43B
330
43A
100
AcDbEntity
  8
0
100
AcDbBlockBegin
  2
*D15
 70
     1
 10
0.0
 20
0.0
 30
0.0
  3
*D15
  1

  0
LINE
  5
60A
330
43A
100
AcDbEntity
  8
0
  6
Continuous
 62
     0
440
 16777216
370
    -2
100
AcDbLine
 10
1665.422031958849
 20
53.78996358880002
 30
0.0
 11
1665.422031958849
 21
28.4436309126
 31
0.0
  0
LINE
  5
60B
330
43A
100
AcDbEntity
  8
0
  6
Continuous
 62
     0
440
 16777216
370
    -2
100
AcDbLine
 10
1685.422031958849
 20
53.78996358880002
 30
0.0
 11
1685.422031958849
 21
28.4436309126
 31
0.0
  0
LINE
  5
60C
330
43A
100
AcDbEntity
  8
0
  6
Continuous
 62
     0
440
 16777216
370
    -2
100
AcDbLine
 10
1668.922031958849
 20
29.9436309126
 30
0.0
 11
1681.922031958849
 21
29.9436309126
 31
0.0
  0
LINE
  5
60D
330
43A
100
AcDbEntity
  8
0
  6
Continuous
 62
     0
440
 16777216
370
    -2
100
AcDbLine
 10
1685.422031958849
 20
29.9436309126
 30
0.0
 11
1712.379012850383
 21
29.9436309126
 31
0.0
  0
INSERT
  5
60E
330
43A
100
AcDbEntity
  8
0
  6
Continuous
 62
     0
440
 16777216
370
    -2
100
AcDbBlockReference
  2
_FILLED
 10
1665.422031958849
 20
29.9436309126
 30
0.0
 41
3.5
 42
3.5
 43
3.5
 50
180.0
  0
INSERT
  5
60F
330
43A
100
AcDbEntity
  8
0
  6
Continuous
 62
     0
440
 16777216
370
    -2
100
AcDbBlockReference
  2
_FILLED
 10
1685.422031958849
 20
29.9436309126
 30
0.0
 41
3.5
 42
3.5
 43
3.5
  0
MTEXT
  5
610
330
43A
100
AcDbEntity
  8
0
  6
Continuous
 62
     0
440
 16777216
100
AcDbMText
 10
1706.318679517049
 20
35.48529757926667
 30
0.0
 40
3.5
 41
4.703999999999997
 46
0.0
 71
     1
 72
     1
  1
\A1;20
 73
     2
 44
0.9
  0
POINT
  5
611
330
43A
100
AcDbEntity
  8
DEFPOINTS
  6
Continuous
 62
     0
440
 16777216
100
AcDbPoint
 10
1665.422031958849
 20
54.78996358879999
 30
0.0
  0
POINT
  5
612
330
43A
100
AcDbEntity
  8
DEFPOINTS
  6
Continuous
 62
     0
440
 16777216
100
AcDbPoint
 10
1685.422031958849
 20
54.78996358879999
 30
0.0
  0
POINT
  5
613
330
43A
100
AcDbEntity
  8
DEFPOINTS
  6
Continuous
 62
     0
440
 16777216
100
AcDbPoint
 10
1685.422031958849
 20
29.9436309126
 30
0.0
  0
ENDBLK
  5
43C
330
43A
100
AcDbEntity
  8
0
100
AcDbBlockEnd
  0
BLOCK
  5
448
330
447
100
AcDbEntity
  8
0
100
AcDbBlockBegin
  2
*D16
 70
     1
 10
0.0
 20
0.0
 30
0.0
  3
*D16
  1

  0
LINE
  5
614
330
447
100
AcDbEntity
  8
0
  6
Continuous
 62
     0
440
 16777216
370
    -2
100
AcDbLine
 10
1681.016488287559
 20
65.2493502835423
 30
0.0
 11
1699.111887256869
 21
75.95364727430058
 31
0.0
  0
LINE
  5
615
330
447
100
AcDbEntity
  8
0
  6
Continuous
 62
     0
440
 16777216
370
    -2
100
AcDbLine
 10
1699.111887256869
 20
75.95364727430058
 30
0.0
 11
1713.237342009029
 21
75.95364727430045
 31
0.0
  0
INSERT
  5
616
330
447
100
AcDbEntity
  8
0
  6
Continuous
 62
     0
440
 16777216
370
    -2
100
AcDbBlockReference
  2
_FILLED
 10
1678.004088725944
 20
63.46737136077615
 30
0.0
 41
3.5
 42
3.5
 43
3.5
 50
210.606351849579
  0
MTEXT
  5
617
330
447
100
AcDbEntity
  8
0
  6
Continuous
 62
     0
440
 16777216
100
AcDbMText
 10
1699.5371688498
 20
81.24531394096667
 30
0.0
 40
3.5
 41
13.8998915663
 46
0.0
 71
     1
 72
     1
  1
\A1;3-{\fSymbol_ISO;\W1.0;⌀}6
 73
     2
 44
0.9
  0
LINE
  5
618
330
447
100
AcDbEntity
  8
0
  6
Continuous
 62
     0
440
 16777216
370
    -2
100
AcDbLine
 10
1675.33203195885
 20
61.93996085555022
 30
0.0
 11
1675.512031958849
 21
61.93996085555022
 31
0.0
  0
LINE
  5
619
330
447
100
AcDbEntity
  8
0
  6
Continuous
 62
     0
440
 16777216
370
    -2
100
AcDbLine
 10
1675.42203195885
 20
61.84996085555031
 30
0.0
 11
1675.42203195885
 21
62.02996085555025
 31
0.0
  0
POINT
  5
61A
330
447
100
AcDbEntity
  8
DEFPOINTS
  6
Continuous
 62
     0
440
 16777216
100
AcDbPoint
 10
1678.004088725944
 20
63.46737136077615
 30
0.0
  0
POINT
  5
61B
330
447
100
AcDbEntity
  8
DEFPOINTS
  6
Continuous
 62
     0
440
 16777216
100
AcDbPoint
 10
1672.839975191755
 20
60.41255035032428
 30
0.0
  0
ENDBLK
  5
449
330
447
100
AcDbEntity
  8
0
100
AcDbBlockEnd
  0
BLOCK
  5
453
330
452
100
AcDbEntity
  8
0
100
AcDbBlockBegin
  2
*D17
 70
     1
 10
0.0
 20
0.0
 30
0.0
  3
*D17
  1

  0
LINE
  5
61C
330
452
100
AcDbEntity
  8
0
  6
Continuous
 62
     0
440
 16777216
370
    -2
100
AcDbLine
 10
1665.42203195885
 20
53.78996358880002
 30
0.0
 11
1649.71992307175
 21
53.78996358880002
 31
0.0
  0
LINE
  5
61D
330
452
100
AcDbEntity
  8
0
  6
Continuous
 62
     0
440
 16777216
370
    -2
100
AcDbLine
 10
1671.42203195885
 20
121.9399608555
 30
0.0
 11
1649.71992307175
 21
121.9399608555
 31
0.0
  0
LINE
  5
61E
330
452
100
AcDbEntity
  8
0
  6
Continuous
 62
     0
440
 16777216
370
    -2
100
AcDbLine
 10
1651.219923071749
 20
57.28996358880003
 30
0.0
 11
1651.219923071749
 21
118.4399608555
 31
0.0
  0
INSERT
  5
61F
330
452
100
AcDbEntity
  8
0
  6
Continuous
 62
     0
440
 16777216
370
    -2
100
AcDbBlockReference
  2
_FILLED
 10
1651.219923071749
 20
53.78996358880002
 30
0.0
 41
3.5
 42
3.5
 43
3.5
 50
270.0
  0
INSERT
  5
620
330
452
100
AcDbEntity
  8
0
  6
Continuous
 62
     0
440
 16777216
370
    -2
100
AcDbBlockReference
  2
_FILLED
 10
1651.219923071749
 20
121.9399608555
 30
0.0
 41
3.5
 42
3.5
 43
3.5
 50
90.0
  0
MTEXT
  5
621
330
452
100
AcDbEntity
  8
0
  6
Continuous
 62
     0
440
 16777216
100
AcDbMText
 10
1645.678256405082
 20
90.17418135360001
 30
0.0
 40
3.5
 41
10.36
 46
0.0
 71
     2
 72
     1
  1
\A1;68,15
 11
0.0000000000000001
 21
1.0
 31
0.0
 73
     2
 44
0.9
  0
POINT
  5
622
330
452
100
AcDbEntity
  8
DEFPOINTS
  6
Continuous
 62
     0
440
 16777216
100
AcDbPoint
 10
1666.42203195885
 20
53.78996358880002
 30
0.0
  0
POINT
  5
623
330
452
100
AcDbEntity
  8
DEFPOINTS
  6
Continuous
 62
     0
440
 16777216
100
AcDbPoint
 10
1672.42203195885
 20
121.9399608555
 30
0.0
  0
POINT
  5
624
330
452
100
AcDbEntity
  8
DEFPOINTS
  6
Continuous
 62
     0
440
 16777216
100
AcDbPoint
 10
1651.219923071749
 20
121.9399608555
 30
0.0
  0
ENDBLK
  5
454
330
452
100
AcDbEntity
  8
0
100
AcDbBlockEnd
  0
BLOCK
  5
45F
330
45E
100
AcDbEntity
  8
0
100
AcDbBlockBegin
  2
*D18
 70
     1
 10
0.0
 20
0.0
 30
0.0
  3
*D18
  1

  0
LINE
  5
625
330
45E
100
AcDbEntity
  8
0
  6
Continuous
 62
     0
440
 16777216
370
    -2
100
AcDbLine
 10
1671.42203195885
 20
121.9399608555
 30
0.0
 11
1649.630554374749
 21
121.9399608555
 31
0.0
  0
LINE
  5
626
330
45E
100
AcDbEntity
  8
0
  6
Continuous
 62
     0
440
 16777216
370
    -2
100
AcDbLine
 10
1671.42203195885
 20
181.9399608555
 30
0.0
 11
1649.630554374749
 21
181.9399608555
 31
0.0
  0
LINE
  5
627
330
45E
100
AcDbEntity
  8
0
  6
Continuous
 62
     0
440
 16777216
370
    -2
100
AcDbLine
 10
1651.13055437475
 20
125.4399608555
 30
0.0
 11
1651.13055437475
 21
178.4399608555
 31
0.0
  0
INSERT
  5
628
330
45E
100
AcDbEntity
  8
0
  6
Continuous
 62
     0
440
 16777216
370
    -2
100
AcDbBlockReference
  2
_FILLED
 10
1651.13055437475
 20
121.9399608555
 30
0.0
 41
3.5
 42
3.5
 43
3.5
 50
270.0
  0
INSERT
  5
629
330
45E
100
AcDbEntity
  8
0
  6
Continuous
 62
     0
440
 16777216
370
    -2
100
AcDbBlockReference
  2
_FILLED
 10
1651.13055437475
 20
181.9399608555
 30
0.0
 41
3.5
 42
3.5
 43
3.5
 50
90.0
  0
MTEXT
  5
62A
330
45E
100
AcDbEntity
  8
0
  6
Continuous
 62
     0
440
 16777216
100
AcDbMText
 10
1645.588887708083
 20
152.6990590715
 30
0.0
 40
3.5
 41
4.703999999999997
 46
0.0
 71
     2
 72
     1
  1
\A1;60
 11
0.0000000000000001
 21
1.0
 31
0.0
 73
     2
 44
0.9
  0
POINT
  5
62B
330
45E
100
AcDbEntity
  8
DEFPOINTS
  6
Continuous
 62
     0
440
 16777216
100
AcDbPoint
 10
1672.42203195885
 20
121.9399608555
 30
0.0
  0
POINT
  5
62C
330
45E
100
AcDbEntity
  8
DEFPOINTS
  6
Continuous
 62
     0
440
 16777216
100
AcDbPoint
 10
1672.42203195885
 20
181.9399608555
 30
0.0
  0
POINT
  5
62D
330
45E
100
AcDbEntity
  8
DEFPOINTS
  6
Continuous
 62
     0
440
 16777216
100
AcDbPoint
 10
1651.13055437475
 20
181.9399608555
 30
0.0
  0
ENDBLK
  5
460
330
45E
100
AcDbEntity
  8
0
100
AcDbBlockEnd
  0
BLOCK
  5
46B
330
46A
100
AcDbEntity
  8
0
100
AcDbBlockBegin
  2
*D19
 70
     1
 10
0.0
 20
0.0
 30
0.0
  3
*D19
  1

  0
LINE
  5
62E
330
46A
100
AcDbEntity
  8
0
  6
Continuous
 62
     0
440
 16777216
370
    -2
100
AcDbLine
 10
1660.422031958849
 20
481.2588246080998
 30
0.0
 11
1660.422031958849
 21
494.9559801387
 31
0.0
  0
LINE
  5
62F
330
46A
100
AcDbEntity
  8
0
  6
Continuous
 62
     0
440
 16777216
370
    -2
100
AcDbLine
 10
1690.422031958849
 20
481.2588246080998
 30
0.0
 11
1690.422031958849
 21
494.9559801387
 31
0.0
  0
LINE
  5
630
330
46A
100
AcDbEntity
  8
0
  6
Continuous
 62
     0
440
 16777216
370
    -2
100
AcDbLine
 10
1663.922031958849
 20
493.4559801387
 30
0.0
 11
1686.922031958849
 21
493.4559801387
 31
0.0
  0
INSERT
  5
631
330
46A
100
AcDbEntity
  8
0
  6
Continuous
 62
     0
440
 16777216
370
    -2
100
AcDbBlockReference
  2
_FILLED
 10
1660.422031958849
 20
493.4559801387
 30
0.0
 41
3.5
 42
3.5
 43
3.5
 50
180.0
  0
INSERT
  5
632
330
46A
100
AcDbEntity
  8
0
  6
Continuous
 62
     0
440
 16777216
370
    -2
100
AcDbBlockReference
  2
_FILLED
 10
1690.422031958849
 20
493.4559801387
 30
0.0
 41
3.5
 42
3.5
 43
3.5
  0
MTEXT
  5
633
330
46A
100
AcDbEntity
  8
0
  6
Continuous
 62
     0
440
 16777216
100
AcDbMText
 10
1674.944197583449
 20
498.9976468053665
 30
0.0
 40
3.5
 41
4.703999999999997
 46
0.0
 71
     2
 72
     1
  1
\A1;30
 73
     2
 44
0.9
  0
POINT
  5
634
330
46A
100
AcDbEntity
  8
DEFPOINTS
  6
Continuous
 62
     0
440
 16777216
100
AcDbPoint
 10
1660.422031958849
 20
480.2588246081
 30
0.0
  0
POINT
  5
635
330
46A
100
AcDbEntity
  8
DEFPOINTS
  6
Continuous
 62
     0
440
 16777216
100
AcDbPoint
 10
1690.422031958849
 20
480.2588246081
 30
0.0
  0
POINT
  5
636
330
46A
100
AcDbEntity
  8
DEFPOINTS
  6
Continuous
 62
     0
440
 16777216
100
AcDbPoint
 10
1690.422031958849
 20
493.4559801387
 30
0.0
  0
ENDBLK
  5
46C
330
46A
100
AcDbEntity
  8
0
100
AcDbBlockEnd
  0
BLOCK
  5
477
330
476
100
AcDbEntity
  8
0
100
AcDbBlockBegin
  2
*D20
 70
     1
 10
0.0
 20
0.0
 30
0.0
  3
*D20
  1

  0
LINE
  5
637
330
476
100
AcDbEntity
  8
0
  6
Continuous
 62
     0
440
 16777216
370
    -2
100
AcDbLine
 10
1690.42203195885
 20
481.2588246081002
 30
0.0
 11
1713.73150885885
 21
481.2588246081002
 31
0.0
  0
LINE
  5
638
330
476
100
AcDbEntity
  8
0
  6
Continuous
 62
     0
440
 16777216
370
    -2
100
AcDbLine
 10
1690.42203195885
 20
458.519116109
 30
0.0
 11
1713.73150885885
 21
458.519116109
 31
0.0
  0
LINE
  5
639
330
476
100
AcDbEntity
  8
0
  6
Continuous
 62
     0
440
 16777216
370
    -2
100
AcDbLine
 10
1712.23150885885
 20
477.7588246081002
 30
0.0
 11
1712.23150885885
 21
462.0191161090001
 31
0.0
  0
INSERT
  5
63A
330
476
100
AcDbEntity
  8
0
  6
Continuous
 62
     0
440
 16777216
370
    -2
100
AcDbBlockReference
  2
_FILLED
 10
1712.23150885885
 20
481.2588246081002
 30
0.0
 41
3.5
 42
3.5
 43
3.5
 50
90.0
  0
INSERT
  5
63B
330
476
100
AcDbEntity
  8
0
  6
Continuous
 62
     0
440
 16777216
370
    -2
100
AcDbBlockReference
  2
_FILLED
 10
1712.23150885885
 20
458.519116109
 30
0.0
 41
3.5
 42
3.5
 43
3.5
 50
270.0
  0
MTEXT
  5
63C
330
476
100
AcDbEntity
  8
0
  6
Continuous
 62
     0
440
 16777216
100
AcDbMText
 10
1706.689842192183
 20
470.8010373201
 30
0.0
 40
3.5
 41
10.36
 46
0.0
 71
     2
 72
     1
  1
\A1;22,74
 11
0.0000000000000001
 21
1.0
 31
0.0
 73
     2
 44
0.9
  0
POINT
  5
63D
330
476
100
AcDbEntity
  8
DEFPOINTS
  6
Continuous
 62
     0
440
 16777216
100
AcDbPoint
 10
1689.42203195885
 20
481.2588246081002
 30
0.0
  0
POINT
  5
63E
330
476
100
AcDbEntity
  8
DEFPOINTS
  6
Continuous
 62
     0
440
 16777216
100
AcDbPoint
 10
1689.42203195885
 20
458.519116109
 30
0.0
  0
POINT
  5
63F
330
476
100
AcDbEntity
  8
DEFPOINTS
  6
Continuous
 62
     0
440
 16777216
100
AcDbPoint
 10
1712.23150885885
 20
458.519116109
 30
0.0
  0
ENDBLK
  5
478
330
476
100
AcDbEntity
  8
0
100
AcDbBlockEnd
  0
BLOCK
  5
483
330
482
100
AcDbEntity
  8
0
100
AcDbBlockBegin
  2
*D21
 70
     1
 10
0.0
 20
0.0
 30
0.0
  3
*D21
  1

  0
LINE
  5
640
330
482
100
AcDbEntity
  8
0
  6
Continuous
 62
     0
440
 16777216
370
    -2
100
AcDbLine
 10
1665.422031958849
 20
476.2588246081
 30
0.0
 11
1665.422031958849
 21
487.6908267762
 31
0.0
  0
LINE
  5
641
330
482
100
AcDbEntity
  8
0
  6
Continuous
 62
     0
440
 16777216
370
    -2
100
AcDbLine
 10
1685.422031958849
 20
476.2588246081
 30
0.0
 11
1685.422031958849
 21
487.6908267762
 31
0.0
  0
LINE
  5
642
330
482
100
AcDbEntity
  8
0
  6
Continuous
 62
     0
440
 16777216
370
    -2
100
AcDbLine
 10
1668.922031958849
 20
486.1908267762
 30
0.0
 11
1681.922031958849
 21
486.1908267762
 31
0.0
  0
INSERT
  5
643
330
482
100
AcDbEntity
  8
0
  6
Continuous
 62
     0
440
 16777216
370
    -2
100
AcDbBlockReference
  2
_FILLED
 10
1665.422031958849
 20
486.1908267762
 30
0.0
 41
3.5
 42
3.5
 43
3.5
 50
180.0
  0
INSERT
  5
644
330
482
100
AcDbEntity
  8
0
  6
Continuous
 62
     0
440
 16777216
370
    -2
100
AcDbBlockReference
  2
_FILLED
 10
1685.422031958849
 20
486.1908267762
 30
0.0
 41
3.5
 42
3.5
 43
3.5
  0
MTEXT
  5
645
330
482
100
AcDbEntity
  8
0
  6
Continuous
 62
     0
440
 16777216
100
AcDbMText
 10
1675.277962231849
 20
491.7324934428665
 30
0.0
 40
3.5
 41
4.703999999999997
 46
0.0
 71
     2
 72
     1
  1
\A1;20
 73
     2
 44
0.9
  0
POINT
  5
646
330
482
100
AcDbEntity
  8
DEFPOINTS
  6
Continuous
 62
     0
440
 16777216
100
AcDbPoint
 10
1665.422031958849
 20
475.2588246081
 30
0.0
  0
POINT
  5
647
330
482
100
AcDbEntity
  8
DEFPOINTS
  6
Continuous
 62
     0
440
 16777216
100
AcDbPoint
 10
1685.422031958849
 20
475.2588246081
 30
0.0
  0
POINT
  5
648
330
482
100
AcDbEntity
  8
DEFPOINTS
  6
Continuous
 62
     0
440
 16777216
100
AcDbPoint
 10
1685.422031958849
 20
486.1908267762
 30
0.0
  0
ENDBLK
  5
484
330
482
100
AcDbEntity
  8
0
100
AcDbBlockEnd
  0
BLOCK
  5
48F
330
48E
100
AcDbEntity
  8
0
100
AcDbBlockBegin
  2
*D22
 70
     1
 10
0.0
 20
0.0
 30
0.0
  3
*D22
  1

  0
LINE
  5
649
330
48E
100
AcDbEntity
  8
0
  6
Continuous
 62
     0
440
 16777216
370
    -2
100
AcDbLine
 10
1665.42203195885
 20
476.2588246081001
 30
0.0
 11
1631.383157063049
 21
476.2588246081001
 31
0.0
  0
LINE
  5
64A
330
48E
100
AcDbEntity
  8
0
  6
Continuous
 62
     0
440
 16777216
370
    -2
100
AcDbLine
 10
1665.42203195885
 20
471.2588246081002
 30
0.0
 11
1631.383157063049
 21
471.2588246081002
 31
0.0
  0
LINE
  5
64B
330
48E
100
AcDbEntity
  8
0
  6
Continuous
 62
     0
440
 16777216
370
    -2
100
AcDbLine
 10
1632.883157063049
 20
479.7588246081001
 30
0.0
 11
1632.883157063049
 21
483.2588246081001
 31
0.0
  0
LINE
  5
64C
330
48E
100
AcDbEntity
  8
0
  6
Continuous
 62
     0
440
 16777216
370
    -2
100
AcDbLine
 10
1632.883157063049
 20
467.7588246081001
 30
0.0
 11
1632.883157063049
 21
464.2588246081001
 31
0.0
  0
INSERT
  5
64D
330
48E
100
AcDbEntity
  8
0
  6
Continuous
 62
     0
440
 16777216
370
    -2
100
AcDbBlockReference
  2
_FILLED
 10
1632.883157063049
 20
476.2588246081001
 30
0.0
 41
3.5
 42
3.5
 43
3.5
 50
270.0
  0
INSERT
  5
64E
330
48E
100
AcDbEntity
  8
0
  6
Continuous
 62
     0
440
 16777216
370
    -2
100
AcDbBlockReference
  2
_FILLED
 10
1632.883157063049
 20
471.2588246081002
 30
0.0
 41
3.5
 42
3.5
 43
3.5
 50
90.0
  0
MTEXT
  5
64F
330
48E
100
AcDbEntity
  8
0
  6
Continuous
 62
     0
440
 16777216
100
AcDbMText
 10
1627.341490396382
 20
473.7588246080996
 30
0.0
 40
3.5
 41
2.351999999999998
 46
0.0
 71
     2
 72
     1
  1
\A1;5
 11
0.0000000000000001
 21
1.0
 31
0.0
 73
     2
 44
0.9
  0
POINT
  5
650
330
48E
100
AcDbEntity
  8
DEFPOINTS
  6
Continuous
 62
     0
440
 16777216
100
AcDbPoint
 10
1666.42203195885
 20
476.2588246081001
 30
0.0
  0
POINT
  5
651
330
48E
100
AcDbEntity
  8
DEFPOINTS
  6
Continuous
 62
     0
440
 16777216
100
AcDbPoint
 10
1666.42203195885
 20
471.2588246081002
 30
0.0
  0
POINT
  5
652
330
48E
100
AcDbEntity
  8
DEFPOINTS
  6
Continuous
 62
     0
440
 16777216
100
AcDbPoint
 10
1632.883157063049
 20
471.2588246081002
 30
0.0
  0
ENDBLK
  5
490
330
48E
100
AcDbEntity
  8
0
100
AcDbBlockEnd
  0
BLOCK
  5
49C
330
49B
100
AcDbEntity
  8
0
100
AcDbBlockBegin
  2
*D23
 70
     1
 10
0.0
 20
0.0
 30
0.0
  3
*D23
  1

  0
LINE
  5
653
330
49B
100
AcDbEntity
  8
0
  6
Continuous
 62
     0
440
 16777216
370
    -2
100
AcDbLine
 10
1660.42203195885
 20
481.2588246081002
 30
0.0
 11
1644.27919152875
 21
481.2588246081002
 31
0.0
  0
LINE
  5
654
330
49B
100
AcDbEntity
  8
0
  6
Continuous
 62
     0
440
 16777216
370
    -2
100
AcDbLine
 10
1665.42203195885
 20
476.2588246081001
 30
0.0
 11
1644.27919152875
 21
476.2588246081001
 31
0.0
  0
LINE
  5
655
330
49B
100
AcDbEntity
  8
0
  6
Continuous
 62
     0
440
 16777216
370
    -2
100
AcDbLine
 10
1645.77919152875
 20
484.7588246081001
 30
0.0
 11
1645.77919152875
 21
488.2588246081001
 31
0.0
  0
LINE
  5
656
330
49B
100
AcDbEntity
  8
0
  6
Continuous
 62
     0
440
 16777216
370
    -2
100
AcDbLine
 10
1645.77919152875
 20
472.7588246081001
 30
0.0
 11
1645.77919152875
 21
469.2588246081001
 31
0.0
  0
INSERT
  5
657
330
49B
100
AcDbEntity
  8
0
  6
Continuous
 62
     0
440
 16777216
370
    -2
100
AcDbBlockReference
  2
_FILLED
 10
1645.77919152875
 20
481.2588246081002
 30
0.0
 41
3.5
 42
3.5
 43
3.5
 50
270.0
  0
INSERT
  5
658
330
49B
100
AcDbEntity
  8
0
  6
Continuous
 62
     0
440
 16777216
370
    -2
100
AcDbBlockReference
  2
_FILLED
 10
1645.77919152875
 20
476.2588246081001
 30
0.0
 41
3.5
 42
3.5
 43
3.5
 50
90.0
  0
MTEXT
  5
659
330
49B
100
AcDbEntity
  8
0
  6
Continuous
 62
     0
440
 16777216
100
AcDbMText
 10
1640.237524862083
 20
478.7588246080995
 30
0.0
 40
3.5
 41
2.351999999999998
 46
0.0
 71
     2
 72
     1
  1
\A1;5
 11
0.0000000000000001
 21
1.0
 31
0.0
 73
     2
 44
0.9
  0
POINT
  5
65A
330
49B
100
AcDbEntity
  8
DEFPOINTS
  6
Continuous
 62
     0
440
 16777216
100
AcDbPoint
 10
1661.42203195885
 20
481.2588246081002
 30
0.0
  0
POINT
  5
65B
330
49B
100
AcDbEntity
  8
DEFPOINTS
  6
Continuous
 62
     0
440
 16777216
100
AcDbPoint
 10
1666.42203195885
 20
476.2588246081001
 30
0.0
  0
POINT
  5
65C
330
49B
100
AcDbEntity
  8
DEFPOINTS
  6
Continuous
 62
     0
440
 16777216
100
AcDbPoint
 10
1645.77919152875
 20
476.2588246081001
 30
0.0
  0
ENDBLK
  5
49D
330
49B
100
AcDbEntity
  8
0
100
AcDbBlockEnd
  0
BLOCK
  5
4A9
330
4A8
100
AcDbEntity
  8
0
100
AcDbBlockBegin
  2
*D24
 70
     1
 10
0.0
 20
0.0
 30
0.0
  3
*D24
  1

  0
LINE
  5
65D
330
4A8
100
AcDbEntity
  8
0
  6
Continuous
 62
     0
440
 16777216
370
    -2
100
AcDbLine
 10
1940.535512731256
 20
281.2815710094664
 30
0.0
 11
1959.612255676962
 21
294.5216372619668
 31
0.0
  0
LINE
  5
65E
330
4A8
100
AcDbEntity
  8
0
  6
Continuous
 62
     0
440
 16777216
370
    -2
100
AcDbLine
 10
1981.30208690791
 20
309.5752972772344
 30
0.0
 11
1968.137192557403
 21
300.4383039286333
 31
0.0
  0
INSERT
  5
65F
330
4A8
100
AcDbEntity
  8
0
  6
Continuous
 62
     0
440
 16777216
370
    -2
100
AcDbBlockReference
  2
_FILLED
 10
1937.660176202444
 20
279.2859658766592
 30
0.0
 41
3.5
 42
3.5
 43
3.5
 50
214.7622831334027
  0
INSERT
  5
660
330
4A8
100
AcDbEntity
  8
0
  6
Continuous
 62
     0
440
 16777216
370
    -2
100
AcDbBlockReference
  2
_FILLED
 10
1984.177423436721
 20
311.5709024100413
 30
0.0
 41
3.5
 42
3.5
 43
3.5
 50
34.76228313340271
  0
MTEXT
  5
661
330
4A8
100
AcDbEntity
  8
0
  6
Continuous
 62
     0
440
 16777216
100
AcDbMText
 10
1963.874724117182
 20
299.8133039286334
 30
0.0
 40
3.5
 41
20.2628915663
 46
0.0
 71
     2
 72
     1
  1
\A1;{\fSymbol_ISO;\W1.0;⌀}56,62
 73
     2
 44
0.9
  0
POINT
  5
662
330
4A8
100
AcDbEntity
  8
DEFPOINTS
  6
Continuous
 62
     0
440
 16777216
100
AcDbPoint
 10
1984.177423436721
 20
311.5709024100413
 30
0.0
  0
POINT
  5
663
330
4A8
100
AcDbEntity
  8
DEFPOINTS
  6
Continuous
 62
     0
440
 16777216
100
AcDbPoint
 10
1937.660176202444
 20
279.2859658766592
 30
0.0
  0
ENDBLK
  5
4AA
330
4A8
100
AcDbEntity
  8
0
100
AcDbBlockEnd
  0
BLOCK
  5
4B3
330
4B2
100
AcDbEntity
  8
0
100
AcDbBlockBegin
  2
*D25
 70
     1
 10
0.0
 20
0.0
 30
0.0
  3
*D25
  1

  0
LINE
  5
664
330
4B2
100
AcDbEntity
  8
0
  6
Continuous
 62
     0
440
 16777216
370
    -2
100
AcDbLine
 10
1872.120812834966
 20
209.6843152979539
 30
0.0
 11
1931.483571332812
 21
248.0624730028662
 31
0.0
  0
LINE
  5
665
330
4B2
100
AcDbEntity
  8
0
  6
Continuous
 62
     0
440
 16777216
370
    -2
100
AcDbLine
 10
1949.716786804099
 20
259.850288066246
 30
0.0
 11
1940.635382556951
 21
253.9791396695329
 31
0.0
  0
INSERT
  5
666
330
4B2
100
AcDbEntity
  8
0
  6
Continuous
 62
     0
440
 16777216
370
    -2
100
AcDbBlockReference
  2
_FILLED
 10
1869.181571396743
 20
207.7840890567316
 30
0.0
 41
3.5
 42
3.5
 43
3.5
 50
212.8827596630252
  0
INSERT
  5
667
330
4B2
100
AcDbEntity
  8
0
  6
Continuous
 62
     0
440
 16777216
370
    -2
100
AcDbBlockReference
  2
_FILLED
 10
1952.656028242322
 20
261.7505143074685
 30
0.0
 41
3.5
 42
3.5
 43
3.5
 50
32.88275966302518
  0
MTEXT
  5
668
330
4B2
100
AcDbEntity
  8
0
  6
Continuous
 62
     0
440
 16777216
100
AcDbMText
 10
1936.059476944882
 20
253.3541396695329
 30
0.0
 40
3.5
 41
16.7348915663
 46
0.0
 71
     2
 72
     1
  1
\A1;{\fSymbol_ISO;\W1.0;⌀}99,4
 73
     2
 44
0.9
  0
POINT
  5
669
330
4B2
100
AcDbEntity
  8
DEFPOINTS
  6
Continuous
 62
     0
440
 16777216
100
AcDbPoint
 10
1952.656028242322
 20
261.7505143074685
 30
0.0
  0
POINT
  5
66A
330
4B2
100
AcDbEntity
  8
DEFPOINTS
  6
Continuous
 62
     0
440
 16777216
100
AcDbPoint
 10
1869.181571396743
 20
207.7840890567316
 30
0.0
  0
ENDBLK
  5
4B4
330
4B2
100
AcDbEntity
  8
0
100
AcDbBlockEnd
  0
BLOCK
  5
4BD
330
4BC
100
AcDbEntity
  8
0
100
AcDbBlockBegin
  2
*D26
 70
     1
 10
0.0
 20
0.0
 30
0.0
  3
*D26
  1

  0
LINE
  5
66B
330
4BC
100
AcDbEntity
  8
0
  6
Continuous
 62
     0
440
 16777216
370
    -2
100
AcDbLine
 10
1690.42203195885
 20
481.2588246081002
 30
0.0
 11
1737.318110944649
 21
481.2588246081002
 31
0.0
  0
LINE
  5
66C
330
4BC
100
AcDbEntity
  8
0
  6
Continuous
 62
     0
440
 16777216
370
    -2
100
AcDbLine
 10
1686.42203195885
 20
426.6075839303002
 30
0.0
 11
1737.318110944649
 21
426.6075839303002
 31
0.0
  0
LINE
  5
66D
330
4BC
100
AcDbEntity
  8
0
  6
Continuous
 62
     0
440
 16777216
370
    -2
100
AcDbLine
 10
1735.818110944649
 20
477.7588246081002
 30
0.0
 11
1735.818110944649
 21
430.1075839303002
 31
0.0
  0
INSERT
  5
66E
330
4BC
100
AcDbEntity
  8
0
  6
Continuous
 62
     0
440
 16777216
370
    -2
100
AcDbBlockReference
  2
_FILLED
 10
1735.818110944649
 20
481.2588246081002
 30
0.0
 41
3.5
 42
3.5
 43
3.5
 50
90.0
  0
INSERT
  5
66F
330
4BC
100
AcDbEntity
  8
0
  6
Continuous
 62
     0
440
 16777216
370
    -2
100
AcDbBlockReference
  2
_FILLED
 10
1735.818110944649
 20
426.6075839303002
 30
0.0
 41
3.5
 42
3.5
 43
3.5
 50
270.0
  0
MTEXT
  5
670
330
4BC
100
AcDbEntity
  8
0
  6
Continuous
 62
     0
440
 16777216
100
AcDbMText
 10
1730.276444277982
 20
458.7489691058999
 30
0.0
 40
3.5
 41
10.36
 46
0.0
 71
     2
 72
     1
  1
\A1;54,65
 11
0.0000000000000001
 21
1.0
 31
0.0
 73
     2
 44
0.9
  0
POINT
  5
671
330
4BC
100
AcDbEntity
  8
DEFPOINTS
  6
Continuous
 62
     0
440
 16777216
100
AcDbPoint
 10
1689.42203195885
 20
481.2588246081002
 30
0.0
  0
POINT
  5
672
330
4BC
100
AcDbEntity
  8
DEFPOINTS
  6
Continuous
 62
     0
440
 16777216
100
AcDbPoint
 10
1685.42203195885
 20
426.6075839303002
 30
0.0
  0
POINT
  5
673
330
4BC
100
AcDbEntity
  8
DEFPOINTS
  6
Continuous
 62
     0
440
 16777216
100
AcDbPoint
 10
1735.818110944649
 20
426.6075839303002
 30
0.0
  0
ENDBLK
  5
4BE
330
4BC
100
AcDbEntity
  8
0
100
AcDbBlockEnd
  0
BLOCK
  5
67E
330
67D
100
AcDbEntity
  8
0
100
AcDbBlockBegin
  2
*U27
 70
     1
 10
0.0
 20
0.0
 30
0.0
  3
*U27
  1

  0
LINE
  5
683
330
67D
100
AcDbEntity
  8
0
  6
Continuous
 62
     0
440
 16777216
100
AcDbLine
 10
-0.3
 20
0.0
 30
0.0
 11
0.3
 21
0.0
 31
0.0
  0
LINE
  5
684
330
67D
100
AcDbEntity
  8
0
  6
Continuous
 62
     0
440
 16777216
100
AcDbLine
 10
0.0
 20
-0.3
 30
0.0
 11
0.0
 21
0.3
 31
0.0
  0
LINE
  5
685
330
67D
100
AcDbEntity
  8
0
  6
CENTER2
 62
     0
440
 16777216
100
AcDbLine
 10
-6.5
 20
0.0
 30
0.0
 11
-0.5999999999999997
 21
0.0
 31
0.0
  0
LINE
  5
686
330
67D
100
AcDbEntity
  8
0
  6
CENTER2
 62
     0
440
 16777216
100
AcDbLine
 10
0.6000000000000001
 20
0.0
 30
0.0
 11
6.5
 21
0.0
 31
0.0
  0
LINE
  5
687
330
67D
100
AcDbEntity
  8
0
  6
CENTER2
 62
     0
440
 16777216
100
AcDbLine
 10
0.0
 20
-6.5
 30
0.0
 11
0.0
 21
-0.5999999999999997
 31
0.0
  0
LINE
  5
688
330
67D
100
AcDbEntity
  8
0
  6
CENTER2
 62
     0
440
 16777216
100
AcDbLine
 10
0.0
 20
0.6000000000000001
 30
0.0
 11
0.0
 21
6.5
 31
0.0
  0
ENDBLK
  5
67F
330
67D
100
AcDbEntity
  8
0
100
AcDbBlockEnd
  0
BLOCK
  5
68E
330
68D
100
AcDbEntity
  8
0
100
AcDbBlockBegin
  2
*U28
 70
     1
 10
0.0
 20
0.0
 30
0.0
  3
*U28
  1

  0
LINE
  5
692
330
68D
100
AcDbEntity
  8
0
  6
Continuous
 62
     0
440
 16777216
100
AcDbLine
 10
-0.3
 20
0.0
 30
0.0
 11
0.3
 21
0.0
 31
0.0
  0
LINE
  5
693
330
68D
100
AcDbEntity
  8
0
  6
Continuous
 62
     0
440
 16777216
100
AcDbLine
 10
0.0
 20
-0.3
 30
0.0
 11
0.0
 21
0.3
 31
0.0
  0
LINE
  5
694
330
68D
100
AcDbEntity
  8
0
  6
CENTER2
 62
     0
440
 16777216
100
AcDbLine
 10
-6.5
 20
0.0
 30
0.0
 11
-0.5999999999999997
 21
0.0
 31
0.0
  0
LINE
  5
695
330
68D
100
AcDbEntity
  8
0
  6
CENTER2
 62
     0
440
 16777216
100
AcDbLine
 10
0.6000000000000001
 20
0.0
 30
0.0
 11
6.5
 21
0.0
 31
0.0
  0
LINE
  5
696
330
68D
100
AcDbEntity
  8
0
  6
CENTER2
 62
     0
440
 16777216
100
AcDbLine
 10
0.0
 20
-6.5
 30
0.0
 11
0.0
 21
-0.5999999999999997
 31
0.0
  0
LINE
  5
697
330
68D
100
AcDbEntity
  8
0
  6
CENTER2
 62
     0
440
 16777216
100
AcDbLine
 10
0.0
 20
0.6000000000000001
 30
0.0
 11
0.0
 21
6.5
 31
0.0
  0
ENDBLK
  5
68F
330
68D
100
AcDbEntity
  8
0
100
AcDbBlockEnd
  0
BLOCK
  5
69D
330
69C
100
AcDbEntity
  8
0
100
AcDbBlockBegin
  2
*U29
 70
     1
 10
0.0
 20
0.0
 30
0.0
  3
*U29
  1

  0
LINE
  5
6A1
330
69C
100
AcDbEntity
  8
0
  6
Continuous
 62
     0
440
 16777216
100
AcDbLine
 10
-0.3
 20
0.0
 30
0.0
 11
0.3
 21
0.0
 31
0.0
  0
LINE
  5
6A2
330
69C
100
AcDbEntity
  8
0
  6
Continuous
 62
     0
440
 16777216
100
AcDbLine
 10
0.0
 20
-0.3
 30
0.0
 11
0.0
 21
0.3
 31
0.0
  0
LINE
  5
6A3
330
69C
100
AcDbEntity
  8
0
  6
CENTER2
 62
     0
440
 16777216
100
AcDbLine
 10
-6.5
 20
0.0
 30
0.0
 11
-0.5999999999999997
 21
0.0
 31
0.0
  0
LINE
  5
6A4
330
69C
100
AcDbEntity
  8
0
  6
CENTER2
 62
     0
440
 16777216
100
AcDbLine
 10
0.6000000000000001
 20
0.0
 30
0.0
 11
6.5
 21
0.0
 31
0.0
  0
LINE
  5
6A5
330
69C
100
AcDbEntity
  8
0
  6
CENTER2
 62
     0
440
 16777216
100
AcDbLine
 10
0.0
 20
-6.5
 30
0.0
 11
0.0
 21
-0.5999999999999997
 31
0.0
  0
LINE
  5
6A6
330
69C
100
AcDbEntity
  8
0
  6
CENTER2
 62
     0
440
 16777216
100
AcDbLine
 10
0.0
 20
0.6000000000000001
 30
0.0
 11
0.0
 21
6.5
 31
0.0
  0
ENDBLK
  5
69E
330
69C
100
AcDbEntity
  8
0
100
AcDbBlockEnd
  0
BLOCK
  5
6AC
330
6AB
100
AcDbEntity
  8
0
100
AcDbBlockBegin
  2
*U30
 70
     1
 10
0.0
 20
0.0
 30
0.0
  3
*U30
  1

  0
LINE
  5
6B0
330
6AB
100
AcDbEntity
  8
0
  6
Continuous
 62
     0
440
 16777216
100
AcDbLine
 10
-0.3
 20
0.0
 30
0.0
 11
0.3
 21
0.0
 31
0.0
  0
LINE
  5
6B1
330
6AB
100
AcDbEntity
  8
0
  6
Continuous
 62
     0
440
 16777216
100
AcDbLine
 10
0.0
 20
-0.3
 30
0.0
 11
0.0
 21
0.3
 31
0.0
  0
LINE
  5
6B2
330
6AB
100
AcDbEntity
  8
0
  6
CENTER2
 62
     0
440
 16777216
100
AcDbLine
 10
-6.5
 20
0.0
 30
0.0
 11
-0.5999999999999997
 21
0.0
 31
0.0
  0
LINE
  5
6B3
330
6AB
100
AcDbEntity
  8
0
  6
CENTER2
 62
     0
440
 16777216
100
AcDbLine
 10
0.6000000000000001
 20
0.0
 30
0.0
 11
6.5
 21
0.0
 31
0.0
  0
LINE
  5
6B4
330
6AB
100
AcDbEntity
  8
0
  6
CENTER2
 62
     0
440
 16777216
100
AcDbLine
 10
0.0
 20
-6.5
 30
0.0
 11
0.0
 21
-0.5999999999999997
 31
0.0
  0
LINE
  5
6B5
330
6AB
100
AcDbEntity
  8
0
  6
CENTER2
 62
     0
440
 16777216
100
AcDbLine
 10
0.0
 20
0.6000000000000001
 30
0.0
 11
0.0
 21
6.5
 31
0.0
  0
ENDBLK
  5
6AD
330
6AB
100
AcDbEntity
  8
0
100
AcDbBlockEnd
  0
BLOCK
  5
6BB
330
6BA
100
AcDbEntity
  8
0
100
AcDbBlockBegin
  2
*U31
 70
     1
 10
0.0
 20
0.0
 30
0.0
  3
*U31
  1

  0
LINE
  5
6BF
330
6BA
100
AcDbEntity
  8
0
  6
Continuous
 62
     0
440
 16777216
100
AcDbLine
 10
-0.3
 20
0.0
 30
0.0
 11
0.3
 21
0.0
 31
0.0
  0
LINE
  5
6C0
330
6BA
100
AcDbEntity
  8
0
  6
Continuous
 62
     0
440
 16777216
100
AcDbLine
 10
0.0
 20
-0.3
 30
0.0
 11
0.0
 21
0.3
 31
0.0
  0
LINE
  5
6C1
330
6BA
100
AcDbEntity
  8
0
  6
CENTER2
 62
     0
440
 16777216
100
AcDbLine
 10
-6.5
 20
0.0
 30
0.0
 11
-0.5999999999999997
 21
0.0
 31
0.0
  0
LINE
  5
6C2
330
6BA
100
AcDbEntity
  8
0
  6
CENTER2
 62
     0
440
 16777216
100
AcDbLine
 10
0.6000000000000001
 20
0.0
 30
0.0
 11
6.5
 21
0.0
 31
0.0
  0
LINE
  5
6C3
330
6BA
100
AcDbEntity
  8
0
  6
CENTER2
 62
     0
440
 16777216
100
AcDbLine
 10
0.0
 20
-6.5
 30
0.0
 11
0.0
 21
-0.5999999999999997
 31
0.0
  0
LINE
  5
6C4
330
6BA
100
AcDbEntity
  8
0
  6
CENTER2
 62
     0
440
 16777216
100
AcDbLine
 10
0.0
 20
0.6000000000000001
 30
0.0
 11
0.0
 21
6.5
 31
0.0
  0
ENDBLK
  5
6BC
330
6BA
100
AcDbEntity
  8
0
100
AcDbBlockEnd
  0
BLOCK
  5
6CA
330
6C9
100
AcDbEntity
  8
0
100
AcDbBlockBegin
  2
*U32
 70
     1
 10
0.0
 20
0.0
 30
0.0
  3
*U32
  1

  0
LINE
  5
6CE
330
6C9
100
AcDbEntity
  8
0
  6
Continuous
 62
     0
440
 16777216
100
AcDbLine
 10
-0.3
 20
0.0
 30
0.0
 11
0.3
 21
0.0
 31
0.0
  0
LINE
  5
6CF
330
6C9
100
AcDbEntity
  8
0
  6
Continuous
 62
     0
440
 16777216
100
AcDbLine
 10
0.0
 20
-0.3
 30
0.0
 11
0.0
 21
0.3
 31
0.0
  0
LINE
  5
6D0
330
6C9
100
AcDbEntity
  8
0
  6
CENTER2
 62
     0
440
 16777216
100
AcDbLine
 10
-6.5
 20
0.0
 30
0.0
 11
-0.5999999999999997
 21
0.0
 31
0.0
  0
LINE
  5
6D1
330
6C9
100
AcDbEntity
  8
0
  6
CENTER2
 62
     0
440
 16777216
100
AcDbLine
 10
0.6000000000000001
 20
0.0
 30
0.0
 11
6.5
 21
0.0
 31
0.0
  0
LINE
  5
6D2
330
6C9
100
AcDbEntity
  8
0
  6
CENTER2
 62
     0
440
 16777216
100
AcDbLine
 10
0.0
 20
-6.5
 30
0.0
 11
0.0
 21
-0.5999999999999997
 31
0.0
  0
LINE
  5
6D3
330
6C9
100
AcDbEntity
  8
0
  6
CENTER2
 62
     0
440
 16777216
100
AcDbLine
 10
0.0
 20
0.6000000000000001
 30
0.0
 11
0.0
 21
6.5
 31
0.0
  0
ENDBLK
  5
6CB
330
6C9
100
AcDbEntity
  8
0
100
AcDbBlockEnd
  0
BLOCK
  5
761
330
760
100
AcDbEntity
  8
0
100
AcDbBlockBegin
  2
*D33
 70
     1
 10
0.0
 20
0.0
 30
0.0
  3
*D33
  1

  0
LINE
  5
779
330
760
100
AcDbEntity
  8
0
  6
Continuous
 62
     0
440
 16777216
370
    -2
100
AcDbLine
 10
1169.580290712733
 20
-67.21003641119999
 30
0.0
 11
1169.580290712733
 21
-82.37665383571949
 31
0.0
  0
LINE
  5
77A
330
760
100
AcDbEntity
  8
0
  6
Continuous
 62
     0
440
 16777216
370
    -2
100
AcDbLine
 10
1170.180290712734
 20
-67.21003641119999
 30
0.0
 11
1170.180290712734
 21
-82.37665383571949
 31
0.0
  0
LINE
  5
77B
330
760
100
AcDbEntity
  8
0
  6
Continuous
 62
     0
440
 16777216
370
    -2
100
AcDbLine
 10
1166.080290712733
 20
-80.87665383571948
 30
0.0
 11
1162.580290712733
 21
-80.87665383571948
 31
0.0
  0
LINE
  5
77C
330
760
100
AcDbEntity
  8
0
  6
Continuous
 62
     0
440
 16777216
370
    -2
100
AcDbLine
 10
1173.680290712733
 20
-80.87665383571948
 30
0.0
 11
1186.0969573794
 21
-80.87665383571948
 31
0.0
  0
INSERT
  5
77D
330
760
100
AcDbEntity
  8
0
  6
Continuous
 62
     0
440
 16777216
370
    -2
100
AcDbBlockReference
  2
_FILLED
 10
1169.580290712733
 20
-80.87665383571948
 30
0.0
 41
3.5
 42
3.5
 43
3.5
  0
INSERT
  5
77E
330
760
100
AcDbEntity
  8
0
  6
Continuous
 62
     0
440
 16777216
370
    -2
100
AcDbBlockReference
  2
_FILLED
 10
1170.180290712734
 20
-80.87665383571948
 30
0.0
 41
3.5
 42
3.5
 43
3.5
 50
180.0
  0
MTEXT
  5
77F
330
760
100
AcDbEntity
  8
0
  6
Continuous
 62
     0
440
 16777216
100
AcDbMText
 10
1181.638624046067
 20
-77.91832050238617
 30
0.0
 40
3.5
 41
0.0
 46
0.0
 71
     5
 72
     1
  1
\A1;0,6
 73
     1
 44
1.0
  0
POINT
  5
780
330
760
100
AcDbEntity
  8
DEFPOINTS
  6
Continuous
 62
     0
440
 16777216
100
AcDbPoint
 10
1169.580290712733
 20
-66.21003641119999
 30
0.0
  0
POINT
  5
781
330
760
100
AcDbEntity
  8
DEFPOINTS
  6
Continuous
 62
     0
440
 16777216
100
AcDbPoint
 10
1170.180290712734
 20
-66.21003641119999
 30
0.0
  0
POINT
  5
782
330
760
100
AcDbEntity
  8
DEFPOINTS
  6
Continuous
 62
     0
440
 16777216
100
AcDbPoint
 10
1170.180290712734
 20
-80.87665383571948
 30
0.0
  0
ENDBLK
  5
762
330
760
100
AcDbEntity
  8
0
100
AcDbBlockEnd
  0
BLOCK
  5
787
330
786
100
AcDbEntity
  8
0
100
AcDbBlockBegin
  2
*D34
 70
     1
 10
0.0
 20
0.0
 30
0.0
  3
*D34
  1

  0
LINE
  5
789
330
786
100
AcDbEntity
  8
0
  6
Continuous
 62
     0
440
 16777216
370
    -2
100
AcDbLine
 10
1960.618799819583
 20
52.78996358879999
 30
0.0
 11
1960.618799819583
 21
37.62334616428051
 31
0.0
  0
LINE
  5
78A
330
786
100
AcDbEntity
  8
0
  6
Continuous
 62
     0
440
 16777216
370
    -2
100
AcDbLine
 10
1961.218799819583
 20
52.78996358879999
 30
0.0
 11
1961.218799819583
 21
37.62334616428051
 31
0.0
  0
LINE
  5
78B
330
786
100
AcDbEntity
  8
0
  6
Continuous
 62
     0
440
 16777216
370
    -2
100
AcDbLine
 10
1957.118799819583
 20
39.12334616428051
 30
0.0
 11
1953.618799819583
 21
39.12334616428051
 31
0.0
  0
LINE
  5
78C
330
786
100
AcDbEntity
  8
0
  6
Continuous
 62
     0
440
 16777216
370
    -2
100
AcDbLine
 10
1964.718799819583
 20
39.12334616428051
 30
0.0
 11
1977.135466486249
 21
39.12334616428051
 31
0.0
  0
INSERT
  5
78D
330
786
100
AcDbEntity
  8
0
  6
Continuous
 62
     0
440
 16777216
370
    -2
100
AcDbBlockReference
  2
_FILLED
 10
1960.618799819583
 20
39.12334616428051
 30
0.0
 41
3.5
 42
3.5
 43
3.5
  0
INSERT
  5
78E
330
786
100
AcDbEntity
  8
0
  6
Continuous
 62
     0
440
 16777216
370
    -2
100
AcDbBlockReference
  2
_FILLED
 10
1961.218799819583
 20
39.12334616428051
 30
0.0
 41
3.5
 42
3.5
 43
3.5
 50
180.0
  0
MTEXT
  5
78F
330
786
100
AcDbEntity
  8
0
  6
Continuous
 62
     0
440
 16777216
100
AcDbMText
 10
1972.677133152916
 20
42.08167949761384
 30
0.0
 40
3.5
 41
0.0
 46
0.0
 71
     5
 72
     1
  1
\A1;0,6
 73
     1
 44
1.0
  0
POINT
  5
790
330
786
100
AcDbEntity
  8
DEFPOINTS
  6
Continuous
 62
     0
440
 16777216
100
AcDbPoint
 10
1960.618799819583
 20
53.78996358879999
 30
0.0
  0
POINT
  5
791
330
786
100
AcDbEntity
  8
DEFPOINTS
  6
Continuous
 62
     0
440
 16777216
100
AcDbPoint
 10
1961.218799819583
 20
53.78996358879999
 30
0.0
  0
POINT
  5
792
330
786
100
AcDbEntity
  8
DEFPOINTS
  6
Continuous
 62
     0
440
 16777216
100
AcDbPoint
 10
1961.218799819583
 20
39.12334616428051
 30
0.0
  0
ENDBLK
  5
788
330
786
100
AcDbEntity
  8
0
100
AcDbBlockEnd
  0
BLOCK
  5
7E5
330
7E4
100
AcDbEntity
  8
0
  6
Continuous
 62
     2
100
AcDbBlockBegin
  2
*D35
 70
     1
 10
0.0
 20
0.0
 30
0.0
  3
*D35
  1

  0
MTEXT
  5
7E6
330
7E4
100
AcDbEntity
  8
0
  6
Continuous
 62
     2
440
 16777216
100
AcDbMText
 10
95.8902658478
 20
-352.6406511984
 30
0.0
 40
3.5
 41
12.712
 46
0.0
 71
     2
 72
     1
  1
210,55
 11
0.0
 21
1.0
 31
0.0
 73
     2
 44
0.9
  0
LINE
  5
7E7
330
7E4
100
AcDbEntity
  8
0
  6
Continuous
 62
     2
440
 16777216
100
AcDbLine
 10
134.0095876383
 20
-249.8812227074
 30
0.0
 11
98.76526584780002
 21
-249.8812227074
 31
0.0
  0
LINE
  5
7E8
330
7E4
100
AcDbEntity
  8
0
  6
Continuous
 62
     2
440
 16777216
100
AcDbLine
 10
140.0095876383
 20
-460.4338873472999
 30
0.0
 11
98.76526584780002
 21
-460.4338873472999
 31
0.0
  0
LINE
  5
7E9
330
7E4
100
AcDbEntity
  8
0
  6
Continuous
 62
     2
440
 16777216
100
AcDbLine
 10
100.2652658478
 20
-249.8812227074
 30
0.0
 11
100.2652658478
 21
-355.1575550273999
 31
0.0
  0
LINE
  5
7EA
330
7E4
100
AcDbEntity
  8
0
  6
Continuous
 62
     2
440
 16777216
100
AcDbLine
 10
100.2652658478
 20
-460.4338873472999
 30
0.0
 11
100.2652658478
 21
-355.1575550273999
 31
0.0
  0
INSERT
  5
7EB
330
7E4
100
AcDbEntity
  8
0
  6
Continuous
 62
     2
440
 16777216
100
AcDbBlockReference
  2
_FILLED
 10
100.2652658478
 20
-249.8812227074
 30
0.0
 41
3.5
 42
3.5
 43
3.5
 50
90.0
  0
INSERT
  5
7EC
330
7E4
100
AcDbEntity
  8
0
  6
Continuous
 62
     2
440
 16777216
100
AcDbBlockReference
  2
_FILLED
 10
100.2652658478
 20
-460.4338873472999
 30
0.0
 41
3.5
 42
3.5
 43
3.5
 50
270.0
  0
ENDBLK
  5
7ED
330
7E4
100
AcDbEntity
  8
0
  6
ByBlock
 62
     0
100
AcDbBlockEnd
  0
BLOCK
  5
7EF
330
7EE
100
AcDbEntity
  8
0
  6
Continuous
 62
     2
100
AcDbBlockBegin
  2
*D36
 70
     1
 10
0.0
 20
0.0
 30
0.0
  3
*D36
  1

  0
MTEXT
  5
7F0
330
7EE
100
AcDbEntity
  8
0
  6
Continuous
 62
     2
440
 16777216
100
AcDbMText
 10
171.2715547476
 20
-482.415907091
 30
0.0
 40
3.5
 41
4.703999999999997
 46
0.0
 71
     1
 72
     1
  1
20
 73
     2
 44
0.9
  0
LINE
  5
7F1
330
7EE
100
AcDbEntity
  8
0
  6
Continuous
 62
     2
440
 16777216
100
AcDbLine
 10
140.0095876383
 20
-460.4338873472999
 30
0.0
 11
140.0095876383
 21
-488.290907091
 31
0.0
  0
LINE
  5
7F2
330
7EE
100
AcDbEntity
  8
0
  6
Continuous
 62
     2
440
 16777216
100
AcDbLine
 10
160.0095876383
 20
-460.4338873472999
 30
0.0
 11
160.0095876383
 21
-488.290907091
 31
0.0
  0
LINE
  5
7F3
330
7EE
100
AcDbEntity
  8
0
  6
Continuous
 62
     2
440
 16777216
100
AcDbLine
 10
140.0095876383
 20
-486.790907091
 30
0.0
 11
135.0095876383
 21
-486.790907091
 31
0.0
  0
LINE
  5
7F4
330
7EE
100
AcDbEntity
  8
0
  6
Continuous
 62
     2
440
 16777216
100
AcDbLine
 10
135.0095876383
 20
-486.790907091
 30
0.0
 11
150.0095876383
 21
-486.790907091
 31
0.0
  0
LINE
  5
7F5
330
7EE
100
AcDbEntity
  8
0
  6
Continuous
 62
     2
440
 16777216
100
AcDbLine
 10
160.0095876383
 20
-486.790907091
 30
0.0
 11
175.9755547476
 21
-486.790907091
 31
0.0
  0
LINE
  5
7F6
330
7EE
100
AcDbEntity
  8
0
  6
Continuous
 62
     2
440
 16777216
100
AcDbLine
 10
175.9755547476
 20
-486.790907091
 30
0.0
 11
150.0095876383
 21
-486.790907091
 31
0.0
  0
INSERT
  5
7F7
330
7EE
100
AcDbEntity
  8
0
  6
Continuous
 62
     2
440
 16777216
100
AcDbBlockReference
  2
_FILLED
 10
140.0095876383
 20
-486.790907091
 30
0.0
 41
3.5
 42
3.5
 43
3.5
  0
INSERT
  5
7F8
330
7EE
100
AcDbEntity
  8
0
  6
Continuous
 62
     2
440
 16777216
100
AcDbBlockReference
  2
_FILLED
 10
160.0095876383
 20
-486.790907091
 30
0.0
 41
3.5
 42
3.5
 43
3.5
 50
180.0
  0
ENDBLK
  5
7F9
330
7EE
100
AcDbEntity
  8
0
  6
ByBlock
 62
     0
100
AcDbBlockEnd
  0
BLOCK
  5
7FB
330
7FA
100
AcDbEntity
  8
0
  6
Continuous
 62
     2
100
AcDbBlockBegin
  2
*D37
 70
     1
 10
0.0
 20
0.0
 30
0.0
  3
*D37
  1

  0
MTEXT
  5
7FC
330
7FA
100
AcDbEntity
  8
0
  6
Continuous
 62
     2
440
 16777216
100
AcDbMText
 10
150.0573880593
 20
-231.7876989645
 30
0.0
 40
3.5
 41
4.703999999999997
 46
0.0
 71
     2
 72
     1
  1
10
 73
     2
 44
0.9
  0
LINE
  5
7FD
330
7FA
100
AcDbEntity
  8
0
  6
Continuous
 62
     2
440
 16777216
100
AcDbLine
 10
145.0095876383
 20
-248.8812227074
 30
0.0
 11
145.0095876383
 21
-234.6626989645
 31
0.0
  0
LINE
  5
7FE
330
7FA
100
AcDbEntity
  8
0
  6
Continuous
 62
     2
440
 16777216
100
AcDbLine
 10
155.0095876383
 20
-248.8812227074
 30
0.0
 11
155.0095876383
 21
-234.6626989645
 31
0.0
  0
LINE
  5
7FF
330
7FA
100
AcDbEntity
  8
0
  6
Continuous
 62
     2
440
 16777216
100
AcDbLine
 10
145.0095876383
 20
-236.1626989645
 30
0.0
 11
140.0095876383
 21
-236.1626989645
 31
0.0
  0
LINE
  5
800
330
7FA
100
AcDbEntity
  8
0
  6
Continuous
 62
     2
440
 16777216
100
AcDbLine
 10
140.0095876383
 20
-236.1626989645
 30
0.0
 11
150.0095876383
 21
-236.1626989645
 31
0.0
  0
LINE
  5
801
330
7FA
100
AcDbEntity
  8
0
  6
Continuous
 62
     2
440
 16777216
100
AcDbLine
 10
155.0095876383
 20
-236.1626989645
 30
0.0
 11
160.0095876383
 21
-236.1626989645
 31
0.0
  0
LINE
  5
802
330
7FA
100
AcDbEntity
  8
0
  6
Continuous
 62
     2
440
 16777216
100
AcDbLine
 10
160.0095876383
 20
-236.1626989645
 30
0.0
 11
150.0095876383
 21
-236.1626989645
 31
0.0
  0
INSERT
  5
803
330
7FA
100
AcDbEntity
  8
0
  6
Continuous
 62
     2
440
 16777216
100
AcDbBlockReference
  2
_FILLED
 10
145.0095876383
 20
-236.1626989645
 30
0.0
 41
3.5
 42
3.5
 43
3.5
  0
INSERT
  5
804
330
7FA
100
AcDbEntity
  8
0
  6
Continuous
 62
     2
440
 16777216
100
AcDbBlockReference
  2
_FILLED
 10
155.0095876383
 20
-236.1626989645
 30
0.0
 41
3.5
 42
3.5
 43
3.5
 50
180.0
  0
ENDBLK
  5
805
330
7FA
100
AcDbEntity
  8
0
  6
ByBlock
 62
     0
100
AcDbBlockEnd
  0
BLOCK
  5
807
330
806
100
AcDbEntity
  8
0
  6
Continuous
 62
     2
100
AcDbBlockBegin
  2
*D38
 70
     1
 10
0.0
 20
0.0
 30
0.0
  3
*D38
  1

  0
MTEXT
  5
808
330
806
100
AcDbEntity
  8
0
  6
Continuous
 62
     2
440
 16777216
100
AcDbMText
 10
126.586914945
 20
-465.7177426138998
 30
0.0
 40
3.5
 41
8.007999999999999
 46
0.0
 71
     3
 72
     1
  1
8,15
 11
0.0
 21
1.0
 31
0.0
 73
     2
 44
0.9
  0
LINE
  5
809
330
806
100
AcDbEntity
  8
0
  6
Continuous
 62
     2
440
 16777216
100
AcDbLine
 10
140.0095876383
 20
-460.4338873472999
 30
0.0
 11
129.461914945
 21
-460.4338873472999
 31
0.0
  0
LINE
  5
80A
330
806
100
AcDbEntity
  8
0
  6
Continuous
 62
     2
440
 16777216
100
AcDbLine
 10
146.0095876383
 20
-452.2838900805999
 30
0.0
 11
129.461914945
 21
-452.2838900805999
 31
0.0
  0
LINE
  5
80B
330
806
100
AcDbEntity
  8
0
  6
Continuous
 62
     2
440
 16777216
100
AcDbLine
 10
130.961914945
 20
-460.4338873472999
 30
0.0
 11
130.961914945
 21
-473.7257426139
 31
0.0
  0
LINE
  5
80C
330
806
100
AcDbEntity
  8
0
  6
Continuous
 62
     2
440
 16777216
100
AcDbLine
 10
130.961914945
 20
-473.7257426139
 30
0.0
 11
130.961914945
 21
-456.3588887139998
 31
0.0
  0
LINE
  5
80D
330
806
100
AcDbEntity
  8
0
  6
Continuous
 62
     2
440
 16777216
100
AcDbLine
 10
130.961914945
 20
-452.2838900805999
 30
0.0
 11
130.961914945
 21
-447.2838900805998
 31
0.0
  0
LINE
  5
80E
330
806
100
AcDbEntity
  8
0
  6
Continuous
 62
     2
440
 16777216
100
AcDbLine
 10
130.961914945
 20
-447.2838900805998
 30
0.0
 11
130.961914945
 21
-456.3588887139998
 31
0.0
  0
INSERT
  5
80F
330
806
100
AcDbEntity
  8
0
  6
Continuous
 62
     2
440
 16777216
100
AcDbBlockReference
  2
_FILLED
 10
130.961914945
 20
-460.4338873472999
 30
0.0
 41
3.5
 42
3.5
 43
3.5
 50
90.0
  0
INSERT
  5
810
330
806
100
AcDbEntity
  8
0
  6
Continuous
 62
     2
440
 16777216
100
AcDbBlockReference
  2
_FILLED
 10
130.961914945
 20
-452.2838900805999
 30
0.0
 41
3.5
 42
3.5
 43
3.5
 50
270.0
  0
ENDBLK
  5
811
330
806
100
AcDbEntity
  8
0
  6
ByBlock
 62
     0
100
AcDbBlockEnd
  0
BLOCK
  5
813
330
812
100
AcDbEntity
  8
0
  6
Continuous
 62
     2
100
AcDbBlockBegin
  2
*D39
 70
     1
 10
0.0
 20
0.0
 30
0.0
  3
*D39
  1

  0
MTEXT
  5
814
330
812
100
AcDbEntity
  8
0
  6
Continuous
 62
     2
440
 16777216
100
AcDbMText
 10
119.4475650468
 20
-421.8794736118
 30
0.0
 40
3.5
 41
4.703999999999997
 46
0.0
 71
     2
 72
     1
  1
60
 11
0.0
 21
1.0
 31
0.0
 73
     2
 44
0.9
  0
LINE
  5
815
330
812
100
AcDbEntity
  8
0
  6
Continuous
 62
     2
440
 16777216
100
AcDbLine
 10
146.0095876383
 20
-452.2838900805999
 30
0.0
 11
122.3225650468
 21
-452.2838900805999
 31
0.0
  0
LINE
  5
816
330
812
100
AcDbEntity
  8
0
  6
Continuous
 62
     2
440
 16777216
100
AcDbLine
 10
146.0095876383
 20
-392.2838900806
 30
0.0
 11
122.3225650468
 21
-392.2838900806
 31
0.0
  0
LINE
  5
817
330
812
100
AcDbEntity
  8
0
  6
Continuous
 62
     2
440
 16777216
100
AcDbLine
 10
123.8225650468
 20
-452.2838900805999
 30
0.0
 11
123.8225650468
 21
-422.2838900805998
 31
0.0
  0
LINE
  5
818
330
812
100
AcDbEntity
  8
0
  6
Continuous
 62
     2
440
 16777216
100
AcDbLine
 10
123.8225650468
 20
-392.2838900806
 30
0.0
 11
123.8225650468
 21
-422.2838900805998
 31
0.0
  0
INSERT
  5
819
330
812
100
AcDbEntity
  8
0
  6
Continuous
 62
     2
440
 16777216
100
AcDbBlockReference
  2
_FILLED
 10
123.8225650468
 20
-452.2838900805999
 30
0.0
 41
3.5
 42
3.5
 43
3.5
 50
270.0
  0
INSERT
  5
81A
330
812
100
AcDbEntity
  8
0
  6
Continuous
 62
     2
440
 16777216
100
AcDbBlockReference
  2
_FILLED
 10
123.8225650468
 20
-392.2838900806
 30
0.0
 41
3.5
 42
3.5
 43
3.5
 50
90.0
  0
ENDBLK
  5
81B
330
812
100
AcDbEntity
  8
0
  6
ByBlock
 62
     0
100
AcDbBlockEnd
  0
BLOCK
  5
81D
330
81C
100
AcDbEntity
  8
0
  6
Continuous
 62
     2
100
AcDbBlockBegin
  2
*D40
 70
     1
 10
0.0
 20
0.0
 30
0.0
  3
*D40
  1

  0
MTEXT
  5
81E
330
81C
100
AcDbEntity
  8
0
  6
Continuous
 62
     2
440
 16777216
100
AcDbMText
 10
173.298628444
 20
-436.8728610333999
 30
0.0
 40
3.5
 41
16.9238915663
 46
0.0
 71
     1
 72
     1
  1
2 - \fSymbol_ISO;{\W1.0;⌀}\fIsonorm LT Regular;6
 73
     2
 44
0.9
  0
LINE
  5
81F
330
81C
100
AcDbEntity
  8
0
  6
Continuous
 62
     2
440
 16777216
100
AcDbLine
 10
152.5383230179
 20
-450.6697347659
 30
0.0
 11
167.298628444
 21
-441.2478610333998
 31
0.0
  0
LINE
  5
820
330
81C
100
AcDbEntity
  8
0
  6
Continuous
 62
     2
440
 16777216
100
AcDbLine
 10
167.298628444
 20
-441.2478610333998
 30
0.0
 11
169.098628444
 21
-441.2478610333998
 31
0.0
  0
LINE
  5
821
330
81C
100
AcDbEntity
  8
0
  6
Continuous
 62
     2
440
 16777216
100
AcDbLine
 10
169.098628444
 20
-441.2478610333998
 30
0.0
 11
188.7812228215
 21
-441.2478610333998
 31
0.0
  0
INSERT
  5
822
330
81C
100
AcDbEntity
  8
0
  6
Continuous
 62
     2
440
 16777216
100
AcDbBlockReference
  2
_FILLED
 10
152.5383230179
 20
-450.6697347659
 30
0.0
 41
3.5
 42
3.5
 43
3.5
 50
212.5511127222
  0
ENDBLK
  5
823
330
81C
100
AcDbEntity
  8
0
  6
ByBlock
 62
     0
100
AcDbBlockEnd
  0
BLOCK
  5
825
330
824
100
AcDbEntity
  8
0
  6
Continuous
 62
     2
100
AcDbBlockBegin
  2
*D41
 70
     1
 10
0.0
 20
0.0
 30
0.0
  3
*D41
  1

  0
MTEXT
  5
826
330
824
100
AcDbEntity
  8
0
  6
Continuous
 62
     2
440
 16777216
100
AcDbMText
 10
149.5751897235
 20
-71.03560411229999
 30
0.0
 40
3.5
 41
4.703999999999997
 46
0.0
 71
     2
 72
     1
  1
30
 73
     2
 44
0.9
  0
LINE
  5
827
330
824
100
AcDbEntity
  8
0
  6
Continuous
 62
     2
440
 16777216
100
AcDbLine
 10
135.0095876383
 20
-107.8458787805
 30
0.0
 11
135.0095876383
 21
-73.91060411229999
 31
0.0
  0
LINE
  5
828
330
824
100
AcDbEntity
  8
0
  6
Continuous
 62
     2
440
 16777216
100
AcDbLine
 10
165.0095876383
 20
-107.8458787805
 30
0.0
 11
165.0095876383
 21
-73.91060411229999
 31
0.0
  0
LINE
  5
829
330
824
100
AcDbEntity
  8
0
  6
Continuous
 62
     2
440
 16777216
100
AcDbLine
 10
135.0095876383
 20
-75.41060411229999
 30
0.0
 11
150.0095876383
 21
-75.41060411229999
 31
0.0
  0
LINE
  5
82A
330
824
100
AcDbEntity
  8
0
  6
Continuous
 62
     2
440
 16777216
100
AcDbLine
 10
165.0095876383
 20
-75.41060411229999
 30
0.0
 11
150.0095876383
 21
-75.41060411229999
 31
0.0
  0
INSERT
  5
82B
330
824
100
AcDbEntity
  8
0
  6
Continuous
 62
     2
440
 16777216
100
AcDbBlockReference
  2
_FILLED
 10
135.0095876383
 20
-75.41060411229999
 30
0.0
 41
3.5
 42
3.5
 43
3.5
 50
180.0
  0
INSERT
  5
82C
330
824
100
AcDbEntity
  8
0
  6
Continuous
 62
     2
440
 16777216
100
AcDbBlockReference
  2
_FILLED
 10
165.0095876383
 20
-75.41060411229999
 30
0.0
 41
3.5
 42
3.5
 43
3.5
  0
ENDBLK
  5
82D
330
824
100
AcDbEntity
  8
0
  6
ByBlock
 62
     0
100
AcDbBlockEnd
  0
BLOCK
  5
82F
330
82E
100
AcDbEntity
  8
0
  6
Continuous
 62
     2
100
AcDbBlockBegin
  2
*D42
 70
     1
 10
0.0
 20
0.0
 30
0.0
  3
*D42
  1

  0
MTEXT
  5
830
330
82E
100
AcDbEntity
  8
0
  6
Continuous
 62
     2
440
 16777216
100
AcDbMText
 10
149.6577434306
 20
-80.7642717603
 30
0.0
 40
3.5
 41
4.703999999999997
 46
0.0
 71
     2
 72
     1
  1
20
 73
     2
 44
0.9
  0
LINE
  5
831
330
82E
100
AcDbEntity
  8
0
  6
Continuous
 62
     2
440
 16777216
100
AcDbLine
 10
140.0095876383
 20
-112.8458787805
 30
0.0
 11
140.0095876383
 21
-83.63927176029999
 31
0.0
  0
LINE
  5
832
330
82E
100
AcDbEntity
  8
0
  6
Continuous
 62
     2
440
 16777216
100
AcDbLine
 10
160.0095876383
 20
-112.8458787805
 30
0.0
 11
160.0095876383
 21
-83.63927176029999
 31
0.0
  0
LINE
  5
833
330
82E
100
AcDbEntity
  8
0
  6
Continuous
 62
     2
440
 16777216
100
AcDbLine
 10
140.0095876383
 20
-85.1392717603
 30
0.0
 11
135.0095876383
 21
-85.1392717603
 31
0.0
  0
LINE
  5
834
330
82E
100
AcDbEntity
  8
0
  6
Continuous
 62
     2
440
 16777216
100
AcDbLine
 10
135.0095876383
 20
-85.1392717603
 30
0.0
 11
150.0095876383
 21
-85.1392717603
 31
0.0
  0
LINE
  5
835
330
82E
100
AcDbEntity
  8
0
  6
Continuous
 62
     2
440
 16777216
100
AcDbLine
 10
160.0095876383
 20
-85.1392717603
 30
0.0
 11
165.0095876383
 21
-85.1392717603
 31
0.0
  0
LINE
  5
836
330
82E
100
AcDbEntity
  8
0
  6
Continuous
 62
     2
440
 16777216
100
AcDbLine
 10
165.0095876383
 20
-85.1392717603
 30
0.0
 11
150.0095876383
 21
-85.1392717603
 31
0.0
  0
INSERT
  5
837
330
82E
100
AcDbEntity
  8
0
  6
Continuous
 62
     2
440
 16777216
100
AcDbBlockReference
  2
_FILLED
 10
140.0095876383
 20
-85.1392717603
 30
0.0
 41
3.5
 42
3.5
 43
3.5
  0
INSERT
  5
838
330
82E
100
AcDbEntity
  8
0
  6
Continuous
 62
     2
440
 16777216
100
AcDbBlockReference
  2
_FILLED
 10
160.0095876383
 20
-85.1392717603
 30
0.0
 41
3.5
 42
3.5
 43
3.5
 50
180.0
  0
ENDBLK
  5
839
330
82E
100
AcDbEntity
  8
0
  6
ByBlock
 62
     0
100
AcDbBlockEnd
  0
BLOCK
  5
83B
330
83A
100
AcDbEntity
  8
0
  6
Continuous
 62
     2
100
AcDbBlockBegin
  2
*D43
 70
     1
 10
0.0
 20
0.0
 30
0.0
  3
*D43
  1

  0
MTEXT
  5
83C
330
83A
100
AcDbEntity
  8
0
  6
Continuous
 62
     2
440
 16777216
100
AcDbMText
 10
110.0866204089
 20
-119.3086755019
 30
0.0
 40
3.5
 41
10.36
 46
0.0
 71
     2
 72
     1
  1
22,74
 11
0.0
 21
1.0
 31
0.0
 73
     2
 44
0.9
  0
LINE
  5
83D
330
83A
100
AcDbEntity
  8
0
  6
Continuous
 62
     2
440
 16777216
100
AcDbLine
 10
135.0095876383
 20
-107.8458787805
 30
0.0
 11
112.9616204089
 21
-107.8458787805
 31
0.0
  0
LINE
  5
83E
330
83A
100
AcDbEntity
  8
0
  6
Continuous
 62
     2
440
 16777216
100
AcDbLine
 10
135.0095876383
 20
-130.5855872796
 30
0.0
 11
112.9616204089
 21
-130.5855872796
 31
0.0
  0
LINE
  5
83F
330
83A
100
AcDbEntity
  8
0
  6
Continuous
 62
     2
440
 16777216
100
AcDbLine
 10
114.4616204089
 20
-107.8458787805
 30
0.0
 11
114.4616204089
 21
-102.8458787805
 31
0.0
  0
LINE
  5
840
330
83A
100
AcDbEntity
  8
0
  6
Continuous
 62
     2
440
 16777216
100
AcDbLine
 10
114.4616204089
 20
-102.8458787805
 30
0.0
 11
114.4616204089
 21
-119.2157330301
 31
0.0
  0
LINE
  5
841
330
83A
100
AcDbEntity
  8
0
  6
Continuous
 62
     2
440
 16777216
100
AcDbLine
 10
114.4616204089
 20
-130.5855872796
 30
0.0
 11
114.4616204089
 21
-135.5855872796
 31
0.0
  0
LINE
  5
842
330
83A
100
AcDbEntity
  8
0
  6
Continuous
 62
     2
440
 16777216
100
AcDbLine
 10
114.4616204089
 20
-135.5855872796
 30
0.0
 11
114.4616204089
 21
-119.2157330301
 31
0.0
  0
INSERT
  5
843
330
83A
100
AcDbEntity
  8
0
  6
Continuous
 62
     2
440
 16777216
100
AcDbBlockReference
  2
_FILLED
 10
114.4616204089
 20
-107.8458787805
 30
0.0
 41
3.5
 42
3.5
 43
3.5
 50
270.0
  0
INSERT
  5
844
330
83A
100
AcDbEntity
  8
0
  6
Continuous
 62
     2
440
 16777216
100
AcDbBlockReference
  2
_FILLED
 10
114.4616204089
 20
-130.5855872796
 30
0.0
 41
3.5
 42
3.5
 43
3.5
 50
90.0
  0
ENDBLK
  5
845
330
83A
100
AcDbEntity
  8
0
  6
ByBlock
 62
     0
100
AcDbBlockEnd
  0
BLOCK
  5
847
330
846
100
AcDbEntity
  8
0
  6
Continuous
 62
     2
100
AcDbBlockBegin
  2
*D44
 70
     1
 10
0.0
 20
0.0
 30
0.0
  3
*D44
  1

  0
MTEXT
  5
848
330
846
100
AcDbEntity
  8
0
  6
Continuous
 62
     2
440
 16777216
100
AcDbMText
 10
117.521739997
 20
-115.1065598627
 30
0.0
 40
3.5
 41
2.351999999999998
 46
0.0
 71
     2
 72
     1
  1
5
 11
0.0
 21
1.0
 31
0.0
 73
     2
 44
0.9
  0
LINE
  5
849
330
846
100
AcDbEntity
  8
0
  6
Continuous
 62
     2
440
 16777216
100
AcDbLine
 10
140.0095876383
 20
-112.8458787805
 30
0.0
 11
120.396739997
 21
-112.8458787805
 31
0.0
  0
LINE
  5
84A
330
846
100
AcDbEntity
  8
0
  6
Continuous
 62
     2
440
 16777216
100
AcDbLine
 10
140.0095876383
 20
-117.8458787805
 30
0.0
 11
120.396739997
 21
-117.8458787805
 31
0.0
  0
LINE
  5
84B
330
846
100
AcDbEntity
  8
0
  6
Continuous
 62
     2
440
 16777216
100
AcDbLine
 10
121.896739997
 20
-112.8458787805
 30
0.0
 11
121.896739997
 21
-107.8458787805
 31
0.0
  0
LINE
  5
84C
330
846
100
AcDbEntity
  8
0
  6
Continuous
 62
     2
440
 16777216
100
AcDbLine
 10
121.896739997
 20
-107.8458787805
 30
0.0
 11
121.896739997
 21
-115.3458787805
 31
0.0
  0
LINE
  5
84D
330
846
100
AcDbEntity
  8
0
  6
Continuous
 62
     2
440
 16777216
100
AcDbLine
 10
121.896739997
 20
-117.8458787805
 30
0.0
 11
121.896739997
 21
-122.8458787805
 31
0.0
  0
LINE
  5
84E
330
846
100
AcDbEntity
  8
0
  6
Continuous
 62
     2
440
 16777216
100
AcDbLine
 10
121.896739997
 20
-122.8458787805
 30
0.0
 11
121.896739997
 21
-115.3458787805
 31
0.0
  0
INSERT
  5
84F
330
846
100
AcDbEntity
  8
0
  6
Continuous
 62
     2
440
 16777216
100
AcDbBlockReference
  2
_FILLED
 10
121.896739997
 20
-112.8458787805
 30
0.0
 41
3.5
 42
3.5
 43
3.5
 50
270.0
  0
INSERT
  5
850
330
846
100
AcDbEntity
  8
0
  6
Continuous
 62
     2
440
 16777216
100
AcDbBlockReference
  2
_FILLED
 10
121.896739997
 20
-117.8458787805
 30
0.0
 41
3.5
 42
3.5
 43
3.5
 50
90.0
  0
ENDBLK
  5
851
330
846
100
AcDbEntity
  8
0
  6
ByBlock
 62
     0
100
AcDbBlockEnd
  0
BLOCK
  5
853
330
852
100
AcDbEntity
  8
0
  6
Continuous
 62
     2
100
AcDbBlockBegin
  2
*D45
 70
     1
 10
0.0
 20
0.0
 30
0.0
  3
*D45
  1

  0
MTEXT
  5
854
330
852
100
AcDbEntity
  8
0
  6
Continuous
 62
     2
440
 16777216
100
AcDbMText
 10
124.130123288
 20
-103.4317746087
 30
0.0
 40
3.5
 41
2.351999999999998
 46
0.0
 71
     1
 72
     1
  1
5
 11
0.0
 21
1.0
 31
0.0
 73
     2
 44
0.9
  0
LINE
  5
855
330
852
100
AcDbEntity
  8
0
  6
Continuous
 62
     2
440
 16777216
100
AcDbLine
 10
135.0095876383
 20
-107.8458787805
 30
0.0
 11
127.005123288
 21
-107.8458787805
 31
0.0
  0
LINE
  5
856
330
852
100
AcDbEntity
  8
0
  6
Continuous
 62
     2
440
 16777216
100
AcDbLine
 10
158.0095876383
 20
-112.8458787805
 30
0.0
 11
127.005123288
 21
-112.8458787805
 31
0.0
  0
LINE
  5
857
330
852
100
AcDbEntity
  8
0
  6
Continuous
 62
     2
440
 16777216
100
AcDbLine
 10
128.505123288
 20
-107.8458787805
 30
0.0
 11
128.505123288
 21
-101.0797746087
 31
0.0
  0
LINE
  5
858
330
852
100
AcDbEntity
  8
0
  6
Continuous
 62
     2
440
 16777216
100
AcDbLine
 10
128.505123288
 20
-101.0797746087
 30
0.0
 11
128.505123288
 21
-110.3458787805
 31
0.0
  0
LINE
  5
859
330
852
100
AcDbEntity
  8
0
  6
Continuous
 62
     2
440
 16777216
100
AcDbLine
 10
128.505123288
 20
-112.8458787805
 30
0.0
 11
128.505123288
 21
-117.8458787805
 31
0.0
  0
LINE
  5
85A
330
852
100
AcDbEntity
  8
0
  6
Continuous
 62
     2
440
 16777216
100
AcDbLine
 10
128.505123288
 20
-117.8458787805
 30
0.0
 11
128.505123288
 21
-110.3458787805
 31
0.0
  0
INSERT
  5
85B
330
852
100
AcDbEntity
  8
0
  6
Continuous
 62
     2
440
 16777216
100
AcDbBlockReference
  2
_FILLED
 10
128.505123288
 20
-107.8458787805
 30
0.0
 41
3.5
 42
3.5
 43
3.5
 50
270.0
  0
INSERT
  5
85C
330
852
100
AcDbEntity
  8
0
  6
Continuous
 62
     2
440
 16777216
100
AcDbBlockReference
  2
_FILLED
 10
128.505123288
 20
-112.8458787805
 30
0.0
 41
3.5
 42
3.5
 43
3.5
 50
90.0
  0
ENDBLK
  5
85D
330
852
100
AcDbEntity
  8
0
  6
ByBlock
 62
     0
100
AcDbBlockEnd
  0
BLOCK
  5
85F
330
85E
100
AcDbEntity
  8
0
  6
Continuous
 62
     2
100
AcDbBlockBegin
  2
*D46
 70
     1
 10
0.0
 20
0.0
 30
0.0
  3
*D46
  1

  0
MTEXT
  5
860
330
85E
100
AcDbEntity
  8
0
  6
Continuous
 62
     2
440
 16777216
100
AcDbMText
 10
315.720036096
 20
-481.2351456034
 30
0.0
 40
3.5
 41
5.656
 46
0.0
 71
     1
 72
     1
  1
0,6
 73
     2
 44
0.9
  0
LINE
  5
861
330
85E
100
AcDbEntity
  8
0
  6
Continuous
 62
     2
440
 16777216
100
AcDbLine
 10
299.7040520643
 20
-461.4338873473
 30
0.0
 11
299.7040520643
 21
-487.1101456034
 31
0.0
  0
LINE
  5
862
330
85E
100
AcDbEntity
  8
0
  6
Continuous
 62
     2
440
 16777216
100
AcDbLine
 10
300.3040520643
 20
-461.4338873473
 30
0.0
 11
300.3040520643
 21
-487.1101456034
 31
0.0
  0
LINE
  5
863
330
85E
100
AcDbEntity
  8
0
  6
Continuous
 62
     2
440
 16777216
100
AcDbLine
 10
299.7040520643
 20
-485.6101456033996
 30
0.0
 11
294.7040520643
 21
-485.6101456033996
 31
0.0
  0
LINE
  5
864
330
85E
100
AcDbEntity
  8
0
  6
Continuous
 62
     2
440
 16777216
100
AcDbLine
 10
294.7040520643
 20
-485.6101456033996
 30
0.0
 11
300.0040520643
 21
-485.6101456033996
 31
0.0
  0
LINE
  5
865
330
85E
100
AcDbEntity
  8
0
  6
Continuous
 62
     2
440
 16777216
100
AcDbLine
 10
300.3040520643
 20
-485.6101456033996
 30
0.0
 11
321.376036096
 21
-485.6101456033996
 31
0.0
  0
LINE
  5
866
330
85E
100
AcDbEntity
  8
0
  6
Continuous
 62
     2
440
 16777216
100
AcDbLine
 10
321.376036096
 20
-485.6101456033996
 30
0.0
 11
300.0040520643
 21
-485.6101456033996
 31
0.0
  0
INSERT
  5
867
330
85E
100
AcDbEntity
  8
0
  6
Continuous
 62
     2
440
 16777216
100
AcDbBlockReference
  2
_FILLED
 10
299.7040520643
 20
-485.6101456033996
 30
0.0
 41
3.5
 42
3.5
 43
3.5
  0
INSERT
  5
868
330
85E
100
AcDbEntity
  8
0
  6
Continuous
 62
     2
440
 16777216
100
AcDbBlockReference
  2
_FILLED
 10
300.3040520643
 20
-485.6101456033996
 30
0.0
 41
3.5
 42
3.5
 43
3.5
 50
180.0
  0
ENDBLK
  5
869
330
85E
100
AcDbEntity
  8
0
  6
ByBlock
 62
     0
100
AcDbBlockEnd
  0
BLOCK
  5
953
330
952
100
AcDbEntity
  8
0
100
AcDbBlockBegin
  2
*D47
 70
     1
 10
0.0
 20
0.0
 30
0.0
  3
*D47
  1

  0
LINE
  5
9E6
330
952
100
AcDbEntity
  8
0
  6
Continuous
 62
     0
440
 16777216
370
    -2
100
AcDbLine
 10
1752.249502158121
 20
250.500037654359
 30
0.0
 11
1717.00518036762
 21
250.500037654359
 31
0.0
  0
LINE
  5
9E7
330
952
100
AcDbEntity
  8
0
  6
Continuous
 62
     0
440
 16777216
370
    -2
100
AcDbLine
 10
1758.24950215812
 20
39.94737301445891
 30
0.0
 11
1717.00518036762
 21
39.9473730144589
 31
0.0
  0
LINE
  5
9E8
330
952
100
AcDbEntity
  8
0
  6
Continuous
 62
     0
440
 16777216
370
    -2
100
AcDbLine
 10
1718.50518036762
 20
247.000037654359
 30
0.0
 11
1718.50518036762
 21
43.44737301445889
 31
0.0
  0
INSERT
  5
9E9
330
952
100
AcDbEntity
  8
0
  6
Continuous
 62
     0
440
 16777216
370
    -2
100
AcDbBlockReference
  2
_FILLED
 10
1718.50518036762
 20
250.500037654359
 30
0.0
 41
3.5
 42
3.5
 43
3.5
 50
90.0
  0
INSERT
  5
9EA
330
952
100
AcDbEntity
  8
0
  6
Continuous
 62
     0
440
 16777216
370
    -2
100
AcDbBlockReference
  2
_FILLED
 10
1718.50518036762
 20
39.9473730144589
 30
0.0
 41
3.5
 42
3.5
 43
3.5
 50
270.0
  0
MTEXT
  5
9EB
330
952
100
AcDbEntity
  8
0
  6
Continuous
 62
     0
440
 16777216
100
AcDbMText
 10
1712.963513700953
 20
147.7082330860589
 30
0.0
 40
3.5
 41
12.712
 46
0.0
 71
     2
 72
     1
  1
\A1;210,55
 11
0.0000000000000001
 21
1.0
 31
0.0
 73
     2
 44
0.9
  0
POINT
  5
9EC
330
952
100
AcDbEntity
  8
DEFPOINTS
  6
Continuous
 62
     0
440
 16777216
100
AcDbPoint
 10
1753.249502158119
 20
250.500037654359
 30
0.0
  0
POINT
  5
9ED
330
952
100
AcDbEntity
  8
DEFPOINTS
  6
Continuous
 62
     0
440
 16777216
100
AcDbPoint
 10
1759.249502158121
 20
39.94737301445891
 30
0.0
  0
POINT
  5
9EE
330
952
100
AcDbEntity
  8
DEFPOINTS
  6
Continuous
 62
     0
440
 16777216
100
AcDbPoint
 10
1718.50518036762
 20
39.9473730144589
 30
0.0
  0
ENDBLK
  5
954
330
952
100
AcDbEntity
  8
0
100
AcDbBlockEnd
  0
BLOCK
  5
95F
330
95E
100
AcDbEntity
  8
0
100
AcDbBlockBegin
  2
*D48
 70
     1
 10
0.0
 20
0.0
 30
0.0
  3
*D48
  1

  0
LINE
  5
9EF
330
95E
100
AcDbEntity
  8
0
  6
Continuous
 62
     0
440
 16777216
370
    -2
100
AcDbLine
 10
1758.249502158119
 20
39.94737301445889
 30
0.0
 11
1758.249502158119
 21
12.0903532707589
 31
0.0
  0
LINE
  5
9F0
330
95E
100
AcDbEntity
  8
0
  6
Continuous
 62
     0
440
 16777216
370
    -2
100
AcDbLine
 10
1778.24950215812
 20
39.94737301445889
 30
0.0
 11
1778.24950215812
 21
12.0903532707589
 31
0.0
  0
LINE
  5
9F1
330
95E
100
AcDbEntity
  8
0
  6
Continuous
 62
     0
440
 16777216
370
    -2
100
AcDbLine
 10
1761.749502158119
 20
13.59035327075889
 30
0.0
 11
1774.74950215812
 21
13.59035327075889
 31
0.0
  0
LINE
  5
9F2
330
95E
100
AcDbEntity
  8
0
  6
Continuous
 62
     0
440
 16777216
370
    -2
100
AcDbLine
 10
1778.24950215812
 20
13.59035327075889
 30
0.0
 11
1795.569176503053
 21
13.59035327075889
 31
0.0
  0
INSERT
  5
9F3
330
95E
100
AcDbEntity
  8
0
  6
Continuous
 62
     0
440
 16777216
370
    -2
100
AcDbBlockReference
  2
_FILLED
 10
1758.249502158119
 20
13.59035327075889
 30
0.0
 41
3.5
 42
3.5
 43
3.5
 50
180.0
  0
INSERT
  5
9F4
330
95E
100
AcDbEntity
  8
0
  6
Continuous
 62
     0
440
 16777216
370
    -2
100
AcDbBlockReference
  2
_FILLED
 10
1778.24950215812
 20
13.59035327075889
 30
0.0
 41
3.5
 42
3.5
 43
3.5
  0
MTEXT
  5
9F5
330
95E
100
AcDbEntity
  8
0
  6
Continuous
 62
     0
440
 16777216
100
AcDbMText
 10
1789.508843169719
 20
19.13201993742555
 30
0.0
 40
3.5
 41
4.703999999999997
 46
0.0
 71
     1
 72
     1
  1
\A1;20
 73
     2
 44
0.9
  0
POINT
  5
9F6
330
95E
100
AcDbEntity
  8
DEFPOINTS
  6
Continuous
 62
     0
440
 16777216
100
AcDbPoint
 10
1758.249502158119
 20
40.94737301445888
 30
0.0
  0
POINT
  5
9F7
330
95E
100
AcDbEntity
  8
DEFPOINTS
  6
Continuous
 62
     0
440
 16777216
100
AcDbPoint
 10
1778.24950215812
 20
40.94737301445888
 30
0.0
  0
POINT
  5
9F8
330
95E
100
AcDbEntity
  8
DEFPOINTS
  6
Continuous
 62
     0
440
 16777216
100
AcDbPoint
 10
1778.24950215812
 20
13.59035327075889
 30
0.0
  0
ENDBLK
  5
960
330
95E
100
AcDbEntity
  8
0
100
AcDbBlockEnd
  0
BLOCK
  5
96C
330
96B
100
AcDbEntity
  8
0
100
AcDbBlockBegin
  2
*D49
 70
     1
 10
0.0
 20
0.0
 30
0.0
  3
*D49
  1

  0
LINE
  5
9F9
330
96B
100
AcDbEntity
  8
0
  6
Continuous
 62
     0
440
 16777216
370
    -2
100
AcDbLine
 10
1763.249502158119
 20
251.5000376543589
 30
0.0
 11
1763.249502158119
 21
265.7185613972589
 31
0.0
  0
LINE
  5
9FA
330
96B
100
AcDbEntity
  8
0
  6
Continuous
 62
     0
440
 16777216
370
    -2
100
AcDbLine
 10
1773.24950215812
 20
251.5000376543589
 30
0.0
 11
1773.24950215812
 21
265.7185613972589
 31
0.0
  0
LINE
  5
9FB
330
96B
100
AcDbEntity
  8
0
  6
Continuous
 62
     0
440
 16777216
370
    -2
100
AcDbLine
 10
1766.749502158119
 20
264.2185613972589
 30
0.0
 11
1769.749502158119
 21
264.2185613972589
 31
0.0
  0
INSERT
  5
9FC
330
96B
100
AcDbEntity
  8
0
  6
Continuous
 62
     0
440
 16777216
370
    -2
100
AcDbBlockReference
  2
_FILLED
 10
1763.249502158119
 20
264.2185613972589
 30
0.0
 41
3.5
 42
3.5
 43
3.5
 50
180.0
  0
INSERT
  5
9FD
330
96B
100
AcDbEntity
  8
0
  6
Continuous
 62
     0
440
 16777216
370
    -2
100
AcDbBlockReference
  2
_FILLED
 10
1773.24950215812
 20
264.2185613972589
 30
0.0
 41
3.5
 42
3.5
 43
3.5
  0
MTEXT
  5
9FE
330
96B
100
AcDbEntity
  8
0
  6
Continuous
 62
     0
440
 16777216
100
AcDbMText
 10
1768.385678374819
 20
269.7602280639255
 30
0.0
 40
3.5
 41
4.703999999999997
 46
0.0
 71
     2
 72
     1
  1
\A1;10
 73
     2
 44
0.9
  0
POINT
  5
9FF
330
96B
100
AcDbEntity
  8
DEFPOINTS
  6
Continuous
 62
     0
440
 16777216
100
AcDbPoint
 10
1763.249502158119
 20
250.5000376543589
 30
0.0
  0
POINT
  5
A00
330
96B
100
AcDbEntity
  8
DEFPOINTS
  6
Continuous
 62
     0
440
 16777216
100
AcDbPoint
 10
1773.24950215812
 20
250.5000376543589
 30
0.0
  0
POINT
  5
A01
330
96B
100
AcDbEntity
  8
DEFPOINTS
  6
Continuous
 62
     0
440
 16777216
100
AcDbPoint
 10
1773.24950215812
 20
264.2185613972589
 30
0.0
  0
ENDBLK
  5
96D
330
96B
100
AcDbEntity
  8
0
100
AcDbBlockEnd
  0
BLOCK
  5
978
330
977
100
AcDbEntity
  8
0
100
AcDbBlockBegin
  2
*D50
 70
     1
 10
0.0
 20
0.0
 30
0.0
  3
*D50
  1

  0
LINE
  5
A02
330
977
100
AcDbEntity
  8
0
  6
Continuous
 62
     0
440
 16777216
370
    -2
100
AcDbLine
 10
1758.24950215812
 20
39.94737301445891
 30
0.0
 11
1747.70182946482
 21
39.94737301445891
 31
0.0
  0
LINE
  5
A03
330
977
100
AcDbEntity
  8
0
  6
Continuous
 62
     0
440
 16777216
370
    -2
100
AcDbLine
 10
1764.24950215812
 20
48.09737028115896
 30
0.0
 11
1747.70182946482
 21
48.09737028115896
 31
0.0
  0
LINE
  5
A04
330
977
100
AcDbEntity
  8
0
  6
Continuous
 62
     0
440
 16777216
370
    -2
100
AcDbLine
 10
1749.20182946482
 20
51.59737028115896
 30
0.0
 11
1749.20182946482
 21
55.09737028115896
 31
0.0
  0
LINE
  5
A05
330
977
100
AcDbEntity
  8
0
  6
Continuous
 62
     0
440
 16777216
370
    -2
100
AcDbLine
 10
1749.20182946482
 20
36.44737301445891
 30
0.0
 11
1749.20182946482
 21
21.1973730144589
 31
0.0
  0
INSERT
  5
A06
330
977
100
AcDbEntity
  8
0
  6
Continuous
 62
     0
440
 16777216
370
    -2
100
AcDbBlockReference
  2
_FILLED
 10
1749.20182946482
 20
48.09737028115896
 30
0.0
 41
3.5
 42
3.5
 43
3.5
 50
270.0
  0
INSERT
  5
A07
330
977
100
AcDbEntity
  8
0
  6
Continuous
 62
     0
440
 16777216
370
    -2
100
AcDbBlockReference
  2
_FILLED
 10
1749.20182946482
 20
39.94737301445891
 30
0.0
 41
3.5
 42
3.5
 43
3.5
 50
90.0
  0
MTEXT
  5
A08
330
977
100
AcDbEntity
  8
0
  6
Continuous
 62
     0
440
 16777216
100
AcDbMText
 10
1743.660162798153
 20
31.0763730144584
 30
0.0
 40
3.5
 41
8.007999999999999
 46
0.0
 71
     3
 72
     1
  1
\A1;8,15
 11
0.0000000000000001
 21
1.0
 31
0.0
 73
     2
 44
0.9
  0
POINT
  5
A09
330
977
100
AcDbEntity
  8
DEFPOINTS
  6
Continuous
 62
     0
440
 16777216
100
AcDbPoint
 10
1759.249502158121
 20
39.94737301445891
 30
0.0
  0
POINT
  5
A0A
330
977
100
AcDbEntity
  8
DEFPOINTS
  6
Continuous
 62
     0
440
 16777216
100
AcDbPoint
 10
1765.24950215812
 20
48.09737028115896
 30
0.0
  0
POINT
  5
A0B
330
977
100
AcDbEntity
  8
DEFPOINTS
  6
Continuous
 62
     0
440
 16777216
100
AcDbPoint
 10
1749.20182946482
 20
48.09737028115896
 30
0.0
  0
ENDBLK
  5
979
330
977
100
AcDbEntity
  8
0
100
AcDbBlockEnd
  0
BLOCK
  5
985
330
984
100
AcDbEntity
  8
0
100
AcDbBlockBegin
  2
*D51
 70
     1
 10
0.0
 20
0.0
 30
0.0
  3
*D51
  1

  0
LINE
  5
A0C
330
984
100
AcDbEntity
  8
0
  6
Continuous
 62
     0
440
 16777216
370
    -2
100
AcDbLine
 10
1764.24950215812
 20
48.09737028115896
 30
0.0
 11
1740.56247956662
 21
48.09737028115895
 31
0.0
  0
LINE
  5
A0D
330
984
100
AcDbEntity
  8
0
  6
Continuous
 62
     0
440
 16777216
370
    -2
100
AcDbLine
 10
1764.24950215812
 20
108.097370281159
 30
0.0
 11
1740.56247956662
 21
108.0973702811589
 31
0.0
  0
LINE
  5
A0E
330
984
100
AcDbEntity
  8
0
  6
Continuous
 62
     0
440
 16777216
370
    -2
100
AcDbLine
 10
1742.06247956662
 20
51.59737028115895
 30
0.0
 11
1742.06247956662
 21
104.597370281159
 31
0.0
  0
INSERT
  5
A0F
330
984
100
AcDbEntity
  8
0
  6
Continuous
 62
     0
440
 16777216
370
    -2
100
AcDbBlockReference
  2
_FILLED
 10
1742.06247956662
 20
48.09737028115895
 30
0.0
 41
3.5
 42
3.5
 43
3.5
 50
270.0
  0
INSERT
  5
A10
330
984
100
AcDbEntity
  8
0
  6
Continuous
 62
     0
440
 16777216
370
    -2
100
AcDbBlockReference
  2
_FILLED
 10
1742.06247956662
 20
108.0973702811589
 30
0.0
 41
3.5
 42
3.5
 43
3.5
 50
90.0
  0
MTEXT
  5
A11
330
984
100
AcDbEntity
  8
0
  6
Continuous
 62
     0
440
 16777216
100
AcDbMText
 10
1736.520812899953
 20
78.51316561175891
 30
0.0
 40
3.5
 41
4.703999999999997
 46
0.0
 71
     2
 72
     1
  1
\A1;60
 11
0.0000000000000001
 21
1.0
 31
0.0
 73
     2
 44
0.9
  0
POINT
  5
A12
330
984
100
AcDbEntity
  8
DEFPOINTS
  6
Continuous
 62
     0
440
 16777216
100
AcDbPoint
 10
1765.24950215812
 20
48.09737028115896
 30
0.0
  0
POINT
  5
A13
330
984
100
AcDbEntity
  8
DEFPOINTS
  6
Continuous
 62
     0
440
 16777216
100
AcDbPoint
 10
1765.24950215812
 20
108.097370281159
 30
0.0
  0
POINT
  5
A14
330
984
100
AcDbEntity
  8
DEFPOINTS
  6
Continuous
 62
     0
440
 16777216
100
AcDbPoint
 10
1742.06247956662
 20
108.0973702811589
 30
0.0
  0
ENDBLK
  5
986
330
984
100
AcDbEntity
  8
0
100
AcDbBlockEnd
  0
BLOCK
  5
991
330
990
100
AcDbEntity
  8
0
100
AcDbBlockBegin
  2
*D52
 70
     1
 10
0.0
 20
0.0
 30
0.0
  3
*D52
  1

  0
LINE
  5
A15
330
990
100
AcDbEntity
  8
0
  6
Continuous
 62
     0
440
 16777216
370
    -2
100
AcDbLine
 10
1773.872315424199
 20
51.35834727813676
 30
0.0
 11
1791.80484015252
 21
61.75839932835879
 31
0.0
  0
LINE
  5
A16
330
990
100
AcDbEntity
  8
0
  6
Continuous
 62
     0
440
 16777216
370
    -2
100
AcDbLine
 10
1791.80484015252
 20
61.75839932835879
 30
0.0
 11
1801.92984015252
 21
61.75839932835879
 31
0.0
  0
INSERT
  5
A17
330
990
100
AcDbEntity
  8
0
  6
Continuous
 62
     0
440
 16777216
370
    -2
100
AcDbBlockReference
  2
_FILLED
 10
1770.844646742452
 20
49.60243658747675
 30
0.0
 41
3.5
 42
3.5
 43
3.5
 50
210.1117910779839
  0
MTEXT
  5
A18
330
990
100
AcDbEntity
  8
0
  6
Continuous
 62
     0
440
 16777216
100
AcDbMText
 10
1788.717894369369
 20
72.30006599502567
 30
0.0
 40
3.5
 41
16.9238915663
 46
0.0
 71
     1
 72
     1
  1
\A1;2 - {\fSymbol_ISO;\W1.0;⌀}6
 73
     2
 44
0.9
  0
LINE
  5
A19
330
990
100
AcDbEntity
  8
0
  6
Continuous
 62
     0
440
 16777216
370
    -2
100
AcDbLine
 10
1768.15950215812
 20
48.09737028120888
 30
0.0
 11
1768.33950215812
 21
48.09737028120888
 31
0.0
  0
LINE
  5
A1A
330
990
100
AcDbEntity
  8
0
  6
Continuous
 62
     0
440
 16777216
370
    -2
100
AcDbLine
 10
1768.24950215812
 20
48.00737028120884
 30
0.0
 11
1768.24950215812
 21
48.18737028120892
 31
0.0
  0
POINT
  5
A1B
330
990
100
AcDbEntity
  8
DEFPOINTS
  6
Continuous
 62
     0
440
 16777216
100
AcDbPoint
 10
1770.844646742452
 20
49.60243658747675
 30
0.0
  0
POINT
  5
A1C
330
990
100
AcDbEntity
  8
DEFPOINTS
  6
Continuous
 62
     0
440
 16777216
100
AcDbPoint
 10
1765.654357573787
 20
46.59230397494105
 30
0.0
  0
ENDBLK
  5
992
330
990
100
AcDbEntity
  8
0
100
AcDbBlockEnd
  0
BLOCK
  5
99C
330
99B
100
AcDbEntity
  8
0
100
AcDbBlockBegin
  2
*D53
 70
     1
 10
0.0
 20
0.0
 30
0.0
  3
*D53
  1

  0
LINE
  5
A1D
330
99B
100
AcDbEntity
  8
0
  6
Continuous
 62
     0
440
 16777216
370
    -2
100
AcDbLine
 10
1753.249502158119
 20
392.5353815812588
 30
0.0
 11
1753.249502158119
 21
426.4706562494588
 31
0.0
  0
LINE
  5
A1E
330
99B
100
AcDbEntity
  8
0
  6
Continuous
 62
     0
440
 16777216
370
    -2
100
AcDbLine
 10
1783.249502158119
 20
392.5353815812588
 30
0.0
 11
1783.249502158119
 21
426.4706562494588
 31
0.0
  0
LINE
  5
A1F
330
99B
100
AcDbEntity
  8
0
  6
Continuous
 62
     0
440
 16777216
370
    -2
100
AcDbLine
 10
1756.74950215812
 20
424.9706562494588
 30
0.0
 11
1779.749502158119
 21
424.9706562494588
 31
0.0
  0
INSERT
  5
A20
330
99B
100
AcDbEntity
  8
0
  6
Continuous
 62
     0
440
 16777216
370
    -2
100
AcDbBlockReference
  2
_FILLED
 10
1753.249502158119
 20
424.9706562494588
 30
0.0
 41
3.5
 42
3.5
 43
3.5
 50
180.0
  0
INSERT
  5
A21
330
99B
100
AcDbEntity
  8
0
  6
Continuous
 62
     0
440
 16777216
370
    -2
100
AcDbBlockReference
  2
_FILLED
 10
1783.249502158119
 20
424.9706562494588
 30
0.0
 41
3.5
 42
3.5
 43
3.5
  0
MTEXT
  5
A22
330
99B
100
AcDbEntity
  8
0
  6
Continuous
 62
     0
440
 16777216
100
AcDbMText
 10
1767.777480742919
 20
430.5123229161254
 30
0.0
 40
3.5
 41
4.703999999999997
 46
0.0
 71
     2
 72
     1
  1
\A1;30
 73
     2
 44
0.9
  0
POINT
  5
A23
330
99B
100
AcDbEntity
  8
DEFPOINTS
  6
Continuous
 62
     0
440
 16777216
100
AcDbPoint
 10
1753.249502158119
 20
391.5353815812588
 30
0.0
  0
POINT
  5
A24
330
99B
100
AcDbEntity
  8
DEFPOINTS
  6
Continuous
 62
     0
440
 16777216
100
AcDbPoint
 10
1783.249502158119
 20
391.5353815812588
 30
0.0
  0
POINT
  5
A25
330
99B
100
AcDbEntity
  8
DEFPOINTS
  6
Continuous
 62
     0
440
 16777216
100
AcDbPoint
 10
1783.249502158119
 20
424.9706562494588
 30
0.0
  0
ENDBLK
  5
99D
330
99B
100
AcDbEntity
  8
0
100
AcDbBlockEnd
  0
BLOCK
  5
9A8
330
9A7
100
AcDbEntity
  8
0
100
AcDbBlockBegin
  2
*D54
 70
     1
 10
0.0
 20
0.0
 30
0.0
  3
*D54
  1

  0
LINE
  5
A26
330
9A7
100
AcDbEntity
  8
0
  6
Continuous
 62
     0
440
 16777216
370
    -2
100
AcDbLine
 10
1758.249502158119
 20
387.5353815812588
 30
0.0
 11
1758.249502158119
 21
416.7419886014589
 31
0.0
  0
LINE
  5
A27
330
9A7
100
AcDbEntity
  8
0
  6
Continuous
 62
     0
440
 16777216
370
    -2
100
AcDbLine
 10
1778.24950215812
 20
387.5353815812588
 30
0.0
 11
1778.24950215812
 21
416.7419886014589
 31
0.0
  0
LINE
  5
A28
330
9A7
100
AcDbEntity
  8
0
  6
Continuous
 62
     0
440
 16777216
370
    -2
100
AcDbLine
 10
1761.749502158119
 20
415.2419886014588
 30
0.0
 11
1774.74950215812
 21
415.2419886014588
 31
0.0
  0
INSERT
  5
A29
330
9A7
100
AcDbEntity
  8
0
  6
Continuous
 62
     0
440
 16777216
370
    -2
100
AcDbBlockReference
  2
_FILLED
 10
1758.249502158119
 20
415.2419886014588
 30
0.0
 41
3.5
 42
3.5
 43
3.5
 50
180.0
  0
INSERT
  5
A2A
330
9A7
100
AcDbEntity
  8
0
  6
Continuous
 62
     0
440
 16777216
370
    -2
100
AcDbBlockReference
  2
_FILLED
 10
1778.24950215812
 20
415.2419886014588
 30
0.0
 41
3.5
 42
3.5
 43
3.5
  0
MTEXT
  5
A2B
330
9A7
100
AcDbEntity
  8
0
  6
Continuous
 62
     0
440
 16777216
100
AcDbMText
 10
1767.89502896072
 20
420.7836552681255
 30
0.0
 40
3.5
 41
4.703999999999997
 46
0.0
 71
     2
 72
     1
  1
\A1;20
 73
     2
 44
0.9
  0
POINT
  5
A2C
330
9A7
100
AcDbEntity
  8
DEFPOINTS
  6
Continuous
 62
     0
440
 16777216
100
AcDbPoint
 10
1758.249502158119
 20
386.5353815812588
 30
0.0
  0
POINT
  5
A2D
330
9A7
100
AcDbEntity
  8
DEFPOINTS
  6
Continuous
 62
     0
440
 16777216
100
AcDbPoint
 10
1778.24950215812
 20
386.5353815812588
 30
0.0
  0
POINT
  5
A2E
330
9A7
100
AcDbEntity
  8
DEFPOINTS
  6
Continuous
 62
     0
440
 16777216
100
AcDbPoint
 10
1778.24950215812
 20
415.2419886014588
 30
0.0
  0
ENDBLK
  5
9A9
330
9A7
100
AcDbEntity
  8
0
100
AcDbBlockEnd
  0
BLOCK
  5
9B4
330
9B3
100
AcDbEntity
  8
0
100
AcDbBlockBegin
  2
*D55
 70
     1
 10
0.0
 20
0.0
 30
0.0
  3
*D55
  1

  0
LINE
  5
A2F
330
9B3
100
AcDbEntity
  8
0
  6
Continuous
 62
     0
440
 16777216
370
    -2
100
AcDbLine
 10
1753.249502158119
 20
392.5353815812592
 30
0.0
 11
1731.20153492872
 21
392.5353815812592
 31
0.0
  0
LINE
  5
A30
330
9B3
100
AcDbEntity
  8
0
  6
Continuous
 62
     0
440
 16777216
370
    -2
100
AcDbLine
 10
1753.249502158119
 20
369.7956730821591
 30
0.0
 11
1731.20153492872
 21
369.7956730821591
 31
0.0
  0
LINE
  5
A31
330
9B3
100
AcDbEntity
  8
0
  6
Continuous
 62
     0
440
 16777216
370
    -2
100
AcDbLine
 10
1732.70153492872
 20
389.0353815812592
 30
0.0
 11
1732.70153492872
 21
373.295673082159
 31
0.0
  0
INSERT
  5
A32
330
9B3
100
AcDbEntity
  8
0
  6
Continuous
 62
     0
440
 16777216
370
    -2
100
AcDbBlockReference
  2
_FILLED
 10
1732.70153492872
 20
392.5353815812592
 30
0.0
 41
3.5
 42
3.5
 43
3.5
 50
90.0
  0
INSERT
  5
A33
330
9B3
100
AcDbEntity
  8
0
  6
Continuous
 62
     0
440
 16777216
370
    -2
100
AcDbBlockReference
  2
_FILLED
 10
1732.70153492872
 20
369.7956730821591
 30
0.0
 41
3.5
 42
3.5
 43
3.5
 50
270.0
  0
MTEXT
  5
A34
330
9B3
100
AcDbEntity
  8
0
  6
Continuous
 62
     0
440
 16777216
100
AcDbMText
 10
1727.159868262052
 20
381.1688355447589
 30
0.0
 40
3.5
 41
10.36
 46
0.0
 71
     2
 72
     1
  1
\A1;22,74
 11
0.0000000000000001
 21
1.0
 31
0.0
 73
     2
 44
0.9
  0
POINT
  5
A35
330
9B3
100
AcDbEntity
  8
DEFPOINTS
  6
Continuous
 62
     0
440
 16777216
100
AcDbPoint
 10
1754.249502158121
 20
392.5353815812592
 30
0.0
  0
POINT
  5
A36
330
9B3
100
AcDbEntity
  8
DEFPOINTS
  6
Continuous
 62
     0
440
 16777216
100
AcDbPoint
 10
1754.249502158121
 20
369.7956730821591
 30
0.0
  0
POINT
  5
A37
330
9B3
100
AcDbEntity
  8
DEFPOINTS
  6
Continuous
 62
     0
440
 16777216
100
AcDbPoint
 10
1732.70153492872
 20
369.7956730821591
 30
0.0
  0
ENDBLK
  5
9B5
330
9B3
100
AcDbEntity
  8
0
100
AcDbBlockEnd
  0
BLOCK
  5
9C0
330
9BF
100
AcDbEntity
  8
0
100
AcDbBlockBegin
  2
*D56
 70
     1
 10
0.0
 20
0.0
 30
0.0
  3
*D56
  1

  0
LINE
  5
A38
330
9BF
100
AcDbEntity
  8
0
  6
Continuous
 62
     0
440
 16777216
370
    -2
100
AcDbLine
 10
1758.24950215812
 20
387.5353815812592
 30
0.0
 11
1738.63665451682
 21
387.5353815812592
 31
0.0
  0
LINE
  5
A39
330
9BF
100
AcDbEntity
  8
0
  6
Continuous
 62
     0
440
 16777216
370
    -2
100
AcDbLine
 10
1758.24950215812
 20
382.535381581259
 30
0.0
 11
1738.63665451682
 21
382.535381581259
 31
0.0
  0
LINE
  5
A3A
330
9BF
100
AcDbEntity
  8
0
  6
Continuous
 62
     0
440
 16777216
370
    -2
100
AcDbLine
 10
1740.13665451682
 20
391.0353815812592
 30
0.0
 11
1740.13665451682
 21
394.5353815812592
 31
0.0
  0
LINE
  5
A3B
330
9BF
100
AcDbEntity
  8
0
  6
Continuous
 62
     0
440
 16777216
370
    -2
100
AcDbLine
 10
1740.13665451682
 20
379.035381581259
 30
0.0
 11
1740.13665451682
 21
375.535381581259
 31
0.0
  0
INSERT
  5
A3C
330
9BF
100
AcDbEntity
  8
0
  6
Continuous
 62
     0
440
 16777216
370
    -2
100
AcDbBlockReference
  2
_FILLED
 10
1740.13665451682
 20
387.5353815812592
 30
0.0
 41
3.5
 42
3.5
 43
3.5
 50
270.0
  0
INSERT
  5
A3D
330
9BF
100
AcDbEntity
  8
0
  6
Continuous
 62
     0
440
 16777216
370
    -2
100
AcDbBlockReference
  2
_FILLED
 10
1740.13665451682
 20
382.535381581259
 30
0.0
 41
3.5
 42
3.5
 43
3.5
 50
90.0
  0
MTEXT
  5
A3E
330
9BF
100
AcDbEntity
  8
0
  6
Continuous
 62
     0
440
 16777216
100
AcDbMText
 10
1734.594987850153
 20
385.0353815812584
 30
0.0
 40
3.5
 41
2.351999999999998
 46
0.0
 71
     2
 72
     1
  1
\A1;5
 11
0.0000000000000001
 21
1.0
 31
0.0
 73
     2
 44
0.9
  0
POINT
  5
A3F
330
9BF
100
AcDbEntity
  8
DEFPOINTS
  6
Continuous
 62
     0
440
 16777216
100
AcDbPoint
 10
1759.249502158121
 20
387.5353815812592
 30
0.0
  0
POINT
  5
A40
330
9BF
100
AcDbEntity
  8
DEFPOINTS
  6
Continuous
 62
     0
440
 16777216
100
AcDbPoint
 10
1759.249502158121
 20
382.535381581259
 30
0.0
  0
POINT
  5
A41
330
9BF
100
AcDbEntity
  8
DEFPOINTS
  6
Continuous
 62
     0
440
 16777216
100
AcDbPoint
 10
1740.13665451682
 20
382.535381581259
 30
0.0
  0
ENDBLK
  5
9C1
330
9BF
100
AcDbEntity
  8
0
100
AcDbBlockEnd
  0
BLOCK
  5
9CD
330
9CC
100
AcDbEntity
  8
0
100
AcDbBlockBegin
  2
*D57
 70
     1
 10
0.0
 20
0.0
 30
0.0
  3
*D57
  1

  0
LINE
  5
A42
330
9CC
100
AcDbEntity
  8
0
  6
Continuous
 62
     0
440
 16777216
370
    -2
100
AcDbLine
 10
1753.249502158119
 20
392.5353815812592
 30
0.0
 11
1745.24503780782
 21
392.5353815812592
 31
0.0
  0
LINE
  5
A43
330
9CC
100
AcDbEntity
  8
0
  6
Continuous
 62
     0
440
 16777216
370
    -2
100
AcDbLine
 10
1776.24950215812
 20
387.5353815812592
 30
0.0
 11
1745.24503780782
 21
387.5353815812592
 31
0.0
  0
LINE
  5
A44
330
9CC
100
AcDbEntity
  8
0
  6
Continuous
 62
     0
440
 16777216
370
    -2
100
AcDbLine
 10
1746.74503780782
 20
384.0353815812592
 30
0.0
 11
1746.74503780782
 21
380.5353815812592
 31
0.0
  0
LINE
  5
A45
330
9CC
100
AcDbEntity
  8
0
  6
Continuous
 62
     0
440
 16777216
370
    -2
100
AcDbLine
 10
1746.74503780782
 20
396.0353815812592
 30
0.0
 11
1746.74503780782
 21
403.6187149145929
 31
0.0
  0
INSERT
  5
A46
330
9CC
100
AcDbEntity
  8
0
  6
Continuous
 62
     0
440
 16777216
370
    -2
100
AcDbBlockReference
  2
_FILLED
 10
1746.74503780782
 20
387.5353815812592
 30
0.0
 41
3.5
 42
3.5
 43
3.5
 50
90.0
  0
INSERT
  5
A47
330
9CC
100
AcDbEntity
  8
0
  6
Continuous
 62
     0
440
 16777216
370
    -2
100
AcDbBlockReference
  2
_FILLED
 10
1746.74503780782
 20
392.5353815812592
 30
0.0
 41
3.5
 42
3.5
 43
3.5
 50
270.0
  0
MTEXT
  5
A48
330
9CC
100
AcDbEntity
  8
0
  6
Continuous
 62
     0
440
 16777216
100
AcDbMText
 10
1741.203371141153
 20
400.4010482479256
 30
0.0
 40
3.5
 41
2.351999999999998
 46
0.0
 71
     1
 72
     1
  1
\A1;5
 11
0.0000000000000001
 21
1.0
 31
0.0
 73
     2
 44
0.9
  0
POINT
  5
A49
330
9CC
100
AcDbEntity
  8
DEFPOINTS
  6
Continuous
 62
     0
440
 16777216
100
AcDbPoint
 10
1754.249502158121
 20
392.5353815812592
 30
0.0
  0
POINT
  5
A4A
330
9CC
100
AcDbEntity
  8
DEFPOINTS
  6
Continuous
 62
     0
440
 16777216
100
AcDbPoint
 10
1777.24950215812
 20
387.5353815812592
 30
0.0
  0
POINT
  5
A4B
330
9CC
100
AcDbEntity
  8
DEFPOINTS
  6
Continuous
 62
     0
440
 16777216
100
AcDbPoint
 10
1746.74503780782
 20
387.5353815812592
 30
0.0
  0
ENDBLK
  5
9CE
330
9CC
100
AcDbEntity
  8
0
100
AcDbBlockEnd
  0
BLOCK
  5
9DA
330
9D9
100
AcDbEntity
  8
0
100
AcDbBlockBegin
  2
*D58
 70
     1
 10
0.0
 20
0.0
 30
0.0
  3
*D58
  1

  0
LINE
  5
A4C
330
9D9
100
AcDbEntity
  8
0
  6
Continuous
 62
     0
440
 16777216
370
    -2
100
AcDbLine
 10
1917.94396658412
 20
38.94737301445889
 30
0.0
 11
1917.94396658412
 21
13.27111475835892
 31
0.0
  0
LINE
  5
A4D
330
9D9
100
AcDbEntity
  8
0
  6
Continuous
 62
     0
440
 16777216
370
    -2
100
AcDbLine
 10
1918.54396658412
 20
38.94737301445889
 30
0.0
 11
1918.54396658412
 21
13.27111475835892
 31
0.0
  0
LINE
  5
A4E
330
9D9
100
AcDbEntity
  8
0
  6
Continuous
 62
     0
440
 16777216
370
    -2
100
AcDbLine
 10
1914.443966584119
 20
14.77111475835892
 30
0.0
 11
1910.94396658412
 21
14.77111475835892
 31
0.0
  0
LINE
  5
A4F
330
9D9
100
AcDbEntity
  8
0
  6
Continuous
 62
     0
440
 16777216
370
    -2
100
AcDbLine
 10
1922.043966584119
 20
14.77111475835892
 30
0.0
 11
1941.249790821953
 21
14.77111475835892
 31
0.0
  0
INSERT
  5
A50
330
9D9
100
AcDbEntity
  8
0
  6
Continuous
 62
     0
440
 16777216
370
    -2
100
AcDbBlockReference
  2
_FILLED
 10
1917.94396658412
 20
14.77111475835892
 30
0.0
 41
3.5
 42
3.5
 43
3.5
  0
INSERT
  5
A51
330
9D9
100
AcDbEntity
  8
0
  6
Continuous
 62
     0
440
 16777216
370
    -2
100
AcDbBlockReference
  2
_FILLED
 10
1918.54396658412
 20
14.77111475835892
 30
0.0
 41
3.5
 42
3.5
 43
3.5
 50
180.0
  0
MTEXT
  5
A52
330
9D9
100
AcDbEntity
  8
0
  6
Continuous
 62
     0
440
 16777216
100
AcDbMText
 10
1933.963457488619
 20
20.31278142502559
 30
0.0
 40
3.5
 41
5.656
 46
0.0
 71
     1
 72
     1
  1
\A1;0,6
 73
     2
 44
0.9
  0
POINT
  5
A53
330
9D9
100
AcDbEntity
  8
DEFPOINTS
  6
Continuous
 62
     0
440
 16777216
100
AcDbPoint
 10
1917.94396658412
 20
39.94737301445889
 30
0.0
  0
POINT
  5
A54
330
9D9
100
AcDbEntity
  8
DEFPOINTS
  6
Continuous
 62
     0
440
 16777216
100
AcDbPoint
 10
1918.54396658412
 20
39.94737301445889
 30
0.0
  0
POINT
  5
A55
330
9D9
100
AcDbEntity
  8
DEFPOINTS
  6
Continuous
 62
     0
440
 16777216
100
AcDbPoint
 10
1918.54396658412
 20
14.77111475835892
 30
0.0
  0
ENDBLK
  5
9DB
330
9D9
100
AcDbEntity
  8
0
100
AcDbBlockEnd
  0
BLOCK
  5
A60
330
A5F
100
AcDbEntity
  8
0
100
AcDbBlockBegin
  2
*U59
 70
     1
 10
0.0
 20
0.0
 30
0.0
  3
*U59
  1

  0
LINE
  5
A61
330
A5F
100
AcDbEntity
  8
0
  6
Continuous
 62
     0
440
 16777216
100
AcDbLine
 10
-0.3
 20
0.0
 30
0.0
 11
0.3
 21
0.0
 31
0.0
  0
LINE
  5
A62
330
A5F
100
AcDbEntity
  8
0
  6
Continuous
 62
     0
440
 16777216
100
AcDbLine
 10
0.0
 20
-0.3
 30
0.0
 11
0.0
 21
0.3
 31
0.0
  0
LINE
  5
A63
330
A5F
100
AcDbEntity
  8
0
  6
CENTER2
 62
     0
440
 16777216
100
AcDbLine
 10
-6.5
 20
0.0
 30
0.0
 11
-0.5999999999999997
 21
0.0
 31
0.0
  0
LINE
  5
A64
330
A5F
100
AcDbEntity
  8
0
  6
CENTER2
 62
     0
440
 16777216
100
AcDbLine
 10
0.6000000000000001
 20
0.0
 30
0.0
 11
6.5
 21
0.0
 31
0.0
  0
LINE
  5
A65
330
A5F
100
AcDbEntity
  8
0
  6
CENTER2
 62
     0
440
 16777216
100
AcDbLine
 10
0.0
 20
-6.5
 30
0.0
 11
0.0
 21
-0.5999999999999997
 31
0.0
  0
LINE
  5
A66
330
A5F
100
AcDbEntity
  8
0
  6
CENTER2
 62
     0
440
 16777216
100
AcDbLine
 10
0.0
 20
0.6000000000000001
 30
0.0
 11
0.0
 21
6.5
 31
0.0
  0
ENDBLK
  5
A67
330
A5F
100
AcDbEntity
  8
0
100
AcDbBlockEnd
  0
BLOCK
  5
A73
330
A72
100
AcDbEntity
  8
0
100
AcDbBlockBegin
  2
*U60
 70
     1
 10
0.0
 20
0.0
 30
0.0
  3
*U60
  1

  0
LINE
  5
A74
330
A72
100
AcDbEntity
  8
0
  6
Continuous
 62
     0
440
 16777216
100
AcDbLine
 10
-0.3
 20
0.0
 30
0.0
 11
0.3
 21
0.0
 31
0.0
  0
LINE
  5
A75
330
A72
100
AcDbEntity
  8
0
  6
Continuous
 62
     0
440
 16777216
100
AcDbLine
 10
0.0
 20
-0.3
 30
0.0
 11
0.0
 21
0.3
 31
0.0
  0
LINE
  5
A76
330
A72
100
AcDbEntity
  8
0
  6
CENTER2
 62
     0
440
 16777216
100
AcDbLine
 10
-6.5
 20
0.0
 30
0.0
 11
-0.5999999999999997
 21
0.0
 31
0.0
  0
LINE
  5
A77
330
A72
100
AcDbEntity
  8
0
  6
CENTER2
 62
     0
440
 16777216
100
AcDbLine
 10
0.6000000000000001
 20
0.0
 30
0.0
 11
6.5
 21
0.0
 31
0.0
  0
LINE
  5
A78
330
A72
100
AcDbEntity
  8
0
  6
CENTER2
 62
     0
440
 16777216
100
AcDbLine
 10
0.0
 20
-6.5
 30
0.0
 11
0.0
 21
-0.5999999999999997
 31
0.0
  0
LINE
  5
A79
330
A72
100
AcDbEntity
  8
0
  6
CENTER2
 62
     0
440
 16777216
100
AcDbLine
 10
0.0
 20
0.6000000000000001
 30
0.0
 11
0.0
 21
6.5
 31
0.0
  0
ENDBLK
  5
A7A
330
A72
100
AcDbEntity
  8
0
100
AcDbBlockEnd
  0
BLOCK
  5
B44
330
B43
100
AcDbEntity
  8
0
  6
Continuous
 62
     2
100
AcDbBlockBegin
  2
*D61
 70
     1
 10
0.0
 20
0.0
 30
0.0
  3
*D61
  1

  0
MTEXT
  5
B45
330
B43
100
AcDbEntity
  8
0
  6
Continuous
 62
     2
440
 16777216
100
AcDbMText
 10
148.7710661949
 20
182.4163107465
 30
0.0
 40
3.5
 41
8.007999999999999
 46
0.0
 71
     2
 72
     1
  1
29,7
 73
     2
 44
0.9
  0
LINE
  5
B46
330
B43
100
AcDbEntity
  8
0
  6
Continuous
 62
     2
440
 16777216
100
AcDbLine
 10
76.0956913828
 20
140.6228707415
 30
0.0
 11
76.0956913828
 21
179.5413107465
 31
0.0
  0
LINE
  5
B47
330
B43
100
AcDbEntity
  8
0
  6
Continuous
 62
     2
440
 16777216
100
AcDbLine
 10
224.5956913828
 20
140.6228707415
 30
0.0
 11
224.5956913828
 21
179.5413107465
 31
0.0
  0
LINE
  5
B48
330
B43
100
AcDbEntity
  8
0
  6
Continuous
 62
     2
440
 16777216
100
AcDbLine
 10
76.0956913828
 20
178.0413107465
 30
0.0
 11
150.3456913828
 21
178.0413107465
 31
0.0
  0
LINE
  5
B49
330
B43
100
AcDbEntity
  8
0
  6
Continuous
 62
     2
440
 16777216
100
AcDbLine
 10
224.5956913828
 20
178.0413107465
 30
0.0
 11
150.3456913828
 21
178.0413107465
 31
0.0
  0
INSERT
  5
B4A
330
B43
100
AcDbEntity
  8
0
  6
Continuous
 62
     2
440
 16777216
100
AcDbBlockReference
  2
_FILLED
 10
76.0956913828
 20
178.0413107465
 30
0.0
 41
3.5
 42
3.5
 43
3.5
 50
180.0
  0
INSERT
  5
B4B
330
B43
100
AcDbEntity
  8
0
  6
Continuous
 62
     2
440
 16777216
100
AcDbBlockReference
  2
_FILLED
 10
224.5956913828
 20
178.0413107465
 30
0.0
 41
3.5
 42
3.5
 43
3.5
  0
ENDBLK
  5
B4C
330
B43
100
AcDbEntity
  8
0
  6
ByBlock
 62
     0
100
AcDbBlockEnd
  0
BLOCK
  5
B4E
330
B4D
100
AcDbEntity
  8
0
  6
Continuous
 62
     2
100
AcDbBlockBegin
  2
*D62
 70
     1
 10
0.0
 20
0.0
 30
0.0
  3
*D62
  1

  0
MTEXT
  5
B4F
330
B4D
100
AcDbEntity
  8
0
  6
Continuous
 62
     2
440
 16777216
100
AcDbMText
 10
50.9490120867
 20
138.4081243737
 30
0.0
 40
3.5
 41
5.656
 46
0.0
 71
     2
 72
     1
  1
8,1
 11
0.0
 21
1.0
 31
0.0
 73
     2
 44
0.9
  0
LINE
  5
B50
330
B4D
100
AcDbEntity
  8
0
  6
Continuous
 62
     2
440
 16777216
100
AcDbLine
 10
108.0956913828
 20
159.8728707415
 30
0.0
 11
53.8240120867
 21
159.8728707415
 31
0.0
  0
LINE
  5
B51
330
B4D
100
AcDbEntity
  8
0
  6
Continuous
 62
     2
440
 16777216
100
AcDbLine
 10
108.0956913828
 20
119.3728707415
 30
0.0
 11
53.8240120867
 21
119.3728707415
 31
0.0
  0
LINE
  5
B52
330
B4D
100
AcDbEntity
  8
0
  6
Continuous
 62
     2
440
 16777216
100
AcDbLine
 10
55.3240120867
 20
159.8728707415
 30
0.0
 11
55.3240120867
 21
139.6228707415
 31
0.0
  0
LINE
  5
B53
330
B4D
100
AcDbEntity
  8
0
  6
Continuous
 62
     2
440
 16777216
100
AcDbLine
 10
55.3240120867
 20
119.3728707415
 30
0.0
 11
55.3240120867
 21
139.6228707415
 31
0.0
  0
INSERT
  5
B54
330
B4D
100
AcDbEntity
  8
0
  6
Continuous
 62
     2
440
 16777216
100
AcDbBlockReference
  2
_FILLED
 10
55.3240120867
 20
159.8728707415
 30
0.0
 41
3.5
 42
3.5
 43
3.5
 50
90.0
  0
INSERT
  5
B55
330
B4D
100
AcDbEntity
  8
0
  6
Continuous
 62
     2
440
 16777216
100
AcDbBlockReference
  2
_FILLED
 10
55.3240120867
 20
119.3728707415
 30
0.0
 41
3.5
 42
3.5
 43
3.5
 50
270.0
  0
ENDBLK
  5
B56
330
B4D
100
AcDbEntity
  8
0
  6
ByBlock
 62
     0
100
AcDbBlockEnd
  0
BLOCK
  5
BDE
330
BDD
100
AcDbEntity
  8
0
100
AcDbBlockBegin
  2
*D63
 70
     1
 10
0.0
 20
0.0
 30
0.0
  3
*D63
  1

  0
LINE
  5
ECB
330
BDD
100
AcDbEntity
  8
0
  6
Continuous
 62
     0
440
 16777216
370
    -2
100
AcDbLine
 10
2578.055098091772
 20
222.8199974040371
 30
0.0
 11
2578.055098091772
 21
277.6984374090372
 31
0.0
  0
LINE
  5
ECC
330
BDD
100
AcDbEntity
  8
0
  6
Continuous
 62
     0
440
 16777216
370
    -2
100
AcDbLine
 10
2726.555098091772
 20
222.8199974040371
 30
0.0
 11
2726.555098091772
 21
277.6984374090372
 31
0.0
  0
LINE
  5
ECD
330
BDD
100
AcDbEntity
  8
0
  6
Continuous
 62
     0
440
 16777216
370
    -2
100
AcDbLine
 10
2581.555098091774
 20
276.1984374090372
 30
0.0
 11
2723.055098091772
 21
276.1984374090372
 31
0.0
  0
INSERT
  5
ECE
330
BDD
100
AcDbEntity
  8
0
  6
Continuous
 62
     0
440
 16777216
370
    -2
100
AcDbBlockReference
  2
_FILLED
 10
2578.055098091772
 20
276.1984374090372
 30
0.0
 41
3.5
 42
3.5
 43
3.5
 50
180.0
  0
INSERT
  5
ECF
330
BDD
100
AcDbEntity
  8
0
  6
Continuous
 62
     0
440
 16777216
370
    -2
100
AcDbBlockReference
  2
_FILLED
 10
2726.555098091772
 20
276.1984374090372
 30
0.0
 41
3.5
 42
3.5
 43
3.5
  0
MTEXT
  5
ED0
330
BDD
100
AcDbEntity
  8
0
  6
Continuous
 62
     0
440
 16777216
100
AcDbMText
 10
2650.696347932072
 20
281.7401040757038
 30
0.0
 40
3.5
 41
8.007999999999999
 46
0.0
 71
     2
 72
     1
  1
\A1;148,5
 73
     2
 44
0.9
  0
POINT
  5
ED1
330
BDD
100
AcDbEntity
  8
DEFPOINTS
  6
Continuous
 62
     0
440
 16777216
100
AcDbPoint
 10
2578.055098091772
 20
221.8199974040372
 30
0.0
  0
POINT
  5
ED2
330
BDD
100
AcDbEntity
  8
DEFPOINTS
  6
Continuous
 62
     0
440
 16777216
100
AcDbPoint
 10
2726.555098091772
 20
221.8199974040372
 30
0.0
  0
POINT
  5
ED3
330
BDD
100
AcDbEntity
  8
DEFPOINTS
  6
Continuous
 62
     0
440
 16777216
100
AcDbPoint
 10
2726.555098091772
 20
276.1984374090372
 30
0.0
  0
ENDBLK
  5
BDF
330
BDD
100
AcDbEntity
  8
0
100
AcDbBlockEnd
  0
BLOCK
  5
BEA
330
BE9
100
AcDbEntity
  8
0
100
AcDbBlockBegin
  2
*D64
 70
     1
 10
0.0
 20
0.0
 30
0.0
  3
*D64
  1

  0
LINE
  5
BFE
330
BE9
100
AcDbEntity
  8
0
  6
Continuous
 62
     0
440
 16777216
370
    -2
100
AcDbLine
 10
2610.055098091774
 20
242.0699974040373
 30
0.0
 11
2555.783418795673
 21
242.0699974040373
 31
0.0
  0
LINE
  5
BFF
330
BE9
100
AcDbEntity
  8
0
  6
Continuous
 62
     0
440
 16777216
370
    -2
100
AcDbLine
 10
2610.055098091774
 20
201.5699974040373
 30
0.0
 11
2555.783418795673
 21
201.5699974040373
 31
0.0
  0
LINE
  5
C00
330
BE9
100
AcDbEntity
  8
0
  6
Continuous
 62
     0
440
 16777216
370
    -2
100
AcDbLine
 10
2557.283418795673
 20
238.5699974040373
 30
0.0
 11
2557.283418795673
 21
205.0699974040373
 31
0.0
  0
INSERT
  5
C01
330
BE9
100
AcDbEntity
  8
0
  6
Continuous
 62
     0
440
 16777216
370
    -2
100
AcDbBlockReference
  2
_FILLED
 10
2557.283418795673
 20
242.0699974040373
 30
0.0
 41
3.5
 42
3.5
 43
3.5
 50
90.0
  0
INSERT
  5
C02
330
BE9
100
AcDbEntity
  8
0
  6
Continuous
 62
     0
440
 16777216
370
    -2
100
AcDbBlockReference
  2
_FILLED
 10
2557.283418795673
 20
201.5699974040373
 30
0.0
 41
3.5
 42
3.5
 43
3.5
 50
270.0
  0
MTEXT
  5
C03
330
BE9
100
AcDbEntity
  8
0
  6
Continuous
 62
     0
440
 16777216
100
AcDbMText
 10
2551.741752129006
 20
220.3357503937372
 30
0.0
 40
3.5
 41
5.656
 46
0.0
 71
     2
 72
     1
  1
\A1;40,5
 11
0.0000000000000001
 21
1.0
 31
0.0
 73
     2
 44
0.9
  0
POINT
  5
C04
330
BE9
100
AcDbEntity
  8
DEFPOINTS
  6
Continuous
 62
     0
440
 16777216
100
AcDbPoint
 10
2611.055098091773
 20
242.0699974040373
 30
0.0
  0
POINT
  5
C05
330
BE9
100
AcDbEntity
  8
DEFPOINTS
  6
Continuous
 62
     0
440
 16777216
100
AcDbPoint
 10
2611.055098091773
 20
201.5699974040373
 30
0.0
  0
POINT
  5
C06
330
BE9
100
AcDbEntity
  8
DEFPOINTS
  6
Continuous
 62
     0
440
 16777216
100
AcDbPoint
 10
2557.283418795673
 20
201.5699974040373
 30
0.0
  0
ENDBLK
  5
BEB
330
BE9
100
AcDbEntity
  8
0
100
AcDbBlockEnd
  0
BLOCK
  5
D85
330
D84
100
AcDbEntity
  8
0
100
AcDbBlockBegin
  2
*D65
 70
     1
 10
0.0
 20
0.0
 30
0.0
  3
*D65
  1

  0
LINE
  5
D9D
330
D84
100
AcDbEntity
  8
0
  6
Continuous
 62
     0
440
 16777216
370
    -2
100
AcDbLine
 10
2795.048898191974
 20
243.0699974040372
 30
0.0
 11
2795.048898191974
 21
260.7514032433873
 31
0.0
  0
LINE
  5
D9E
330
D84
100
AcDbEntity
  8
0
  6
Continuous
 62
     0
440
 16777216
370
    -2
100
AcDbLine
 10
2802.548898191974
 20
243.0699974040372
 30
0.0
 11
2802.548898191974
 21
260.7514032433873
 31
0.0
  0
LINE
  5
D9F
330
D84
100
AcDbEntity
  8
0
  6
Continuous
 62
     0
440
 16777216
370
    -2
100
AcDbLine
 10
2791.548898191974
 20
259.2514032433874
 30
0.0
 11
2788.048898191974
 21
259.2514032433874
 31
0.0
  0
LINE
  5
DA0
330
D84
100
AcDbEntity
  8
0
  6
Continuous
 62
     0
440
 16777216
370
    -2
100
AcDbLine
 10
2806.048898191974
 20
259.2514032433874
 30
0.0
 11
2818.632231525306
 21
259.2514032433874
 31
0.0
  0
INSERT
  5
DA1
330
D84
100
AcDbEntity
  8
0
  6
Continuous
 62
     0
440
 16777216
370
    -2
100
AcDbBlockReference
  2
_FILLED
 10
2795.048898191974
 20
259.2514032433874
 30
0.0
 41
3.5
 42
3.5
 43
3.5
  0
INSERT
  5
DA2
330
D84
100
AcDbEntity
  8
0
  6
Continuous
 62
     0
440
 16777216
370
    -2
100
AcDbBlockReference
  2
_FILLED
 10
2802.548898191974
 20
259.2514032433874
 30
0.0
 41
3.5
 42
3.5
 43
3.5
 50
180.0
  0
MTEXT
  5
DA3
330
D84
100
AcDbEntity
  8
0
  6
Continuous
 62
     0
440
 16777216
100
AcDbMText
 10
2814.090564858639
 20
262.2097365767207
 30
0.0
 40
3.5
 41
0.0
 46
0.0
 71
     5
 72
     1
  1
\A1;7,5
 73
     1
 44
1.0
  0
POINT
  5
DA4
330
D84
100
AcDbEntity
  8
DEFPOINTS
  6
Continuous
 62
     0
440
 16777216
100
AcDbPoint
 10
2795.048898191974
 20
242.0699974040372
 30
0.0
  0
POINT
  5
DA5
330
D84
100
AcDbEntity
  8
DEFPOINTS
  6
Continuous
 62
     0
440
 16777216
100
AcDbPoint
 10
2802.548898191974
 20
242.0699974040372
 30
0.0
  0
POINT
  5
DA6
330
D84
100
AcDbEntity
  8
DEFPOINTS
  6
Continuous
 62
     0
440
 16777216
100
AcDbPoint
 10
2802.548898191974
 20
259.2514032433874
 30
0.0
  0
ENDBLK
  5
D86
330
D84
100
AcDbEntity
  8
0
100
AcDbBlockEnd
  0
BLOCK
  5
DAC
330
DAB
100
AcDbEntity
  8
0
100
AcDbBlockBegin
  2
*U66
 70
     1
 10
0.0
 20
0.0
 30
0.0
  3
*U66
  1

  0
LINE
  5
DB0
330
DAB
100
AcDbEntity
  8
0
  6
Continuous
 62
     0
440
 16777216
100
AcDbLine
 10
-0.5750000000000001
 20
0.0
 30
0.0
 11
0.5750000000000001
 21
0.0
 31
0.0
  0
LINE
  5
DB1
330
DAB
100
AcDbEntity
  8
0
  6
Continuous
 62
     0
440
 16777216
100
AcDbLine
 10
0.0
 20
-0.5750000000000001
 30
0.0
 11
0.0
 21
0.5750000000000001
 31
0.0
  0
LINE
  5
DB2
330
DAB
100
AcDbEntity
  8
0
  6
CENTER2
 62
     0
440
 16777216
100
AcDbLine
 10
-9.25
 20
0.0
 30
0.0
 11
-1.149999999999999
 21
0.0
 31
0.0
  0
LINE
  5
DB3
330
DAB
100
AcDbEntity
  8
0
  6
CENTER2
 62
     0
440
 16777216
100
AcDbLine
 10
1.149999999999999
 20
0.0
 30
0.0
 11
9.25
 21
0.0
 31
0.0
  0
LINE
  5
DB4
330
DAB
100
AcDbEntity
  8
0
  6
CENTER2
 62
     0
440
 16777216
100
AcDbLine
 10
0.0
 20
-9.25
 30
0.0
 11
0.0
 21
-1.149999999999999
 31
0.0
  0
LINE
  5
DB5
330
DAB
100
AcDbEntity
  8
0
  6
CENTER2
 62
     0
440
 16777216
100
AcDbLine
 10
0.0
 20
1.149999999999999
 30
0.0
 11
0.0
 21
9.25
 31
0.0
  0
ENDBLK
  5
DAD
330
DAB
100
AcDbEntity
  8
0
100
AcDbBlockEnd
  0
BLOCK
  5
DBB
330
DBA
100
AcDbEntity
  8
0
100
AcDbBlockBegin
  2
*U67
 70
     1
 10
0.0
 20
0.0
 30
0.0
  3
*U67
  1

  0
LINE
  5
DBF
330
DBA
100
AcDbEntity
  8
0
  6
Continuous
 62
     0
440
 16777216
100
AcDbLine
 10
-0.25
 20
0.0
 30
0.0
 11
0.25
 21
0.0
 31
0.0
  0
LINE
  5
DC0
330
DBA
100
AcDbEntity
  8
0
  6
Continuous
 62
     0
440
 16777216
100
AcDbLine
 10
0.0
 20
-0.25
 30
0.0
 11
0.0
 21
0.25
 31
0.0
  0
LINE
  5
DC1
330
DBA
100
AcDbEntity
  8
0
  6
CENTER2
 62
     0
440
 16777216
100
AcDbLine
 10
-6.0
 20
0.0
 30
0.0
 11
-0.5
 21
0.0
 31
0.0
  0
LINE
  5
DC2
330
DBA
100
AcDbEntity
  8
0
  6
CENTER2
 62
     0
440
 16777216
100
AcDbLine
 10
0.5
 20
0.0
 30
0.0
 11
6.0
 21
0.0
 31
0.0
  0
LINE
  5
DC3
330
DBA
100
AcDbEntity
  8
0
  6
CENTER2
 62
     0
440
 16777216
100
AcDbLine
 10
0.0
 20
-6.0
 30
0.0
 11
0.0
 21
-0.5
 31
0.0
  0
LINE
  5
DC4
330
DBA
100
AcDbEntity
  8
0
  6
CENTER2
 62
     0
440
 16777216
100
AcDbLine
 10
0.0
 20
0.5
 30
0.0
 11
0.0
 21
6.0
 31
0.0
  0
ENDBLK
  5
DBC
330
DBA
100
AcDbEntity
  8
0
100
AcDbBlockEnd
  0
BLOCK
  5
DCA
330
DC9
100
AcDbEntity
  8
0
100
AcDbBlockBegin
  2
*U68
 70
     1
 10
0.0
 20
0.0
 30
0.0
  3
*U68
  1

  0
LINE
  5
DCE
330
DC9
100
AcDbEntity
  8
0
  6
Continuous
 62
     0
440
 16777216
100
AcDbLine
 10
-0.25
 20
0.0
 30
0.0
 11
0.25
 21
0.0
 31
0.0
  0
LINE
  5
DCF
330
DC9
100
AcDbEntity
  8
0
  6
Continuous
 62
     0
440
 16777216
100
AcDbLine
 10
0.0
 20
-0.25
 30
0.0
 11
0.0
 21
0.25
 31
0.0
  0
LINE
  5
DD0
330
DC9
100
AcDbEntity
  8
0
  6
CENTER2
 62
     0
440
 16777216
100
AcDbLine
 10
-6.0
 20
0.0
 30
0.0
 11
-0.5
 21
0.0
 31
0.0
  0
LINE
  5
DD1
330
DC9
100
AcDbEntity
  8
0
  6
CENTER2
 62
     0
440
 16777216
100
AcDbLine
 10
0.5
 20
0.0
 30
0.0
 11
6.0
 21
0.0
 31
0.0
  0
LINE
  5
DD2
330
DC9
100
AcDbEntity
  8
0
  6
CENTER2
 62
     0
440
 16777216
100
AcDbLine
 10
0.0
 20
-6.0
 30
0.0
 11
0.0
 21
-0.5
 31
0.0
  0
LINE
  5
DD3
330
DC9
100
AcDbEntity
  8
0
  6
CENTER2
 62
     0
440
 16777216
100
AcDbLine
 10
0.0
 20
0.5
 30
0.0
 11
0.0
 21
6.0
 31
0.0
  0
ENDBLK
  5
DCB
330
DC9
100
AcDbEntity
  8
0
100
AcDbBlockEnd
  0
BLOCK
  5
DD9
330
DD8
100
AcDbEntity
  8
0
100
AcDbBlockBegin
  2
*U69
 70
     1
 10
0.0
 20
0.0
 30
0.0
  3
*U69
  1

  0
LINE
  5
DDD
330
DD8
100
AcDbEntity
  8
0
  6
Continuous
 62
     0
440
 16777216
100
AcDbLine
 10
-0.25
 20
0.0
 30
0.0
 11
0.25
 21
0.0
 31
0.0
  0
LINE
  5
DDE
330
DD8
100
AcDbEntity
  8
0
  6
Continuous
 62
     0
440
 16777216
100
AcDbLine
 10
0.0
 20
-0.25
 30
0.0
 11
0.0
 21
0.25
 31
0.0
  0
LINE
  5
DDF
330
DD8
100
AcDbEntity
  8
0
  6
CENTER2
 62
     0
440
 16777216
100
AcDbLine
 10
-6.0
 20
0.0
 30
0.0
 11
-0.5
 21
0.0
 31
0.0
  0
LINE
  5
DE0
330
DD8
100
AcDbEntity
  8
0
  6
CENTER2
 62
     0
440
 16777216
100
AcDbLine
 10
0.5
 20
0.0
 30
0.0
 11
6.0
 21
0.0
 31
0.0
  0
LINE
  5
DE1
330
DD8
100
AcDbEntity
  8
0
  6
CENTER2
 62
     0
440
 16777216
100
AcDbLine
 10
0.0
 20
-6.0
 30
0.0
 11
0.0
 21
-0.5
 31
0.0
  0
LINE
  5
DE2
330
DD8
100
AcDbEntity
  8
0
  6
CENTER2
 62
     0
440
 16777216
100
AcDbLine
 10
0.0
 20
0.5
 30
0.0
 11
0.0
 21
6.0
 31
0.0
  0
ENDBLK
  5
DDA
330
DD8
100
AcDbEntity
  8
0
100
AcDbBlockEnd
  0
BLOCK
  5
DE8
330
DE7
100
AcDbEntity
  8
0
100
AcDbBlockBegin
  2
*U70
 70
     1
 10
0.0
 20
0.0
 30
0.0
  3
*U70
  1

  0
LINE
  5
DEC
330
DE7
100
AcDbEntity
  8
0
  6
Continuous
 62
     0
440
 16777216
100
AcDbLine
 10
-0.25
 20
0.0
 30
0.0
 11
0.25
 21
0.0
 31
0.0
  0
LINE
  5
DED
330
DE7
100
AcDbEntity
  8
0
  6
Continuous
 62
     0
440
 16777216
100
AcDbLine
 10
0.0
 20
-0.25
 30
0.0
 11
0.0
 21
0.25
 31
0.0
  0
LINE
  5
DEE
330
DE7
100
AcDbEntity
  8
0
  6
CENTER2
 62
     0
440
 16777216
100
AcDbLine
 10
-6.0
 20
0.0
 30
0.0
 11
-0.5
 21
0.0
 31
0.0
  0
LINE
  5
DEF
330
DE7
100
AcDbEntity
  8
0
  6
CENTER2
 62
     0
440
 16777216
100
AcDbLine
 10
0.5
 20
0.0
 30
0.0
 11
6.0
 21
0.0
 31
0.0
  0
LINE
  5
DF0
330
DE7
100
AcDbEntity
  8
0
  6
CENTER2
 62
     0
440
 16777216
100
AcDbLine
 10
0.0
 20
-6.0
 30
0.0
 11
0.0
 21
-0.5
 31
0.0
  0
LINE
  5
DF1
330
DE7
100
AcDbEntity
  8
0
  6
CENTER2
 62
     0
440
 16777216
100
AcDbLine
 10
0.0
 20
0.5
 30
0.0
 11
0.0
 21
6.0
 31
0.0
  0
ENDBLK
  5
DE9
330
DE7
100
AcDbEntity
  8
0
100
AcDbBlockEnd
  0
BLOCK
  5
DF7
330
DF6
100
AcDbEntity
  8
0
100
AcDbBlockBegin
  2
*U71
 70
     1
 10
0.0
 20
0.0
 30
0.0
  3
*U71
  1

  0
LINE
  5
DFB
330
DF6
100
AcDbEntity
  8
0
  6
Continuous
 62
     0
440
 16777216
100
AcDbLine
 10
-0.25
 20
0.0
 30
0.0
 11
0.25
 21
0.0
 31
0.0
  0
LINE
  5
DFC
330
DF6
100
AcDbEntity
  8
0
  6
Continuous
 62
     0
440
 16777216
100
AcDbLine
 10
0.0
 20
-0.25
 30
0.0
 11
0.0
 21
0.25
 31
0.0
  0
LINE
  5
DFD
330
DF6
100
AcDbEntity
  8
0
  6
CENTER2
 62
     0
440
 16777216
100
AcDbLine
 10
-6.0
 20
0.0
 30
0.0
 11
-0.5
 21
0.0
 31
0.0
  0
LINE
  5
DFE
330
DF6
100
AcDbEntity
  8
0
  6
CENTER2
 62
     0
440
 16777216
100
AcDbLine
 10
0.5
 20
0.0
 30
0.0
 11
6.0
 21
0.0
 31
0.0
  0
LINE
  5
DFF
330
DF6
100
AcDbEntity
  8
0
  6
CENTER2
 62
     0
440
 16777216
100
AcDbLine
 10
0.0
 20
-6.0
 30
0.0
 11
0.0
 21
-0.5
 31
0.0
  0
LINE
  5
E00
330
DF6
100
AcDbEntity
  8
0
  6
CENTER2
 62
     0
440
 16777216
100
AcDbLine
 10
0.0
 20
0.5
 30
0.0
 11
0.0
 21
6.0
 31
0.0
  0
ENDBLK
  5
DF8
330
DF6
100
AcDbEntity
  8
0
100
AcDbBlockEnd
  0
BLOCK
  5
E06
330
E05
100
AcDbEntity
  8
0
100
AcDbBlockBegin
  2
*U72
 70
     1
 10
0.0
 20
0.0
 30
0.0
  3
*U72
  1

  0
LINE
  5
E0A
330
E05
100
AcDbEntity
  8
0
  6
Continuous
 62
     0
440
 16777216
100
AcDbLine
 10
-0.5750000000000001
 20
0.0
 30
0.0
 11
0.5750000000000001
 21
0.0
 31
0.0
  0
LINE
  5
E0B
330
E05
100
AcDbEntity
  8
0
  6
Continuous
 62
     0
440
 16777216
100
AcDbLine
 10
0.0
 20
-0.5750000000000001
 30
0.0
 11
0.0
 21
0.5750000000000001
 31
0.0
  0
LINE
  5
E0C
330
E05
100
AcDbEntity
  8
0
  6
CENTER2
 62
     0
440
 16777216
100
AcDbLine
 10
-9.25
 20
0.0
 30
0.0
 11
-1.149999999999999
 21
0.0
 31
0.0
  0
LINE
  5
E0D
330
E05
100
AcDbEntity
  8
0
  6
CENTER2
 62
     0
440
 16777216
100
AcDbLine
 10
1.149999999999999
 20
0.0
 30
0.0
 11
9.25
 21
0.0
 31
0.0
  0
LINE
  5
E0E
330
E05
100
AcDbEntity
  8
0
  6
CENTER2
 62
     0
440
 16777216
100
AcDbLine
 10
0.0
 20
-9.25
 30
0.0
 11
0.0
 21
-1.149999999999999
 31
0.0
  0
LINE
  5
E0F
330
E05
100
AcDbEntity
  8
0
  6
CENTER2
 62
     0
440
 16777216
100
AcDbLine
 10
0.0
 20
1.149999999999999
 30
0.0
 11
0.0
 21
9.25
 31
0.0
  0
ENDBLK
  5
E07
330
E05
100
AcDbEntity
  8
0
100
AcDbBlockEnd
  0
BLOCK
  5
E15
330
E14
100
AcDbEntity
  8
0
100
AcDbBlockBegin
  2
*U73
 70
     1
 10
0.0
 20
0.0
 30
0.0
  3
*U73
  1

  0
LINE
  5
E19
330
E14
100
AcDbEntity
  8
0
  6
Continuous
 62
     0
440
 16777216
100
AcDbLine
 10
-0.5674999999999999
 20
0.0
 30
0.0
 11
0.5674999999999999
 21
0.0
 31
0.0
  0
LINE
  5
E1A
330
E14
100
AcDbEntity
  8
0
  6
Continuous
 62
     0
440
 16777216
100
AcDbLine
 10
0.0
 20
-0.5674999999999999
 30
0.0
 11
0.0
 21
0.5674999999999999
 31
0.0
  0
LINE
  5
E1B
330
E14
100
AcDbEntity
  8
0
  6
CENTER2
 62
     0
440
 16777216
100
AcDbLine
 10
-9.174999999999997
 20
0.0
 30
0.0
 11
-1.134999999999998
 21
0.0
 31
0.0
  0
LINE
  5
E1C
330
E14
100
AcDbEntity
  8
0
  6
CENTER2
 62
     0
440
 16777216
100
AcDbLine
 10
1.134999999999998
 20
0.0
 30
0.0
 11
9.174999999999997
 21
0.0
 31
0.0
  0
LINE
  5
E1D
330
E14
100
AcDbEntity
  8
0
  6
CENTER2
 62
     0
440
 16777216
100
AcDbLine
 10
0.0
 20
-9.174999999999997
 30
0.0
 11
0.0
 21
-1.134999999999998
 31
0.0
  0
LINE
  5
E1E
330
E14
100
AcDbEntity
  8
0
  6
CENTER2
 62
     0
440
 16777216
100
AcDbLine
 10
0.0
 20
1.134999999999998
 30
0.0
 11
0.0
 21
9.174999999999997
 31
0.0
  0
ENDBLK
  5
E16
330
E14
100
AcDbEntity
  8
0
100
AcDbBlockEnd
  0
BLOCK
  5
E24
330
E23
100
AcDbEntity
  8
0
100
AcDbBlockBegin
  2
*U74
 70
     1
 10
0.0
 20
0.0
 30
0.0
  3
*U74
  1

  0
LINE
  5
E28
330
E23
100
AcDbEntity
  8
0
  6
Continuous
 62
     0
440
 16777216
100
AcDbLine
 10
-0.5674999999999999
 20
0.0
 30
0.0
 11
0.5674999999999999
 21
0.0
 31
0.0
  0
LINE
  5
E29
330
E23
100
AcDbEntity
  8
0
  6
Continuous
 62
     0
440
 16777216
100
AcDbLine
 10
0.0
 20
-0.5674999999999999
 30
0.0
 11
0.0
 21
0.5674999999999999
 31
0.0
  0
LINE
  5
E2A
330
E23
100
AcDbEntity
  8
0
  6
CENTER2
 62
     0
440
 16777216
100
AcDbLine
 10
-9.174999999999997
 20
0.0
 30
0.0
 11
-1.134999999999998
 21
0.0
 31
0.0
  0
LINE
  5
E2B
330
E23
100
AcDbEntity
  8
0
  6
CENTER2
 62
     0
440
 16777216
100
AcDbLine
 10
1.134999999999998
 20
0.0
 30
0.0
 11
9.174999999999997
 21
0.0
 31
0.0
  0
LINE
  5
E2C
330
E23
100
AcDbEntity
  8
0
  6
CENTER2
 62
     0
440
 16777216
100
AcDbLine
 10
0.0
 20
-9.174999999999997
 30
0.0
 11
0.0
 21
-1.134999999999998
 31
0.0
  0
LINE
  5
E2D
330
E23
100
AcDbEntity
  8
0
  6
CENTER2
 62
     0
440
 16777216
100
AcDbLine
 10
0.0
 20
1.134999999999998
 30
0.0
 11
0.0
 21
9.174999999999997
 31
0.0
  0
ENDBLK
  5
E25
330
E23
100
AcDbEntity
  8
0
100
AcDbBlockEnd
  0
BLOCK
  5
E41
330
E40
100
AcDbEntity
  8
0
100
AcDbBlockBegin
  2
*U75
 70
     1
 10
0.0
 20
0.0
 30
0.0
  3
*U75
  1

  0
LINE
  5
E45
330
E40
100
AcDbEntity
  8
0
  6
CENTER2
 62
     0
440
 16777216
100
AcDbLine
 10
0.0
 20
-44.50442316338574
 30
0.0
 11
0.0
 21
28.68402112692895
 31
0.0
  0
ENDBLK
  5
E42
330
E40
100
AcDbEntity
  8
0
100
AcDbBlockEnd
  0
BLOCK
  5
E4D
330
E4C
100
AcDbEntity
  8
0
100
AcDbBlockBegin
  2
*U76
 70
     1
 10
0.0
 20
0.0
 30
0.0
  3
*U76
  1

  0
LINE
  5
E51
330
E4C
100
AcDbEntity
  8
0
  6
CENTER2
 62
     0
440
 16777216
100
AcDbLine
 10
0.0
 20
-89.52058659281558
 30
0.0
 11
0.0
 21
44.12387418397519
 31
0.0
  0
ENDBLK
  5
E4E
330
E4C
100
AcDbEntity
  8
0
100
AcDbBlockEnd
  0
BLOCK
  5
E59
330
E58
100
AcDbEntity
  8
0
100
AcDbBlockBegin
  2
*U77
 70
     1
 10
0.0
 20
0.0
 30
0.0
  3
*U77
  1

  0
LINE
  5
E5D
330
E58
100
AcDbEntity
  8
0
  6
CENTER2
 62
     0
440
 16777216
100
AcDbLine
 10
-99.70105035138841
 20
0.0
 30
0.0
 11
102.3225678086855
 21
0.0
 31
0.0
  0
ENDBLK
  5
E5A
330
E58
100
AcDbEntity
  8
0
100
AcDbBlockEnd
  0
BLOCK
  5
E65
330
E64
100
AcDbEntity
  8
0
100
AcDbBlockBegin
  2
*U78
 70
     1
 10
0.0
 20
0.0
 30
0.0
  3
*U78
  1

  0
LINE
  5
E69
330
E64
100
AcDbEntity
  8
0
  6
CENTER2
 62
     0
440
 16777216
100
AcDbLine
 10
-90.35581627036119
 20
0.0
 30
0.0
 11
98.30134216449005
 21
0.0
 31
0.0
  0
ENDBLK
  5
E66
330
E64
100
AcDbEntity
  8
0
100
AcDbBlockEnd
  0
BLOCK
  5
E6D
330
E6C
100
AcDbEntity
  8
0
100
AcDbBlockBegin
  2
*D79
 70
     1
 10
0.0
 20
0.0
 30
0.0
  3
*D79
  1

  0
LINE
  5
EC2
330
E6C
100
AcDbEntity
  8
0
  6
Continuous
 62
     0
440
 16777216
370
    -2
100
AcDbLine
 10
2652.305098091773
 20
181.5155742406514
 30
0.0
 11
2652.305098091773
 21
146.5296027166478
 31
0.0
  0
LINE
  5
EC3
330
E6C
100
AcDbEntity
  8
0
  6
Continuous
 62
     0
440
 16777216
370
    -2
100
AcDbLine
 10
2714.055098091773
 20
220.8199974040372
 30
0.0
 11
2714.055098091773
 21
146.5296027166478
 31
0.0
  0
LINE
  5
EC4
330
E6C
100
AcDbEntity
  8
0
  6
Continuous
 62
     0
440
 16777216
370
    -2
100
AcDbLine
 10
2655.805098091772
 20
148.0296027166478
 30
0.0
 11
2710.555098091772
 21
148.0296027166478
 31
0.0
  0
INSERT
  5
EC5
330
E6C
100
AcDbEntity
  8
0
  6
Continuous
 62
     0
440
 16777216
370
    -2
100
AcDbBlockReference
  2
_FILLED
 10
2652.305098091773
 20
148.0296027166478
 30
0.0
 41
3.5
 42
3.5
 43
3.5
 50
180.0
  0
INSERT
  5
EC6
330
E6C
100
AcDbEntity
  8
0
  6
Continuous
 62
     0
440
 16777216
370
    -2
100
AcDbBlockReference
  2
_FILLED
 10
2714.055098091773
 20
148.0296027166478
 30
0.0
 41
3.5
 42
3.5
 43
3.5
  0
MTEXT
  5
EC7
330
E6C
100
AcDbEntity
  8
0
  6
Continuous
 62
     0
440
 16777216
100
AcDbMText
 10
2683.180098091773
 20
150.9879360499811
 30
0.0
 40
3.5
 41
0.0
 46
0.0
 71
     5
 72
     1
  1
\A1;61,75
 73
     1
 44
1.0
  0
POINT
  5
EC8
330
E6C
100
AcDbEntity
  8
DEFPOINTS
  6
Continuous
 62
     0
440
 16777216
100
AcDbPoint
 10
2652.305098091773
 20
182.5155742406514
 30
0.0
  0
POINT
  5
EC9
330
E6C
100
AcDbEntity
  8
DEFPOINTS
  6
Continuous
 62
     0
440
 16777216
100
AcDbPoint
 10
2714.055098091773
 20
221.8199974040372
 30
0.0
  0
POINT
  5
ECA
330
E6C
100
AcDbEntity
  8
DEFPOINTS
  6
Continuous
 62
     0
440
 16777216
100
AcDbPoint
 10
2714.055098091773
 20
148.0296027166478
 30
0.0
  0
ENDBLK
  5
E6E
330
E6C
100
AcDbEntity
  8
0
100
AcDbBlockEnd
  0
BLOCK
  5
E84
330
E83
100
AcDbEntity
  8
0
100
AcDbBlockBegin
  2
*D80
 70
     1
 10
0.0
 20
0.0
 30
0.0
  3
*D80
  1

  0
LINE
  5
EB9
330
E83
100
AcDbEntity
  8
0
  6
Continuous
 62
     0
440
 16777216
370
    -2
100
AcDbLine
 10
2652.305098091773
 20
181.5155742406514
 30
0.0
 11
2652.305098091773
 21
164.4901005496476
 31
0.0
  0
LINE
  5
EBA
330
E83
100
AcDbEntity
  8
0
  6
Continuous
 62
     0
440
 16777216
370
    -2
100
AcDbLine
 10
2677.305098091772
 20
214.8199974040372
 30
0.0
 11
2677.305098091772
 21
164.4901005496476
 31
0.0
  0
LINE
  5
EBB
330
E83
100
AcDbEntity
  8
0
  6
Continuous
 62
     0
440
 16777216
370
    -2
100
AcDbLine
 10
2655.805098091772
 20
165.9901005496476
 30
0.0
 11
2673.805098091774
 21
165.9901005496476
 31
0.0
  0
INSERT
  5
EBC
330
E83
100
AcDbEntity
  8
0
  6
Continuous
 62
     0
440
 16777216
370
    -2
100
AcDbBlockReference
  2
_FILLED
 10
2652.305098091773
 20
165.9901005496476
 30
0.0
 41
3.5
 42
3.5
 43
3.5
 50
180.0
  0
INSERT
  5
EBD
330
E83
100
AcDbEntity
  8
0
  6
Continuous
 62
     0
440
 16777216
370
    -2
100
AcDbBlockReference
  2
_FILLED
 10
2677.305098091772
 20
165.9901005496476
 30
0.0
 41
3.5
 42
3.5
 43
3.5
  0
MTEXT
  5
EBE
330
E83
100
AcDbEntity
  8
0
  6
Continuous
 62
     0
440
 16777216
100
AcDbMText
 10
2664.805098091772
 20
168.6151005496476
 30
0.0
 40
3.5
 41
0.0
 46
0.0
 71
     5
 72
     1
  1
\A1;25
 73
     1
 44
1.0
  0
POINT
  5
EBF
330
E83
100
AcDbEntity
  8
DEFPOINTS
  6
Continuous
 62
     0
440
 16777216
100
AcDbPoint
 10
2652.305098091773
 20
182.5155742406514
 30
0.0
  0
POINT
  5
EC0
330
E83
100
AcDbEntity
  8
DEFPOINTS
  6
Continuous
 62
     0
440
 16777216
100
AcDbPoint
 10
2677.305098091772
 20
215.8199974040372
 30
0.0
  0
POINT
  5
EC1
330
E83
100
AcDbEntity
  8
DEFPOINTS
  6
Continuous
 62
     0
440
 16777216
100
AcDbPoint
 10
2677.305098091772
 20
165.9901005496476
 30
0.0
  0
ENDBLK
  5
E85
330
E83
100
AcDbEntity
  8
0
100
AcDbBlockEnd
  0
BLOCK
  5
E9B
330
E9A
100
AcDbEntity
  8
0
100
AcDbBlockBegin
  2
*D81
 70
     1
 10
0.0
 20
0.0
 30
0.0
  3
*D81
  1

  0
LINE
  5
EB0
330
E9A
100
AcDbEntity
  8
0
  6
Continuous
 62
     0
440
 16777216
370
    -2
100
AcDbLine
 10
2652.305098091773
 20
228.8199974041372
 30
0.0
 11
2652.305098091773
 21
252.0799161673103
 31
0.0
  0
LINE
  5
EB1
330
E9A
100
AcDbEntity
  8
0
  6
Continuous
 62
     0
440
 16777216
370
    -2
100
AcDbLine
 10
2664.805098091772
 20
228.8199974041372
 30
0.0
 11
2664.805098091772
 21
252.0799161673103
 31
0.0
  0
LINE
  5
EB2
330
E9A
100
AcDbEntity
  8
0
  6
Continuous
 62
     0
440
 16777216
370
    -2
100
AcDbLine
 10
2655.805098091772
 20
250.5799161673103
 30
0.0
 11
2661.305098091772
 21
250.5799161673103
 31
0.0
  0
INSERT
  5
EB3
330
E9A
100
AcDbEntity
  8
0
  6
Continuous
 62
     0
440
 16777216
370
    -2
100
AcDbBlockReference
  2
_FILLED
 10
2652.305098091773
 20
250.5799161673103
 30
0.0
 41
3.5
 42
3.5
 43
3.5
 50
180.0
  0
INSERT
  5
EB4
330
E9A
100
AcDbEntity
  8
0
  6
Continuous
 62
     0
440
 16777216
370
    -2
100
AcDbBlockReference
  2
_FILLED
 10
2664.805098091772
 20
250.5799161673103
 30
0.0
 41
3.5
 42
3.5
 43
3.5
  0
MTEXT
  5
EB5
330
E9A
100
AcDbEntity
  8
0
  6
Continuous
 62
     0
440
 16777216
100
AcDbMText
 10
2658.555098091774
 20
253.5382495006437
 30
0.0
 40
3.5
 41
0.0
 46
0.0
 71
     5
 72
     1
  1
\A1;12,5
 73
     1
 44
1.0
  0
POINT
  5
EB6
330
E9A
100
AcDbEntity
  8
DEFPOINTS
  6
Continuous
 62
     0
440
 16777216
100
AcDbPoint
 10
2652.305098091773
 20
227.819997404137
 30
0.0
  0
POINT
  5
EB7
330
E9A
100
AcDbEntity
  8
DEFPOINTS
  6
Continuous
 62
     0
440
 16777216
100
AcDbPoint
 10
2664.805098091772
 20
227.819997404137
 30
0.0
  0
POINT
  5
EB8
330
E9A
100
AcDbEntity
  8
DEFPOINTS
  6
Continuous
 62
     0
440
 16777216
100
AcDbPoint
 10
2664.805098091772
 20
250.5799161673103
 30
0.0
  0
ENDBLK
  5
E9C
330
E9A
100
AcDbEntity
  8
0
100
AcDbBlockEnd
  0
BLOCK
  5
ED6
330
ED5
100
AcDbEntity
  8
0
100
AcDbBlockBegin
  2
*D82
 70
     1
 10
0.0
 20
0.0
 30
0.0
  3
*D82
  1

  0
LINE
  5
F0C
330
ED5
100
AcDbEntity
  8
0
  6
Continuous
 62
     0
440
 16777216
370
    -2
100
AcDbLine
 10
3164.681302012728
 20
322.1672131722498
 30
0.0
 11
3164.681302012728
 21
349.098401760637
 31
0.0
  0
LINE
  5
F0D
330
ED5
100
AcDbEntity
  8
0
  6
Continuous
 62
     0
440
 16777216
370
    -2
100
AcDbLine
 10
3197.456302012728
 20
260.9683389882746
 30
0.0
 11
3197.456302012728
 21
349.098401760637
 31
0.0
  0
LINE
  5
F0E
330
ED5
100
AcDbEntity
  8
0
  6
Continuous
 62
     0
440
 16777216
370
    -2
100
AcDbLine
 10
3168.181302012728
 20
347.598401760637
 30
0.0
 11
3193.956302012729
 21
347.598401760637
 31
0.0
  0
INSERT
  5
F0F
330
ED5
100
AcDbEntity
  8
0
  6
Continuous
 62
     0
440
 16777216
370
    -2
100
AcDbBlockReference
  2
_FILLED
 10
3164.681302012728
 20
347.598401760637
 30
0.0
 41
3.5
 42
3.5
 43
3.5
 50
180.0
  0
INSERT
  5
F10
330
ED5
100
AcDbEntity
  8
0
  6
Continuous
 62
     0
440
 16777216
370
    -2
100
AcDbBlockReference
  2
_FILLED
 10
3197.456302012728
 20
347.598401760637
 30
0.0
 41
3.5
 42
3.5
 43
3.5
  0
MTEXT
  5
F11
330
ED5
100
AcDbEntity
  8
0
  6
Continuous
 62
     0
440
 16777216
100
AcDbMText
 10
3181.068802012728
 20
350.5567350939704
 30
0.0
 40
3.5
 41
0.0
 46
0.0
 71
     5
 72
     1
  1
\A1;32,78
 73
     1
 44
1.0
  0
POINT
  5
F12
330
ED5
100
AcDbEntity
  8
DEFPOINTS
  6
Continuous
 62
     0
440
 16777216
100
AcDbPoint
 10
3164.681302012728
 20
321.1672131722498
 30
0.0
  0
POINT
  5
F13
330
ED5
100
AcDbEntity
  8
DEFPOINTS
  6
Continuous
 62
     0
440
 16777216
100
AcDbPoint
 10
3197.456302012728
 20
259.9683389882746
 30
0.0
  0
POINT
  5
F14
330
ED5
100
AcDbEntity
  8
DEFPOINTS
  6
Continuous
 62
     0
440
 16777216
100
AcDbPoint
 10
3197.456302012728
 20
347.598401760637
 30
0.0
  0
ENDBLK
  5
ED7
330
ED5
100
AcDbEntity
  8
0
100
AcDbBlockEnd
  0
BLOCK
  5
EED
330
EEC
100
AcDbEntity
  8
0
100
AcDbBlockBegin
  2
*D83
 70
     1
 10
0.0
 20
0.0
 30
0.0
  3
*D83
  1

  0
LINE
  5
F02
330
EEC
100
AcDbEntity
  8
0
  6
Continuous
 62
     0
440
 16777216
370
    -2
100
AcDbLine
 10
3268.003869821415
 20
253.4183389882747
 30
0.0
 11
3294.880633211086
 21
253.4183389882747
 31
0.0
  0
LINE
  5
F03
330
EEC
100
AcDbEntity
  8
0
  6
Continuous
 62
     0
440
 16777216
370
    -2
100
AcDbLine
 10
3207.63130201273
 20
259.9683389882747
 30
0.0
 11
3294.880633211086
 21
259.9683389882747
 31
0.0
  0
LINE
  5
F04
330
EEC
100
AcDbEntity
  8
0
  6
Continuous
 62
     0
440
 16777216
370
    -2
100
AcDbLine
 10
3293.380633211086
 20
249.9183389882747
 30
0.0
 11
3293.380633211086
 21
246.4183389882748
 31
0.0
  0
LINE
  5
F05
330
EEC
100
AcDbEntity
  8
0
  6
Continuous
 62
     0
440
 16777216
370
    -2
100
AcDbLine
 10
3293.380633211086
 20
263.4683389882747
 30
0.0
 11
3293.380633211086
 21
279.3850056549414
 31
0.0
  0
INSERT
  5
F06
330
EEC
100
AcDbEntity
  8
0
  6
Continuous
 62
     0
440
 16777216
370
    -2
100
AcDbBlockReference
  2
_FILLED
 10
3293.380633211086
 20
253.4183389882747
 30
0.0
 41
3.5
 42
3.5
 43
3.5
 50
90.0
  0
INSERT
  5
F07
330
EEC
100
AcDbEntity
  8
0
  6
Continuous
 62
     0
440
 16777216
370
    -2
100
AcDbBlockReference
  2
_FILLED
 10
3293.380633211086
 20
259.9683389882747
 30
0.0
 41
3.5
 42
3.5
 43
3.5
 50
270.0
  0
MTEXT
  5
F08
330
EEC
100
AcDbEntity
  8
0
  6
Continuous
 62
     0
440
 16777216
100
AcDbMText
 10
3290.422299877751
 20
273.176672321607
 30
0.0
 40
3.5
 41
0.0
 46
0.0
 71
     5
 72
     1
  1
\A1;6,55
 11
0.0000000000000001
 21
1.0
 31
0.0
 73
     1
 44
1.0
  0
POINT
  5
F09
330
EEC
100
AcDbEntity
  8
DEFPOINTS
  6
Continuous
 62
     0
440
 16777216
100
AcDbPoint
 10
3267.003869821416
 20
253.4183389882747
 30
0.0
  0
POINT
  5
F0A
330
EEC
100
AcDbEntity
  8
DEFPOINTS
  6
Continuous
 62
     0
440
 16777216
100
AcDbPoint
 10
3206.631302012731
 20
259.9683389882747
 30
0.0
  0
POINT
  5
F0B
330
EEC
100
AcDbEntity
  8
DEFPOINTS
  6
Continuous
 62
     0
440
 16777216
100
AcDbPoint
 10
3293.380633211086
 20
259.9683389882747
 30
0.0
  0
ENDBLK
  5
EEE
330
EEC
100
AcDbEntity
  8
0
100
AcDbBlockEnd
  0
BLOCK
  5
F17
330
F16
100
AcDbEntity
  8
0
100
AcDbBlockBegin
  2
*D84
 70
     1
 10
0.0
 20
0.0
 30
0.0
  3
*D84
  1

  0
LINE
  5
F2F
330
F16
100
AcDbEntity
  8
0
  6
Continuous
 62
     0
440
 16777216
370
    -2
100
AcDbLine
 10
3341.92556887873
 20
298.4183389882746
 30
0.0
 11
3341.92556887873
 21
342.5848299097406
 31
0.0
  0
LINE
  5
F30
330
F16
100
AcDbEntity
  8
0
  6
Continuous
 62
     0
440
 16777216
370
    -2
100
AcDbLine
 10
3355.675568878729
 20
298.4183389882746
 30
0.0
 11
3355.675568878729
 21
342.5848299097406
 31
0.0
  0
LINE
  5
F31
330
F16
100
AcDbEntity
  8
0
  6
Continuous
 62
     0
440
 16777216
370
    -2
100
AcDbLine
 10
3345.425568878729
 20
341.0848299097406
 30
0.0
 11
3352.17556887873
 21
341.0848299097406
 31
0.0
  0
LINE
  5
F32
330
F16
100
AcDbEntity
  8
0
  6
Continuous
 62
     0
440
 16777216
370
    -2
100
AcDbLine
 10
3355.675568878729
 20
341.0848299097406
 30
0.0
 11
3374.258902212062
 21
341.0848299097406
 31
0.0
  0
INSERT
  5
F33
330
F16
100
AcDbEntity
  8
0
  6
Continuous
 62
     0
440
 16777216
370
    -2
100
AcDbBlockReference
  2
_FILLED
 10
3341.92556887873
 20
341.0848299097406
 30
0.0
 41
3.5
 42
3.5
 43
3.5
 50
180.0
  0
INSERT
  5
F34
330
F16
100
AcDbEntity
  8
0
  6
Continuous
 62
     0
440
 16777216
370
    -2
100
AcDbBlockReference
  2
_FILLED
 10
3355.675568878729
 20
341.0848299097406
 30
0.0
 41
3.5
 42
3.5
 43
3.5
  0
MTEXT
  5
F35
330
F16
100
AcDbEntity
  8
0
  6
Continuous
 62
     0
440
 16777216
100
AcDbMText
 10
3366.717235545395
 20
344.043163243074
 30
0.0
 40
3.5
 41
0.0
 46
0.0
 71
     5
 72
     1
  1
\A1;13,75
 73
     1
 44
1.0
  0
POINT
  5
F36
330
F16
100
AcDbEntity
  8
DEFPOINTS
  6
Continuous
 62
     0
440
 16777216
100
AcDbPoint
 10
3341.92556887873
 20
297.4183389882746
 30
0.0
  0
POINT
  5
F37
330
F16
100
AcDbEntity
  8
DEFPOINTS
  6
Continuous
 62
     0
440
 16777216
100
AcDbPoint
 10
3355.675568878729
 20
297.4183389882746
 30
0.0
  0
POINT
  5
F38
330
F16
100
AcDbEntity
  8
DEFPOINTS
  6
Continuous
 62
     0
440
 16777216
100
AcDbPoint
 10
3355.675568878729
 20
341.0848299097406
 30
0.0
  0
ENDBLK
  5
F18
330
F16
100
AcDbEntity
  8
0
100
AcDbBlockEnd
  0
BLOCK
  5
FC3
330
FC2
100
AcDbEntity
  8
0
  6
Continuous
 62
     2
100
AcDbBlockBegin
  2
*D85
 70
     1
 10
0.0
 20
0.0
 30
0.0
  3
*D85
  1

  0
MTEXT
  5
FC4
330
FC2
100
AcDbEntity
  8
0
  6
Continuous
 62
     2
440
 16777216
100
AcDbMText
 10
654.6705127184
 20
117.3402763759
 30
0.0
 40
3.5
 41
8.007999999999999
 46
0.0
 71
     2
 72
     1
  1
23,4
 73
     2
 44
0.9
  0
LINE
  5
FC5
330
FC2
100
AcDbEntity
  8
0
  6
Continuous
 62
     2
440
 16777216
100
AcDbLine
 10
643.2533408697
 20
106.7877249688
 30
0.0
 11
643.2533408697
 21
114.4652763759
 31
0.0
  0
LINE
  5
FC6
330
FC2
100
AcDbEntity
  8
0
  6
Continuous
 62
     2
440
 16777216
100
AcDbLine
 10
666.6533408697
 20
106.7877249688
 30
0.0
 11
666.6533408697
 21
114.4652763759
 31
0.0
  0
LINE
  5
FC7
330
FC2
100
AcDbEntity
  8
0
  6
Continuous
 62
     2
440
 16777216
100
AcDbLine
 10
643.2533408697
 20
112.9652763759
 30
0.0
 11
638.2533408697
 21
112.9652763759
 31
0.0
  0
LINE
  5
FC8
330
FC2
100
AcDbEntity
  8
0
  6
Continuous
 62
     2
440
 16777216
100
AcDbLine
 10
638.2533408697
 20
112.9652763759
 30
0.0
 11
654.9533408697
 21
112.9652763759
 31
0.0
  0
LINE
  5
FC9
330
FC2
100
AcDbEntity
  8
0
  6
Continuous
 62
     2
440
 16777216
100
AcDbLine
 10
666.6533408697
 20
112.9652763759
 30
0.0
 11
671.6533408697
 21
112.9652763759
 31
0.0
  0
LINE
  5
FCA
330
FC2
100
AcDbEntity
  8
0
  6
Continuous
 62
     2
440
 16777216
100
AcDbLine
 10
671.6533408697
 20
112.9652763759
 30
0.0
 11
654.9533408697
 21
112.9652763759
 31
0.0
  0
INSERT
  5
FCB
330
FC2
100
AcDbEntity
  8
0
  6
Continuous
 62
     2
440
 16777216
100
AcDbBlockReference
  2
_FILLED
 10
643.2533408697
 20
112.9652763759
 30
0.0
 41
3.5
 42
3.5
 43
3.5
  0
INSERT
  5
FCC
330
FC2
100
AcDbEntity
  8
0
  6
Continuous
 62
     2
440
 16777216
100
AcDbBlockReference
  2
_FILLED
 10
666.6533408697
 20
112.9652763759
 30
0.0
 41
3.5
 42
3.5
 43
3.5
 50
180.0
  0
ENDBLK
  5
FCD
330
FC2
100
AcDbEntity
  8
0
  6
ByBlock
 62
     0
100
AcDbBlockEnd
  0
BLOCK
  5
FCF
330
FCE
100
AcDbEntity
  8
0
  6
Continuous
 62
     2
100
AcDbBlockBegin
  2
*D86
 70
     1
 10
0.0
 20
0.0
 30
0.0
  3
*D86
  1

  0
MTEXT
  5
FD0
330
FCE
100
AcDbEntity
  8
0
  6
Continuous
 62
     2
440
 16777216
100
AcDbMText
 10
630.9394430565
 20
100.7096744795
 30
0.0
 40
3.5
 41
4.703999999999997
 46
0.0
 71
     2
 72
     1
  1
12
 11
0.0
 21
1.0
 31
0.0
 73
     2
 44
0.9
  0
LINE
  5
FD1
330
FCE
100
AcDbEntity
  8
0
  6
Continuous
 62
     2
440
 16777216
100
AcDbLine
 10
643.2533408697
 20
106.7877249688
 30
0.0
 11
633.8144430565001
 21
106.7877249688
 31
0.0
  0
LINE
  5
FD2
330
FCE
100
AcDbEntity
  8
0
  6
Continuous
 62
     2
440
 16777216
100
AcDbLine
 10
643.2533408697
 20
94.78772496879999
 30
0.0
 11
633.8144430565001
 21
94.78772496879999
 31
0.0
  0
LINE
  5
FD3
330
FCE
100
AcDbEntity
  8
0
  6
Continuous
 62
     2
440
 16777216
100
AcDbLine
 10
635.3144430565
 20
106.7877249688
 30
0.0
 11
635.3144430565
 21
100.7877249688
 31
0.0
  0
LINE
  5
FD4
330
FCE
100
AcDbEntity
  8
0
  6
Continuous
 62
     2
440
 16777216
100
AcDbLine
 10
635.3144430565
 20
94.78772496879999
 30
0.0
 11
635.3144430565
 21
100.7877249688
 31
0.0
  0
INSERT
  5
FD5
330
FCE
100
AcDbEntity
  8
0
  6
Continuous
 62
     2
440
 16777216
100
AcDbBlockReference
  2
_FILLED
 10
635.3144430565
 20
106.7877249688
 30
0.0
 41
3.5
 42
3.5
 43
3.5
 50
90.0
  0
INSERT
  5
FD6
330
FCE
100
AcDbEntity
  8
0
  6
Continuous
 62
     2
440
 16777216
100
AcDbBlockReference
  2
_FILLED
 10
635.3144430565
 20
94.78772496879999
 30
0.0
 41
3.5
 42
3.5
 43
3.5
 50
270.0
  0
ENDBLK
  5
FD7
330
FCE
100
AcDbEntity
  8
0
  6
ByBlock
 62
     0
100
AcDbBlockEnd
  0
BLOCK
  5
FD9
330
FD8
100
AcDbEntity
  8
0
  6
Continuous
 62
     2
100
AcDbBlockBegin
  2
*D87
 70
     1
 10
0.0
 20
0.0
 30
0.0
  3
*D87
  1

  0
MTEXT
  5
FDA
330
FD8
100
AcDbEntity
  8
0
  6
Continuous
 62
     2
440
 16777216
100
AcDbMText
 10
684.854309389
 20
117.2079936888
 30
0.0
 40
3.5
 41
2.351999999999998
 46
0.0
 71
     1
 72
     1
  1
1
 73
     2
 44
0.9
  0
LINE
  5
FDB
330
FD8
100
AcDbEntity
  8
0
  6
Continuous
 62
     2
440
 16777216
100
AcDbLine
 10
682.2073518289998
 20
107.7877249688
 30
0.0
 11
682.2073518289998
 21
114.3329936888
 31
0.0
  0
LINE
  5
FDC
330
FD8
100
AcDbEntity
  8
0
  6
Continuous
 62
     2
440
 16777216
100
AcDbLine
 10
683.207351829
 20
107.7877249688
 30
0.0
 11
683.207351829
 21
114.3329936888
 31
0.0
  0
LINE
  5
FDD
330
FD8
100
AcDbEntity
  8
0
  6
Continuous
 62
     2
440
 16777216
100
AcDbLine
 10
682.2073518289998
 20
112.8329936888
 30
0.0
 11
677.207351829
 21
112.8329936888
 31
0.0
  0
LINE
  5
FDE
330
FD8
100
AcDbEntity
  8
0
  6
Continuous
 62
     2
440
 16777216
100
AcDbLine
 10
677.207351829
 20
112.8329936888
 30
0.0
 11
682.7073518289997
 21
112.8329936888
 31
0.0
  0
LINE
  5
FDF
330
FD8
100
AcDbEntity
  8
0
  6
Continuous
 62
     2
440
 16777216
100
AcDbLine
 10
683.207351829
 20
112.8329936888
 30
0.0
 11
687.2063093889997
 21
112.8329936888
 31
0.0
  0
LINE
  5
FE0
330
FD8
100
AcDbEntity
  8
0
  6
Continuous
 62
     2
440
 16777216
100
AcDbLine
 10
687.2063093889997
 20
112.8329936888
 30
0.0
 11
682.7073518289997
 21
112.8329936888
 31
0.0
  0
INSERT
  5
FE1
330
FD8
100
AcDbEntity
  8
0
  6
Continuous
 62
     2
440
 16777216
100
AcDbBlockReference
  2
_FILLED
 10
682.2073518289998
 20
112.8329936888
 30
0.0
 41
3.5
 42
3.5
 43
3.5
  0
INSERT
  5
FE2
330
FD8
100
AcDbEntity
  8
0
  6
Continuous
 62
     2
440
 16777216
100
AcDbBlockReference
  2
_FILLED
 10
683.207351829
 20
112.8329936888
 30
0.0
 41
3.5
 42
3.5
 43
3.5
 50
180.0
  0
ENDBLK
  5
FE3
330
FD8
100
AcDbEntity
  8
0
  6
ByBlock
 62
     0
100
AcDbBlockEnd
  0
BLOCK
  5
100A
330
FE4
100
AcDbEntity
  8
0
100
AcDbBlockBegin
  2
A$C8b313bd9
 70
     0
 10
0.0
 20
0.0
 30
0.0
  3
A$C8b313bd9
  1

  0
DIMENSION
  5
FE5
330
FE4
100
AcDbEntity
  8
0
  6
Continuous
 62
     2
100
AcDbDimension
280
     0
  2
*D85
 10
35.71389781319999
 20
18.17755140710001
 30
0.0
 11
23.82994415049996
 21
18.17755140710001
 31
0.0
 12
-630.9394430565
 22
-94.78772496879999
 32
0.0
 70
   128
 71
     2
 72
     2
 41
0.9
 42
23.4
 73
     0
 74
     0
 75
     0
  3
DIMSTYLE_1
100
AcDbAlignedDimension
 13
12.3138978131999
 23
11.0
 33
0.0
 14
35.71389781319999
 24
11.0
 34
0.0
100
AcDbRotatedDimension
  0
DIMENSION
  5
FE6
330
FE4
100
AcDbEntity
  8
0
  6
Continuous
 62
     2
100
AcDbDimension
280
     0
  2
*D86
 10
4.375
 20
0.0
 30
0.0
 11
4.375
 21
6.017311874100016
 31
0.0
 12
-630.9394430565
 22
-94.78772496879999
 32
0.0
 70
   128
 71
     2
 72
     2
 41
0.9
 42
12.0
 73
     0
 74
     0
 75
     0
  3
DIMSTYLE_1
100
AcDbAlignedDimension
 13
13.3138978131999
 23
12.0
 33
0.0
 14
13.3138978131999
 24
0.0
 34
0.0
 50
270.0
100
AcDbRotatedDimension
  0
DIMENSION
  5
FE7
330
FE4
100
AcDbEntity
  8
0
  6
Continuous
 62
     2
100
AcDbDimension
280
     0
  2
*D87
 10
52.26790877249993
 20
18.04526871999999
 30
0.0
 11
54.91586578139993
 21
18.04526871999999
 31
0.0
 12
-630.9394430565
 22
-94.78772496879999
 32
0.0
 70
   128
 71
     5
 72
     2
 41
0.9
 42
-1.0
 73
     0
 74
     0
 75
     0
  3
DIMSTYLE_1
100
AcDbAlignedDimension
 13
51.26790877249994
 23
12.0
 33
0.0
 14
52.26790877249993
 24
12.0
 34
0.0
100
AcDbRotatedDimension
  0
LINE
  5
FE8
330
FE4
100
AcDbEntity
  8
06___PRT_ALL_SURFS
  6
Continuous
 62
     7
100
AcDbLine
 10
12.3138978131999
 20
1.0
 30
0.0
 11
12.3138978131999
 21
3.849999999999993
 31
0.0
  0
LINE
  5
FE9
330
FE4
100
AcDbEntity
  8
06___PRT_ALL_SURFS
  6
Continuous
 62
     7
100
AcDbLine
 10
12.3138978131999
 20
8.150000000000002
 30
0.0
 11
12.3138978131999
 21
11.0
 31
0.0
  0
LINE
  5
FEA
330
FE4
100
AcDbEntity
  8
06___PRT_ALL_SURFS
  6
Continuous
 62
     7
100
AcDbLine
 10
34.71389781319999
 20
0.0
 30
0.0
 11
13.3138978131999
 21
0.0
 31
0.0
  0
LINE
  5
FEB
330
FE4
100
AcDbEntity
  8
06___PRT_ALL_SURFS
  6
Continuous
 62
     7
100
AcDbLine
 10
13.3138978131999
 20
4.849999999999994
 30
0.0
 11
14.51389781319995
 21
4.849999999999994
 31
0.0
  0
LINE
  5
FEC
330
FE4
100
AcDbEntity
  8
06___PRT_ALL_SURFS
  6
Continuous
 62
     7
100
AcDbLine
 10
33.51389781319995
 20
4.849999999999994
 30
0.0
 11
34.71389781319999
 21
4.849999999999994
 31
0.0
  0
LINE
  5
FED
330
FE4
100
AcDbEntity
  8
06___PRT_ALL_SURFS
  6
Continuous
 62
     7
100
AcDbLine
 10
34.71389781319999
 20
7.150000000000002
 30
0.0
 11
33.51389781319995
 21
7.150000000000002
 31
0.0
  0
LINE
  5
FEE
330
FE4
100
AcDbEntity
  8
06___PRT_ALL_SURFS
  6
Continuous
 62
     7
100
AcDbLine
 10
14.51389781319995
 20
7.150000000000002
 30
0.0
 11
13.3138978131999
 21
7.150000000000002
 31
0.0
  0
LINE
  5
FEF
330
FE4
100
AcDbEntity
  8
06___PRT_ALL_SURFS
  6
Continuous
 62
     7
100
AcDbLine
 10
13.3138978131999
 20
12.0
 30
0.0
 11
34.71389781319999
 21
12.0
 31
0.0
  0
LINE
  5
FF0
330
FE4
100
AcDbEntity
  8
06___PRT_ALL_SURFS
  6
Continuous
 62
     7
100
AcDbLine
 10
35.71389781319999
 20
11.0
 30
0.0
 11
35.71389781319999
 21
8.150000000000002
 31
0.0
  0
LINE
  5
FF1
330
FE4
100
AcDbEntity
  8
06___PRT_ALL_SURFS
  6
Continuous
 62
     7
100
AcDbLine
 10
35.71389781319999
 20
3.849999999999993
 30
0.0
 11
35.71389781319999
 21
1.0
 31
0.0
  0
LINE
  5
FF2
330
FE4
100
AcDbEntity
  8
06___PRT_ALL_SURFS
  6
Continuous
 62
     7
100
AcDbLine
 10
51.26790877249994
 20
0.0
 30
0.0
 11
52.26790877249993
 21
0.0
 31
0.0
  0
LINE
  5
FF3
330
FE4
100
AcDbEntity
  8
06___PRT_ALL_SURFS
  6
Continuous
 62
     7
100
AcDbLine
 10
51.26790877249994
 20
0.0
 30
0.0
 11
51.26790877249994
 21
12.0
 31
0.0
  0
LINE
  5
FF4
330
FE4
100
AcDbEntity
  8
06___PRT_ALL_SURFS
  6
Continuous
 62
     7
100
AcDbLine
 10
51.26790877249994
 20
1.0
 30
0.0
 11
52.26790877249993
 21
1.0
 31
0.0
  0
LINE
  5
FF5
330
FE4
100
AcDbEntity
  8
06___PRT_ALL_SURFS
  6
Continuous
 62
     7
100
AcDbLine
 10
52.26790877249993
 20
0.0
 30
0.0
 11
52.26790877249993
 21
12.0
 31
0.0
  0
LINE
  5
FF6
330
FE4
100
AcDbEntity
  8
06___PRT_ALL_SURFS
  6
Continuous
 62
     7
100
AcDbLine
 10
51.26790877249994
 20
3.849999999999993
 30
0.0
 11
52.26790877249993
 21
3.849999999999993
 31
0.0
  0
LINE
  5
FF7
330
FE4
100
AcDbEntity
  8
06___PRT_ALL_SURFS
  6
Continuous
 62
     7
100
AcDbLine
 10
51.26790877249994
 20
4.849999999999994
 30
0.0
 11
52.26790877249993
 21
4.849999999999994
 31
0.0
  0
LINE
  5
FF8
330
FE4
100
AcDbEntity
  8
06___PRT_ALL_SURFS
  6
HIDDEN
 62
     8
100
AcDbLine
 10
52.26790877249993
 20
5.5
 30
0.0
 11
51.26790877249994
 21
5.5
 31
0.0
  0
LINE
  5
FF9
330
FE4
100
AcDbEntity
  8
06___PRT_ALL_SURFS
  6
HIDDEN
 62
     8
100
AcDbLine
 10
52.26790877249993
 20
6.5
 30
0.0
 11
51.26790877249994
 21
6.5
 31
0.0
  0
LINE
  5
FFA
330
FE4
100
AcDbEntity
  8
06___PRT_ALL_SURFS
  6
Continuous
 62
     7
100
AcDbLine
 10
51.26790877249994
 20
7.150000000000002
 30
0.0
 11
52.26790877249993
 21
7.150000000000002
 31
0.0
  0
LINE
  5
FFB
330
FE4
100
AcDbEntity
  8
06___PRT_ALL_SURFS
  6
Continuous
 62
     7
100
AcDbLine
 10
51.26790877249994
 20
8.150000000000002
 30
0.0
 11
52.26790877249993
 21
8.150000000000002
 31
0.0
  0
LINE
  5
FFC
330
FE4
100
AcDbEntity
  8
06___PRT_ALL_SURFS
  6
Continuous
 62
     7
100
AcDbLine
 10
51.26790877249994
 20
11.0
 30
0.0
 11
52.26790877249993
 21
11.0
 31
0.0
  0
LINE
  5
FFD
330
FE4
100
AcDbEntity
  8
06___PRT_ALL_SURFS
  6
Continuous
 62
     7
100
AcDbLine
 10
51.26790877249994
 20
12.0
 30
0.0
 11
52.26790877249993
 21
12.0
 31
0.0
  0
ARC
  5
FFE
330
FE4
100
AcDbEntity
  8
06___PRT_ALL_SURFS
  6
Continuous
 62
     7
100
AcDbCircle
 10
14.51389781319995
 20
6.0
 30
0.0
 40
1.149999999999999
100
AcDbArc
 50
270.0
 51
90.0
  0
ARC
  5
FFF
330
FE4
100
AcDbEntity
  8
06___PRT_ALL_SURFS
  6
Continuous
 62
     7
100
AcDbCircle
 10
33.51389781319995
 20
6.0
 30
0.0
 40
1.149999999999999
100
AcDbArc
 50
90.0
 51
270.0
  0
ARC
  5
1000
330
FE4
100
AcDbEntity
  8
06___PRT_ALL_SURFS
  6
Continuous
 62
     7
100
AcDbCircle
 10
13.3138978131999
 20
1.0
 30
0.0
 40
1.0
100
AcDbArc
 50
180.0
 51
270.0
  0
ARC
  5
1001
330
FE4
100
AcDbEntity
  8
06___PRT_ALL_SURFS
  6
Continuous
 62
     7
100
AcDbCircle
 10
13.3138978131999
 20
3.849999999999993
 30
0.0
 40
1.0
100
AcDbArc
 50
90.0
 51
180.0
  0
ARC
  5
1002
330
FE4
100
AcDbEntity
  8
06___PRT_ALL_SURFS
  6
Continuous
 62
     7
100
AcDbCircle
 10
13.3138978131999
 20
8.150000000000002
 30
0.0
 40
1.0
100
AcDbArc
 50
180.0
 51
270.0
  0
ARC
  5
1003
330
FE4
100
AcDbEntity
  8
06___PRT_ALL_SURFS
  6
Continuous
 62
     7
100
AcDbCircle
 10
13.3138978131999
 20
11.0
 30
0.0
 40
1.0
100
AcDbArc
 50
90.0
 51
180.0
  0
ARC
  5
1004
330
FE4
100
AcDbEntity
  8
06___PRT_ALL_SURFS
  6
Continuous
 62
     7
100
AcDbCircle
 10
34.71389781319999
 20
11.0
 30
0.0
 40
1.0
100
AcDbArc
 50
0.0
 51
90.0
  0
ARC
  5
1005
330
FE4
100
AcDbEntity
  8
06___PRT_ALL_SURFS
  6
Continuous
 62
     7
100
AcDbCircle
 10
34.71389781319999
 20
8.150000000000002
 30
0.0
 40
1.0
100
AcDbArc
 50
270.0
 51
0.0
  0
ARC
  5
1006
330
FE4
100
AcDbEntity
  8
06___PRT_ALL_SURFS
  6
Continuous
 62
     7
100
AcDbCircle
 10
34.71389781319999
 20
3.849999999999993
 30
0.0
 40
1.0
100
AcDbArc
 50
0.0
 51
90.0
  0
ARC
  5
1007
330
FE4
100
AcDbEntity
  8
06___PRT_ALL_SURFS
  6
Continuous
 62
     7
100
AcDbCircle
 10
34.71389781319999
 20
1.0
 30
0.0
 40
1.0
100
AcDbArc
 50
270.0
 51
0.0
  0
CIRCLE
  5
1008
330
FE4
100
AcDbEntity
  8
06___PRT_ALL_SURFS
  6
Continuous
 62
     7
100
AcDbCircle
 10
19.21389781319999
 20
6.0
 30
0.0
 40
0.5
  0
CIRCLE
  5
1009
330
FE4
100
AcDbEntity
  8
06___PRT_ALL_SURFS
  6
Continuous
 62
     7
100
AcDbCircle
 10
28.8138978131999
 20
6.0
 30
0.0
 40
0.5
  0
ENDBLK
  5
100B
330
FE4
100
AcDbEntity
  8
0
100
AcDbBlockEnd
  0
BLOCK
  5
10DD
330
10DC
100
AcDbEntity
  8
0
  6
Continuous
 62
     2
100
AcDbBlockBegin
  2
*D89
 70
     1
 10
0.0
 20
0.0
 30
0.0
  3
*D89
  1

  0
MTEXT
  5
10DE
330
10DC
100
AcDbEntity
  8
0
  6
Continuous
 62
     2
440
 16777216
100
AcDbMText
 10
654.6705127184
 20
117.3402763759
 30
0.0
 40
3.5
 41
8.007999999999999
 46
0.0
 71
     2
 72
     1
  1
23,4
 73
     2
 44
0.9
  0
LINE
  5
10DF
330
10DC
100
AcDbEntity
  8
0
  6
Continuous
 62
     2
440
 16777216
100
AcDbLine
 10
643.2533408697
 20
106.7877249688
 30
0.0
 11
643.2533408697
 21
114.4652763759
 31
0.0
  0
LINE
  5
10E0
330
10DC
100
AcDbEntity
  8
0
  6
Continuous
 62
     2
440
 16777216
100
AcDbLine
 10
666.6533408697
 20
106.7877249688
 30
0.0
 11
666.6533408697
 21
114.4652763759
 31
0.0
  0
LINE
  5
10E1
330
10DC
100
AcDbEntity
  8
0
  6
Continuous
 62
     2
440
 16777216
100
AcDbLine
 10
643.2533408697
 20
112.9652763759
 30
0.0
 11
638.2533408697
 21
112.9652763759
 31
0.0
  0
LINE
  5
10E2
330
10DC
100
AcDbEntity
  8
0
  6
Continuous
 62
     2
440
 16777216
100
AcDbLine
 10
638.2533408697
 20
112.9652763759
 30
0.0
 11
654.9533408697
 21
112.9652763759
 31
0.0
  0
LINE
  5
10E3
330
10DC
100
AcDbEntity
  8
0
  6
Continuous
 62
     2
440
 16777216
100
AcDbLine
 10
666.6533408697
 20
112.9652763759
 30
0.0
 11
671.6533408697
 21
112.9652763759
 31
0.0
  0
LINE
  5
10E4
330
10DC
100
AcDbEntity
  8
0
  6
Continuous
 62
     2
440
 16777216
100
AcDbLine
 10
671.6533408697
 20
112.9652763759
 30
0.0
 11
654.9533408697
 21
112.9652763759
 31
0.0
  0
INSERT
  5
10E5
330
10DC
100
AcDbEntity
  8
0
  6
Continuous
 62
     2
440
 16777216
100
AcDbBlockReference
  2
_FILLED
 10
643.2533408697
 20
112.9652763759
 30
0.0
 41
3.5
 42
3.5
 43
3.5
  0
INSERT
  5
10E6
330
10DC
100
AcDbEntity
  8
0
  6
Continuous
 62
     2
440
 16777216
100
AcDbBlockReference
  2
_FILLED
 10
666.6533408697
 20
112.9652763759
 30
0.0
 41
3.5
 42
3.5
 43
3.5
 50
180.0
  0
ENDBLK
  5
10E7
330
10DC
100
AcDbEntity
  8
0
  6
ByBlock
 62
     0
100
AcDbBlockEnd
  0
BLOCK
  5
10E9
330
10E8
100
AcDbEntity
  8
0
  6
Continuous
 62
     2
100
AcDbBlockBegin
  2
*D90
 70
     1
 10
0.0
 20
0.0
 30
0.0
  3
*D90
  1

  0
MTEXT
  5
10EA
330
10E8
100
AcDbEntity
  8
0
  6
Continuous
 62
     2
440
 16777216
100
AcDbMText
 10
630.9394430565
 20
100.7096744795
 30
0.0
 40
3.5
 41
4.703999999999997
 46
0.0
 71
     2
 72
     1
  1
12
 11
0.0
 21
1.0
 31
0.0
 73
     2
 44
0.9
  0
LINE
  5
10EB
330
10E8
100
AcDbEntity
  8
0
  6
Continuous
 62
     2
440
 16777216
100
AcDbLine
 10
643.2533408697
 20
106.7877249688
 30
0.0
 11
633.8144430565001
 21
106.7877249688
 31
0.0
  0
LINE
  5
10EC
330
10E8
100
AcDbEntity
  8
0
  6
Continuous
 62
     2
440
 16777216
100
AcDbLine
 10
643.2533408697
 20
94.78772496879999
 30
0.0
 11
633.8144430565001
 21
94.78772496879999
 31
0.0
  0
LINE
  5
10ED
330
10E8
100
AcDbEntity
  8
0
  6
Continuous
 62
     2
440
 16777216
100
AcDbLine
 10
635.3144430565
 20
106.7877249688
 30
0.0
 11
635.3144430565
 21
100.7877249688
 31
0.0
  0
LINE
  5
10EE
330
10E8
100
AcDbEntity
  8
0
  6
Continuous
 62
     2
440
 16777216
100
AcDbLine
 10
635.3144430565
 20
94.78772496879999
 30
0.0
 11
635.3144430565
 21
100.7877249688
 31
0.0
  0
INSERT
  5
10EF
330
10E8
100
AcDbEntity
  8
0
  6
Continuous
 62
     2
440
 16777216
100
AcDbBlockReference
  2
_FILLED
 10
635.3144430565
 20
106.7877249688
 30
0.0
 41
3.5
 42
3.5
 43
3.5
 50
90.0
  0
INSERT
  5
10F0
330
10E8
100
AcDbEntity
  8
0
  6
Continuous
 62
     2
440
 16777216
100
AcDbBlockReference
  2
_FILLED
 10
635.3144430565
 20
94.78772496879999
 30
0.0
 41
3.5
 42
3.5
 43
3.5
 50
270.0
  0
ENDBLK
  5
10F1
330
10E8
100
AcDbEntity
  8
0
  6
ByBlock
 62
     0
100
AcDbBlockEnd
  0
BLOCK
  5
10F3
330
10F2
100
AcDbEntity
  8
0
  6
Continuous
 62
     2
100
AcDbBlockBegin
  2
*D91
 70
     1
 10
0.0
 20
0.0
 30
0.0
  3
*D91
  1

  0
MTEXT
  5
10F4
330
10F2
100
AcDbEntity
  8
0
  6
Continuous
 62
     2
440
 16777216
100
AcDbMText
 10
684.854309389
 20
117.2079936888
 30
0.0
 40
3.5
 41
2.351999999999998
 46
0.0
 71
     1
 72
     1
  1
1
 73
     2
 44
0.9
  0
LINE
  5
10F5
330
10F2
100
AcDbEntity
  8
0
  6
Continuous
 62
     2
440
 16777216
100
AcDbLine
 10
682.2073518289998
 20
107.7877249688
 30
0.0
 11
682.2073518289998
 21
114.3329936888
 31
0.0
  0
LINE
  5
10F6
330
10F2
100
AcDbEntity
  8
0
  6
Continuous
 62
     2
440
 16777216
100
AcDbLine
 10
683.207351829
 20
107.7877249688
 30
0.0
 11
683.207351829
 21
114.3329936888
 31
0.0
  0
LINE
  5
10F7
330
10F2
100
AcDbEntity
  8
0
  6
Continuous
 62
     2
440
 16777216
100
AcDbLine
 10
682.2073518289998
 20
112.8329936888
 30
0.0
 11
677.207351829
 21
112.8329936888
 31
0.0
  0
LINE
  5
10F8
330
10F2
100
AcDbEntity
  8
0
  6
Continuous
 62
     2
440
 16777216
100
AcDbLine
 10
677.207351829
 20
112.8329936888
 30
0.0
 11
682.7073518289997
 21
112.8329936888
 31
0.0
  0
LINE
  5
10F9
330
10F2
100
AcDbEntity
  8
0
  6
Continuous
 62
     2
440
 16777216
100
AcDbLine
 10
683.207351829
 20
112.8329936888
 30
0.0
 11
687.2063093889997
 21
112.8329936888
 31
0.0
  0
LINE
  5
10FA
330
10F2
100
AcDbEntity
  8
0
  6
Continuous
 62
     2
440
 16777216
100
AcDbLine
 10
687.2063093889997
 20
112.8329936888
 30
0.0
 11
682.7073518289997
 21
112.8329936888
 31
0.0
  0
INSERT
  5
10FB
330
10F2
100
AcDbEntity
  8
0
  6
Continuous
 62
     2
440
 16777216
100
AcDbBlockReference
  2
_FILLED
 10
682.2073518289998
 20
112.8329936888
 30
0.0
 41
3.5
 42
3.5
 43
3.5
  0
INSERT
  5
10FC
330
10F2
100
AcDbEntity
  8
0
  6
Continuous
 62
     2
440
 16777216
100
AcDbBlockReference
  2
_FILLED
 10
683.207351829
 20
112.8329936888
 30
0.0
 41
3.5
 42
3.5
 43
3.5
 50
180.0
  0
ENDBLK
  5
10FD
330
10F2
100
AcDbEntity
  8
0
  6
ByBlock
 62
     0
100
AcDbBlockEnd
  0
BLOCK
  5
114D
330
114C
100
AcDbEntity
  8
0
100
AcDbBlockBegin
  2
*D92
 70
     1
 10
0.0
 20
0.0
 30
0.0
  3
*D92
  1

  0
LINE
  5
157E
330
114C
100
AcDbEntity
  8
0
  6
Continuous
 62
     0
440
 16777216
370
    -2
100
AcDbLine
 10
3821.068081781737
 20
644.7259236159212
 30
0.0
 11
3821.068081781737
 21
652.4034750230212
 31
0.0
  0
LINE
  5
157F
330
114C
100
AcDbEntity
  8
0
  6
Continuous
 62
     0
440
 16777216
370
    -2
100
AcDbLine
 10
3844.468081781737
 20
644.7259236159212
 30
0.0
 11
3844.468081781737
 21
652.4034750230212
 31
0.0
  0
LINE
  5
1580
330
114C
100
AcDbEntity
  8
0
  6
Continuous
 62
     0
440
 16777216
370
    -2
100
AcDbLine
 10
3824.568081781739
 20
650.9034750230211
 30
0.0
 11
3840.968081781737
 21
650.9034750230211
 31
0.0
  0
INSERT
  5
1581
330
114C
100
AcDbEntity
  8
0
  6
Continuous
 62
     0
440
 16777216
370
    -2
100
AcDbBlockReference
  2
_FILLED
 10
3821.068081781737
 20
650.9034750230211
 30
0.0
 41
3.5
 42
3.5
 43
3.5
 50
180.0
  0
INSERT
  5
1582
330
114C
100
AcDbEntity
  8
0
  6
Continuous
 62
     0
440
 16777216
370
    -2
100
AcDbBlockReference
  2
_FILLED
 10
3844.468081781737
 20
650.9034750230211
 30
0.0
 41
3.5
 42
3.5
 43
3.5
  0
MTEXT
  5
1583
330
114C
100
AcDbEntity
  8
0
  6
Continuous
 62
     0
440
 16777216
100
AcDbMText
 10
3832.584128119037
 20
656.4451416896877
 30
0.0
 40
3.5
 41
8.007999999999999
 46
0.0
 71
     2
 72
     1
  1
\A1;23,4
 73
     2
 44
0.9
  0
POINT
  5
1584
330
114C
100
AcDbEntity
  8
DEFPOINTS
  6
Continuous
 62
     0
440
 16777216
100
AcDbPoint
 10
3821.068081781737
 20
643.7259236159211
 30
0.0
  0
POINT
  5
1585
330
114C
100
AcDbEntity
  8
DEFPOINTS
  6
Continuous
 62
     0
440
 16777216
100
AcDbPoint
 10
3844.468081781737
 20
643.7259236159211
 30
0.0
  0
POINT
  5
1586
330
114C
100
AcDbEntity
  8
DEFPOINTS
  6
Continuous
 62
     0
440
 16777216
100
AcDbPoint
 10
3844.468081781737
 20
650.9034750230211
 30
0.0
  0
ENDBLK
  5
114E
330
114C
100
AcDbEntity
  8
0
100
AcDbBlockEnd
  0
BLOCK
  5
1159
330
1158
100
AcDbEntity
  8
0
100
AcDbBlockBegin
  2
*D93
 70
     1
 10
0.0
 20
0.0
 30
0.0
  3
*D93
  1

  0
LINE
  5
1587
330
1158
100
AcDbEntity
  8
0
  6
Continuous
 62
     0
440
 16777216
370
    -2
100
AcDbLine
 10
3821.068081781739
 20
644.7259236159212
 30
0.0
 11
3811.629183968538
 21
644.7259236159212
 31
0.0
  0
LINE
  5
1588
330
1158
100
AcDbEntity
  8
0
  6
Continuous
 62
     0
440
 16777216
370
    -2
100
AcDbLine
 10
3821.068081781739
 20
632.7259236159212
 30
0.0
 11
3811.629183968538
 21
632.7259236159212
 31
0.0
  0
LINE
  5
1589
330
1158
100
AcDbEntity
  8
0
  6
Continuous
 62
     0
440
 16777216
370
    -2
100
AcDbLine
 10
3813.129183968538
 20
641.2259236159212
 30
0.0
 11
3813.129183968538
 21
636.2259236159212
 31
0.0
  0
INSERT
  5
158A
330
1158
100
AcDbEntity
  8
0
  6
Continuous
 62
     0
440
 16777216
370
    -2
100
AcDbBlockReference
  2
_FILLED
 10
3813.129183968538
 20
644.7259236159212
 30
0.0
 41
3.5
 42
3.5
 43
3.5
 50
90.0
  0
INSERT
  5
158B
330
1158
100
AcDbEntity
  8
0
  6
Continuous
 62
     0
440
 16777216
370
    -2
100
AcDbBlockReference
  2
_FILLED
 10
3813.129183968538
 20
632.7259236159212
 30
0.0
 41
3.5
 42
3.5
 43
3.5
 50
270.0
  0
MTEXT
  5
158C
330
1158
100
AcDbEntity
  8
0
  6
Continuous
 62
     0
440
 16777216
100
AcDbMText
 10
3807.58751730187
 20
638.743235490021
 30
0.0
 40
3.5
 41
4.703999999999997
 46
0.0
 71
     2
 72
     1
  1
\A1;12
 11
0.0000000000000001
 21
1.0
 31
0.0
 73
     2
 44
0.9
  0
POINT
  5
158D
330
1158
100
AcDbEntity
  8
DEFPOINTS
  6
Continuous
 62
     0
440
 16777216
100
AcDbPoint
 10
3822.068081781738
 20
644.7259236159212
 30
0.0
  0
POINT
  5
158E
330
1158
100
AcDbEntity
  8
DEFPOINTS
  6
Continuous
 62
     0
440
 16777216
100
AcDbPoint
 10
3822.068081781738
 20
632.7259236159212
 30
0.0
  0
POINT
  5
158F
330
1158
100
AcDbEntity
  8
DEFPOINTS
  6
Continuous
 62
     0
440
 16777216
100
AcDbPoint
 10
3813.129183968538
 20
632.7259236159212
 30
0.0
  0
ENDBLK
  5
115A
330
1158
100
AcDbEntity
  8
0
100
AcDbBlockEnd
  0
BLOCK
  5
1165
330
1164
100
AcDbEntity
  8
0
100
AcDbBlockBegin
  2
*D94
 70
     1
 10
0.0
 20
0.0
 30
0.0
  3
*D94
  1

  0
LINE
  5
1590
330
1164
100
AcDbEntity
  8
0
  6
Continuous
 62
     0
440
 16777216
370
    -2
100
AcDbLine
 10
3860.022092741037
 20
645.7259236159211
 30
0.0
 11
3860.022092741037
 21
652.2711923359211
 31
0.0
  0
LINE
  5
1591
330
1164
100
AcDbEntity
  8
0
  6
Continuous
 62
     0
440
 16777216
370
    -2
100
AcDbLine
 10
3861.022092741037
 20
645.7259236159211
 30
0.0
 11
3861.022092741037
 21
652.2711923359211
 31
0.0
  0
LINE
  5
1592
330
1164
100
AcDbEntity
  8
0
  6
Continuous
 62
     0
440
 16777216
370
    -2
100
AcDbLine
 10
3856.522092741037
 20
650.771192335921
 30
0.0
 11
3853.022092741037
 21
650.771192335921
 31
0.0
  0
LINE
  5
1593
330
1164
100
AcDbEntity
  8
0
  6
Continuous
 62
     0
440
 16777216
370
    -2
100
AcDbLine
 10
3864.522092741037
 20
650.771192335921
 30
0.0
 11
3870.605426074371
 21
650.771192335921
 31
0.0
  0
INSERT
  5
1594
330
1164
100
AcDbEntity
  8
0
  6
Continuous
 62
     0
440
 16777216
370
    -2
100
AcDbBlockReference
  2
_FILLED
 10
3860.022092741037
 20
650.771192335921
 30
0.0
 41
3.5
 42
3.5
 43
3.5
  0
INSERT
  5
1595
330
1164
100
AcDbEntity
  8
0
  6
Continuous
 62
     0
440
 16777216
370
    -2
100
AcDbBlockReference
  2
_FILLED
 10
3861.022092741037
 20
650.771192335921
 30
0.0
 41
3.5
 42
3.5
 43
3.5
 50
180.0
  0
MTEXT
  5
1596
330
1164
100
AcDbEntity
  8
0
  6
Continuous
 62
     0
440
 16777216
100
AcDbMText
 10
3868.137759407704
 20
656.3128590025877
 30
0.0
 40
3.5
 41
2.351999999999998
 46
0.0
 71
     1
 72
     1
  1
\A1;1
 73
     2
 44
0.9
  0
POINT
  5
1597
330
1164
100
AcDbEntity
  8
DEFPOINTS
  6
Continuous
 62
     0
440
 16777216
100
AcDbPoint
 10
3860.022092741037
 20
644.7259236159212
 30
0.0
  0
POINT
  5
1598
330
1164
100
AcDbEntity
  8
DEFPOINTS
  6
Continuous
 62
     0
440
 16777216
100
AcDbPoint
 10
3861.022092741037
 20
644.7259236159212
 30
0.0
  0
POINT
  5
1599
330
1164
100
AcDbEntity
  8
DEFPOINTS
  6
Continuous
 62
     0
440
 16777216
100
AcDbPoint
 10
3861.022092741037
 20
650.771192335921
 30
0.0
  0
ENDBLK
  5
1166
330
1164
100
AcDbEntity
  8
0
100
AcDbBlockEnd
  0
BLOCK
  5
1499
330
1498
100
AcDbEntity
  8
0
100
AcDbBlockBegin
  2
*D95
 70
     1
 10
0.0
 20
0.0
 30
0.0
  3
*D95
  1

  0
LINE
  5
159A
330
1498
100
AcDbEntity
  8
0
  6
Continuous
 62
     0
440
 16777216
370
    -2
100
AcDbLine
 10
3949.131632352018
 20
641.3580907992666
 30
0.0
 11
3949.131632352018
 21
657.3444409615381
 31
0.0
  0
LINE
  5
159B
330
1498
100
AcDbEntity
  8
0
  6
Continuous
 62
     0
440
 16777216
370
    -2
100
AcDbLine
 10
3978.831632352019
 20
641.3580907992666
 30
0.0
 11
3978.831632352019
 21
657.3444409615381
 31
0.0
  0
LINE
  5
159C
330
1498
100
AcDbEntity
  8
0
  6
Continuous
 62
     0
440
 16777216
370
    -2
100
AcDbLine
 10
3952.631632352018
 20
655.8444409615381
 30
0.0
 11
3975.331632352019
 21
655.8444409615381
 31
0.0
  0
INSERT
  5
159D
330
1498
100
AcDbEntity
  8
0
  6
Continuous
 62
     0
440
 16777216
370
    -2
100
AcDbBlockReference
  2
_FILLED
 10
3949.131632352018
 20
655.8444409615381
 30
0.0
 41
3.5
 42
3.5
 43
3.5
 50
180.0
  0
INSERT
  5
159E
330
1498
100
AcDbEntity
  8
0
  6
Continuous
 62
     0
440
 16777216
370
    -2
100
AcDbBlockReference
  2
_FILLED
 10
3978.831632352019
 20
655.8444409615381
 30
0.0
 41
3.5
 42
3.5
 43
3.5
  0
MTEXT
  5
159F
330
1498
100
AcDbEntity
  8
0
  6
Continuous
 62
     0
440
 16777216
100
AcDbMText
 10
3963.981632352018
 20
658.8027742948715
 30
0.0
 40
3.5
 41
0.0
 46
0.0
 71
     5
 72
     1
  1
\A1;29,7
 73
     1
 44
1.0
  0
POINT
  5
15A0
330
1498
100
AcDbEntity
  8
DEFPOINTS
  6
Continuous
 62
     0
440
 16777216
100
AcDbPoint
 10
3949.131632352018
 20
640.3580907992666
 30
0.0
  0
POINT
  5
15A1
330
1498
100
AcDbEntity
  8
DEFPOINTS
  6
Continuous
 62
     0
440
 16777216
100
AcDbPoint
 10
3978.831632352019
 20
640.3580907992666
 30
0.0
  0
POINT
  5
15A2
330
1498
100
AcDbEntity
  8
DEFPOINTS
  6
Continuous
 62
     0
440
 16777216
100
AcDbPoint
 10
3978.831632352019
 20
655.8444409615381
 30
0.0
  0
ENDBLK
  5
149A
330
1498
100
AcDbEntity
  8
0
100
AcDbBlockEnd
  0
BLOCK
  5
14B3
330
14B2
100
AcDbEntity
  8
0
100
AcDbBlockBegin
  2
*D96
 70
     1
 10
0.0
 20
0.0
 30
0.0
  3
*D96
  1

  0
LINE
  5
15B7
330
14B2
100
AcDbEntity
  8
0
  6
Continuous
 62
     0
440
 16777216
370
    -2
100
AcDbLine
 10
3954.731632352021
 20
644.4080907992669
 30
0.0
 11
3929.906017892064
 21
644.4080907992669
 31
0.0
  0
LINE
  5
15B8
330
14B2
100
AcDbEntity
  8
0
  6
Continuous
 62
     0
440
 16777216
370
    -2
100
AcDbLine
 10
3954.731632352021
 20
636.3080907992667
 30
0.0
 11
3929.906017892064
 21
636.3080907992667
 31
0.0
  0
LINE
  5
15B9
330
14B2
100
AcDbEntity
  8
0
  6
Continuous
 62
     0
440
 16777216
370
    -2
100
AcDbLine
 10
3931.406017892064
 20
647.9080907992669
 30
0.0
 11
3931.406017892064
 21
651.4080907992669
 31
0.0
  0
LINE
  5
15BA
330
14B2
100
AcDbEntity
  8
0
  6
Continuous
 62
     0
440
 16777216
370
    -2
100
AcDbLine
 10
3931.406017892064
 20
632.8080907992667
 30
0.0
 11
3931.406017892064
 21
629.3080907992667
 31
0.0
  0
INSERT
  5
15BB
330
14B2
100
AcDbEntity
  8
0
  6
Continuous
 62
     0
440
 16777216
370
    -2
100
AcDbBlockReference
  2
_FILLED
 10
3931.406017892064
 20
644.4080907992669
 30
0.0
 41
3.5
 42
3.5
 43
3.5
 50
270.0
  0
INSERT
  5
15BC
330
14B2
100
AcDbEntity
  8
0
  6
Continuous
 62
     0
440
 16777216
370
    -2
100
AcDbBlockReference
  2
_FILLED
 10
3931.406017892064
 20
636.3080907992667
 30
0.0
 41
3.5
 42
3.5
 43
3.5
 50
90.0
  0
MTEXT
  5
15BD
330
14B2
100
AcDbEntity
  8
0
  6
Continuous
 62
     0
440
 16777216
100
AcDbMText
 10
3928.447684558729
 20
640.3580907992656
 30
0.0
 40
3.5
 41
0.0
 46
0.0
 71
     5
 72
     1
  1
\A1;8,1
 11
0.0000000000000001
 21
1.0
 31
0.0
 73
     1
 44
1.0
  0
POINT
  5
15BE
330
14B2
100
AcDbEntity
  8
DEFPOINTS
  6
Continuous
 62
     0
440
 16777216
100
AcDbPoint
 10
3955.731632352021
 20
644.4080907992669
 30
0.0
  0
POINT
  5
15BF
330
14B2
100
AcDbEntity
  8
DEFPOINTS
  6
Continuous
 62
     0
440
 16777216
100
AcDbPoint
 10
3955.731632352021
 20
636.3080907992667
 30
0.0
  0
POINT
  5
15C0
330
14B2
100
AcDbEntity
  8
DEFPOINTS
  6
Continuous
 62
     0
440
 16777216
100
AcDbPoint
 10
3931.406017892064
 20
636.3080907992667
 30
0.0
  0
ENDBLK
  5
14B4
330
14B2
100
AcDbEntity
  8
0
100
AcDbBlockEnd
  0
BLOCK
  5
14E0
330
14DF
100
AcDbEntity
  8
0
100
AcDbBlockBegin
  2
*D97
 70
     1
 10
0.0
 20
0.0
 30
0.0
  3
*D97
  1

  0
LINE
  5
15AD
330
14DF
100
AcDbEntity
  8
0
  6
Continuous
 62
     0
440
 16777216
370
    -2
100
AcDbLine
 10
3997.730993164918
 20
645.4080907992667
 30
0.0
 11
3997.730993164918
 21
657.3017374379682
 31
0.0
  0
LINE
  5
15AE
330
14DF
100
AcDbEntity
  8
0
  6
Continuous
 62
     0
440
 16777216
370
    -2
100
AcDbLine
 10
3999.230993164918
 20
645.4080907992667
 30
0.0
 11
3999.230993164918
 21
657.3017374379682
 31
0.0
  0
LINE
  5
15AF
330
14DF
100
AcDbEntity
  8
0
  6
Continuous
 62
     0
440
 16777216
370
    -2
100
AcDbLine
 10
3994.230993164919
 20
655.8017374379682
 30
0.0
 11
3990.730993164919
 21
655.8017374379682
 31
0.0
  0
LINE
  5
15B0
330
14DF
100
AcDbEntity
  8
0
  6
Continuous
 62
     0
440
 16777216
370
    -2
100
AcDbLine
 10
4002.730993164918
 20
655.8017374379682
 30
0.0
 11
4014.647659831585
 21
655.8017374379682
 31
0.0
  0
INSERT
  5
15B1
330
14DF
100
AcDbEntity
  8
0
  6
Continuous
 62
     0
440
 16777216
370
    -2
100
AcDbBlockReference
  2
_FILLED
 10
3997.730993164918
 20
655.8017374379682
 30
0.0
 41
3.5
 42
3.5
 43
3.5
  0
INSERT
  5
15B2
330
14DF
100
AcDbEntity
  8
0
  6
Continuous
 62
     0
440
 16777216
370
    -2
100
AcDbBlockReference
  2
_FILLED
 10
3999.230993164918
 20
655.8017374379682
 30
0.0
 41
3.5
 42
3.5
 43
3.5
 50
180.0
  0
MTEXT
  5
15B3
330
14DF
100
AcDbEntity
  8
0
  6
Continuous
 62
     0
440
 16777216
100
AcDbMText
 10
4010.439326498252
 20
658.7600707713017
 30
0.0
 40
3.5
 41
0.0
 46
0.0
 71
     5
 72
     1
  1
\A1;1,5
 73
     1
 44
1.0
  0
POINT
  5
15B4
330
14DF
100
AcDbEntity
  8
DEFPOINTS
  6
Continuous
 62
     0
440
 16777216
100
AcDbPoint
 10
3997.730993164918
 20
644.4080907992667
 30
0.0
  0
POINT
  5
15B5
330
14DF
100
AcDbEntity
  8
DEFPOINTS
  6
Continuous
 62
     0
440
 16777216
100
AcDbPoint
 10
3999.230993164918
 20
644.4080907992667
 30
0.0
  0
POINT
  5
15B6
330
14DF
100
AcDbEntity
  8
DEFPOINTS
  6
Continuous
 62
     0
440
 16777216
100
AcDbPoint
 10
3999.230993164918
 20
655.8017374379682
 30
0.0
  0
ENDBLK
  5
14E1
330
14DF
100
AcDbEntity
  8
0
100
AcDbBlockEnd
  0
BLOCK
  5
1508
330
1507
100
AcDbEntity
  8
0
100
AcDbBlockBegin
  2
*D98
 70
     1
 10
0.0
 20
0.0
 30
0.0
  3
*D98
  1

  0
LINE
  5
155D
330
1507
100
AcDbEntity
  8
0
  6
Continuous
 62
     0
440
 16777216
370
    -2
100
AcDbLine
 10
4071.985990145702
 20
651.5723220753599
 30
0.0
 11
4071.985990145702
 21
665.3411112722793
 31
0.0
  0
LINE
  5
155E
330
1507
100
AcDbEntity
  8
0
  6
Continuous
 62
     0
440
 16777216
370
    -2
100
AcDbLine
 10
4101.985990145702
 20
651.5723220753599
 30
0.0
 11
4101.985990145702
 21
665.3411112722793
 31
0.0
  0
LINE
  5
155F
330
1507
100
AcDbEntity
  8
0
  6
Continuous
 62
     0
440
 16777216
370
    -2
100
AcDbLine
 10
4075.485990145702
 20
663.8411112722792
 30
0.0
 11
4098.485990145702
 21
663.8411112722792
 31
0.0
  0
INSERT
  5
1560
330
1507
100
AcDbEntity
  8
0
  6
Continuous
 62
     0
440
 16777216
370
    -2
100
AcDbBlockReference
  2
_FILLED
 10
4071.985990145702
 20
663.8411112722792
 30
0.0
 41
3.5
 42
3.5
 43
3.5
 50
180.0
  0
INSERT
  5
1561
330
1507
100
AcDbEntity
  8
0
  6
Continuous
 62
     0
440
 16777216
370
    -2
100
AcDbBlockReference
  2
_FILLED
 10
4101.985990145702
 20
663.8411112722792
 30
0.0
 41
3.5
 42
3.5
 43
3.5
  0
MTEXT
  5
1562
330
1507
100
AcDbEntity
  8
0
  6
Continuous
 62
     0
440
 16777216
100
AcDbMText
 10
4086.985990145701
 20
666.4661112722792
 30
0.0
 40
3.5
 41
0.0
 46
0.0
 71
     5
 72
     1
  1
\A1;30
 73
     1
 44
1.0
  0
POINT
  5
1563
330
1507
100
AcDbEntity
  8
DEFPOINTS
  6
Continuous
 62
     0
440
 16777216
100
AcDbPoint
 10
4071.985990145702
 20
650.5723220753599
 30
0.0
  0
POINT
  5
1564
330
1507
100
AcDbEntity
  8
DEFPOINTS
  6
Continuous
 62
     0
440
 16777216
100
AcDbPoint
 10
4101.985990145702
 20
650.5723220753599
 30
0.0
  0
POINT
  5
1565
330
1507
100
AcDbEntity
  8
DEFPOINTS
  6
Continuous
 62
     0
440
 16777216
100
AcDbPoint
 10
4101.985990145702
 20
663.8411112722792
 30
0.0
  0
ENDBLK
  5
1509
330
1507
100
AcDbEntity
  8
0
100
AcDbBlockEnd
  0
BLOCK
  5
1522
330
1521
100
AcDbEntity
  8
0
100
AcDbBlockBegin
  2
*D99
 70
     1
 10
0.0
 20
0.0
 30
0.0
  3
*D99
  1

  0
LINE
  5
1554
330
1521
100
AcDbEntity
  8
0
  6
Continuous
 62
     0
440
 16777216
370
    -2
100
AcDbLine
 10
4071.985990145704
 20
651.5723220753601
 30
0.0
 11
4055.948731531471
 21
651.5723220753601
 31
0.0
  0
LINE
  5
1555
330
1521
100
AcDbEntity
  8
0
  6
Continuous
 62
     0
440
 16777216
370
    -2
100
AcDbLine
 10
4071.985990145704
 20
633.9723220753601
 30
0.0
 11
4055.948731531471
 21
633.9723220753601
 31
0.0
  0
LINE
  5
1556
330
1521
100
AcDbEntity
  8
0
  6
Continuous
 62
     0
440
 16777216
370
    -2
100
AcDbLine
 10
4057.448731531471
 20
648.0723220753601
 30
0.0
 11
4057.448731531471
 21
637.4723220753601
 31
0.0
  0
INSERT
  5
1557
330
1521
100
AcDbEntity
  8
0
  6
Continuous
 62
     0
440
 16777216
370
    -2
100
AcDbBlockReference
  2
_FILLED
 10
4057.448731531471
 20
651.5723220753601
 30
0.0
 41
3.5
 42
3.5
 43
3.5
 50
90.0
  0
INSERT
  5
1558
330
1521
100
AcDbEntity
  8
0
  6
Continuous
 62
     0
440
 16777216
370
    -2
100
AcDbBlockReference
  2
_FILLED
 10
4057.448731531471
 20
633.9723220753601
 30
0.0
 41
3.5
 42
3.5
 43
3.5
 50
270.0
  0
MTEXT
  5
1559
330
1521
100
AcDbEntity
  8
0
  6
Continuous
 62
     0
440
 16777216
100
AcDbMText
 10
4054.490398198137
 20
642.7723220753589
 30
0.0
 40
3.5
 41
0.0
 46
0.0
 71
     5
 72
     1
  1
\A1;17,6
 11
0.0000000000000001
 21
1.0
 31
0.0
 73
     1
 44
1.0
  0
POINT
  5
155A
330
1521
100
AcDbEntity
  8
DEFPOINTS
  6
Continuous
 62
     0
440
 16777216
100
AcDbPoint
 10
4072.985990145704
 20
651.5723220753601
 30
0.0
  0
POINT
  5
155B
330
1521
100
AcDbEntity
  8
DEFPOINTS
  6
Continuous
 62
     0
440
 16777216
100
AcDbPoint
 10
4072.985990145704
 20
633.9723220753601
 30
0.0
  0
POINT
  5
155C
330
1521
100
AcDbEntity
  8
DEFPOINTS
  6
Continuous
 62
     0
440
 16777216
100
AcDbPoint
 10
4057.448731531471
 20
633.9723220753601
 30
0.0
  0
ENDBLK
  5
1523
330
1521
100
AcDbEntity
  8
0
100
AcDbBlockEnd
  0
BLOCK
  5
153C
330
153B
100
AcDbEntity
  8
0
100
AcDbBlockBegin
  2
*D100
 70
     1
 10
0.0
 20
0.0
 30
0.0
  3
*D100
  1

  0
LINE
  5
1574
330
153B
100
AcDbEntity
  8
0
  6
Continuous
 62
     0
440
 16777216
370
    -2
100
AcDbLine
 10
4125.863968098101
 20
652.5723220753599
 30
0.0
 11
4125.863968098101
 21
657.2055930901201
 31
0.0
  0
LINE
  5
1575
330
153B
100
AcDbEntity
  8
0
  6
Continuous
 62
     0
440
 16777216
370
    -2
100
AcDbLine
 10
4127.363968098101
 20
652.5723220753599
 30
0.0
 11
4127.363968098101
 21
657.2055930901201
 31
0.0
  0
LINE
  5
1576
330
153B
100
AcDbEntity
  8
0
  6
Continuous
 62
     0
440
 16777216
370
    -2
100
AcDbLine
 10
4122.363968098102
 20
655.7055930901201
 30
0.0
 11
4118.863968098103
 21
655.7055930901201
 31
0.0
  0
LINE
  5
1577
330
153B
100
AcDbEntity
  8
0
  6
Continuous
 62
     0
440
 16777216
370
    -2
100
AcDbLine
 10
4130.863968098101
 20
655.7055930901201
 30
0.0
 11
4142.780634764769
 21
655.7055930901201
 31
0.0
  0
INSERT
  5
1578
330
153B
100
AcDbEntity
  8
0
  6
Continuous
 62
     0
440
 16777216
370
    -2
100
AcDbBlockReference
  2
_FILLED
 10
4125.863968098101
 20
655.7055930901201
 30
0.0
 41
3.5
 42
3.5
 43
3.5
  0
INSERT
  5
1579
330
153B
100
AcDbEntity
  8
0
  6
Continuous
 62
     0
440
 16777216
370
    -2
100
AcDbBlockReference
  2
_FILLED
 10
4127.363968098101
 20
655.7055930901201
 30
0.0
 41
3.5
 42
3.5
 43
3.5
 50
180.0
  0
MTEXT
  5
157A
330
153B
100
AcDbEntity
  8
0
  6
Continuous
 62
     0
440
 16777216
100
AcDbMText
 10
4138.572301431435
 20
658.6639264234535
 30
0.0
 40
3.5
 41
0.0
 46
0.0
 71
     5
 72
     1
  1
\A1;1,5
 73
     1
 44
1.0
  0
POINT
  5
157B
330
153B
100
AcDbEntity
  8
DEFPOINTS
  6
Continuous
 62
     0
440
 16777216
100
AcDbPoint
 10
4125.863968098101
 20
651.5723220753599
 30
0.0
  0
POINT
  5
157C
330
153B
100
AcDbEntity
  8
DEFPOINTS
  6
Continuous
 62
     0
440
 16777216
100
AcDbPoint
 10
4127.363968098101
 20
651.5723220753599
 30
0.0
  0
POINT
  5
157D
330
153B
100
AcDbEntity
  8
DEFPOINTS
  6
Continuous
 62
     0
440
 16777216
100
AcDbPoint
 10
4127.363968098101
 20
655.7055930901201
 30
0.0
  0
ENDBLK
  5
153D
330
153B
100
AcDbEntity
  8
0
100
AcDbBlockEnd
  0
BLOCK
  5
1909
330
1908
100
AcDbEntity
  8
0
100
AcDbBlockBegin
  2
*D101
 70
     1
 10
0.0
 20
0.0
 30
0.0
  3
*D101
  1

  0
LINE
  5
192F
330
1908
100
AcDbEntity
  8
0
  6
Continuous
 62
     0
440
 16777216
370
    -2
100
AcDbLine
 10
3821.068081781737
 20
504.6474973163306
 30
0.0
 11
3821.068081781737
 21
512.3250487234306
 31
0.0
  0
LINE
  5
1930
330
1908
100
AcDbEntity
  8
0
  6
Continuous
 62
     0
440
 16777216
370
    -2
100
AcDbLine
 10
3844.468081781737
 20
504.6474973163306
 30
0.0
 11
3844.468081781737
 21
512.3250487234306
 31
0.0
  0
LINE
  5
1931
330
1908
100
AcDbEntity
  8
0
  6
Continuous
 62
     0
440
 16777216
370
    -2
100
AcDbLine
 10
3824.568081781739
 20
510.8250487234307
 30
0.0
 11
3840.968081781737
 21
510.8250487234307
 31
0.0
  0
INSERT
  5
1932
330
1908
100
AcDbEntity
  8
0
  6
Continuous
 62
     0
440
 16777216
370
    -2
100
AcDbBlockReference
  2
_FILLED
 10
3821.068081781737
 20
510.8250487234307
 30
0.0
 41
3.5
 42
3.5
 43
3.5
 50
180.0
  0
INSERT
  5
1933
330
1908
100
AcDbEntity
  8
0
  6
Continuous
 62
     0
440
 16777216
370
    -2
100
AcDbBlockReference
  2
_FILLED
 10
3844.468081781737
 20
510.8250487234307
 30
0.0
 41
3.5
 42
3.5
 43
3.5
  0
MTEXT
  5
1934
330
1908
100
AcDbEntity
  8
0
  6
Continuous
 62
     0
440
 16777216
100
AcDbMText
 10
3832.584128119037
 20
516.3667153900973
 30
0.0
 40
3.5
 41
8.007999999999999
 46
0.0
 71
     2
 72
     1
  1
\A1;23,4
 73
     2
 44
0.9
  0
POINT
  5
1935
330
1908
100
AcDbEntity
  8
DEFPOINTS
  6
Continuous
 62
     0
440
 16777216
100
AcDbPoint
 10
3821.068081781737
 20
503.6474973163306
 30
0.0
  0
POINT
  5
1936
330
1908
100
AcDbEntity
  8
DEFPOINTS
  6
Continuous
 62
     0
440
 16777216
100
AcDbPoint
 10
3844.468081781737
 20
503.6474973163306
 30
0.0
  0
POINT
  5
1937
330
1908
100
AcDbEntity
  8
DEFPOINTS
  6
Continuous
 62
     0
440
 16777216
100
AcDbPoint
 10
3844.468081781737
 20
510.8250487234307
 30
0.0
  0
ENDBLK
  5
190A
330
1908
100
AcDbEntity
  8
0
100
AcDbBlockEnd
  0
BLOCK
  5
1915
330
1914
100
AcDbEntity
  8
0
100
AcDbBlockBegin
  2
*D102
 70
     1
 10
0.0
 20
0.0
 30
0.0
  3
*D102
  1

  0
LINE
  5
1938
330
1914
100
AcDbEntity
  8
0
  6
Continuous
 62
     0
440
 16777216
370
    -2
100
AcDbLine
 10
3821.068081781739
 20
504.6474973163308
 30
0.0
 11
3811.629183968538
 21
504.6474973163308
 31
0.0
  0
LINE
  5
1939
330
1914
100
AcDbEntity
  8
0
  6
Continuous
 62
     0
440
 16777216
370
    -2
100
AcDbLine
 10
3821.068081781739
 20
492.6474973163307
 30
0.0
 11
3811.629183968538
 21
492.6474973163307
 31
0.0
  0
LINE
  5
193A
330
1914
100
AcDbEntity
  8
0
  6
Continuous
 62
     0
440
 16777216
370
    -2
100
AcDbLine
 10
3813.129183968538
 20
501.1474973163308
 30
0.0
 11
3813.129183968538
 21
496.1474973163308
 31
0.0
  0
INSERT
  5
193B
330
1914
100
AcDbEntity
  8
0
  6
Continuous
 62
     0
440
 16777216
370
    -2
100
AcDbBlockReference
  2
_FILLED
 10
3813.129183968538
 20
504.6474973163308
 30
0.0
 41
3.5
 42
3.5
 43
3.5
 50
90.0
  0
INSERT
  5
193C
330
1914
100
AcDbEntity
  8
0
  6
Continuous
 62
     0
440
 16777216
370
    -2
100
AcDbBlockReference
  2
_FILLED
 10
3813.129183968538
 20
492.6474973163307
 30
0.0
 41
3.5
 42
3.5
 43
3.5
 50
270.0
  0
MTEXT
  5
193D
330
1914
100
AcDbEntity
  8
0
  6
Continuous
 62
     0
440
 16777216
100
AcDbMText
 10
3807.58751730187
 20
498.6648091904305
 30
0.0
 40
3.5
 41
4.703999999999997
 46
0.0
 71
     2
 72
     1
  1
\A1;12
 11
0.0000000000000001
 21
1.0
 31
0.0
 73
     2
 44
0.9
  0
POINT
  5
193E
330
1914
100
AcDbEntity
  8
DEFPOINTS
  6
Continuous
 62
     0
440
 16777216
100
AcDbPoint
 10
3822.068081781739
 20
504.6474973163308
 30
0.0
  0
POINT
  5
193F
330
1914
100
AcDbEntity
  8
DEFPOINTS
  6
Continuous
 62
     0
440
 16777216
100
AcDbPoint
 10
3822.068081781739
 20
492.6474973163307
 30
0.0
  0
POINT
  5
1940
330
1914
100
AcDbEntity
  8
DEFPOINTS
  6
Continuous
 62
     0
440
 16777216
100
AcDbPoint
 10
3813.129183968538
 20
492.6474973163307
 30
0.0
  0
ENDBLK
  5
1916
330
1914
100
AcDbEntity
  8
0
100
AcDbBlockEnd
  0
BLOCK
  5
1921
330
1920
100
AcDbEntity
  8
0
100
AcDbBlockBegin
  2
*D103
 70
     1
 10
0.0
 20
0.0
 30
0.0
  3
*D103
  1

  0
LINE
  5
1941
330
1920
100
AcDbEntity
  8
0
  6
Continuous
 62
     0
440
 16777216
370
    -2
100
AcDbLine
 10
3860.022092741037
 20
505.6474973163306
 30
0.0
 11
3860.022092741037
 21
512.1927660363304
 31
0.0
  0
LINE
  5
1942
330
1920
100
AcDbEntity
  8
0
  6
Continuous
 62
     0
440
 16777216
370
    -2
100
AcDbLine
 10
3861.022092741037
 20
505.6474973163306
 30
0.0
 11
3861.022092741037
 21
512.1927660363304
 31
0.0
  0
LINE
  5
1943
330
1920
100
AcDbEntity
  8
0
  6
Continuous
 62
     0
440
 16777216
370
    -2
100
AcDbLine
 10
3856.522092741037
 20
510.6927660363305
 30
0.0
 11
3853.022092741037
 21
510.6927660363305
 31
0.0
  0
LINE
  5
1944
330
1920
100
AcDbEntity
  8
0
  6
Continuous
 62
     0
440
 16777216
370
    -2
100
AcDbLine
 10
3864.522092741037
 20
510.6927660363305
 30
0.0
 11
3870.605426074371
 21
510.6927660363305
 31
0.0
  0
INSERT
  5
1945
330
1920
100
AcDbEntity
  8
0
  6
Continuous
 62
     0
440
 16777216
370
    -2
100
AcDbBlockReference
  2
_FILLED
 10
3860.022092741037
 20
510.6927660363305
 30
0.0
 41
3.5
 42
3.5
 43
3.5
  0
INSERT
  5
1946
330
1920
100
AcDbEntity
  8
0
  6
Continuous
 62
     0
440
 16777216
370
    -2
100
AcDbBlockReference
  2
_FILLED
 10
3861.022092741037
 20
510.6927660363305
 30
0.0
 41
3.5
 42
3.5
 43
3.5
 50
180.0
  0
MTEXT
  5
1947
330
1920
100
AcDbEntity
  8
0
  6
Continuous
 62
     0
440
 16777216
100
AcDbMText
 10
3869.313759407704
 20
513.9010993696638
 30
0.0
 40
3.5
 41
2.351999999999998
 46
0.0
 71
     5
 72
     1
  1
\A1;1
 73
     2
 44
0.9
  0
POINT
  5
1948
330
1920
100
AcDbEntity
  8
DEFPOINTS
  6
Continuous
 62
     0
440
 16777216
100
AcDbPoint
 10
3860.022092741037
 20
504.6474973163308
 30
0.0
  0
POINT
  5
1949
330
1920
100
AcDbEntity
  8
DEFPOINTS
  6
Continuous
 62
     0
440
 16777216
100
AcDbPoint
 10
3861.022092741037
 20
504.6474973163308
 30
0.0
  0
POINT
  5
194A
330
1920
100
AcDbEntity
  8
DEFPOINTS
  6
Continuous
 62
     0
440
 16777216
100
AcDbPoint
 10
3861.022092741037
 20
510.6927660363305
 30
0.0
  0
ENDBLK
  5
1922
330
1920
100
AcDbEntity
  8
0
100
AcDbBlockEnd
  0
BLOCK
  5
194C
330
194B
100
AcDbEntity
  8
0
100
AcDbBlockBegin
  2
*D104
 70
     1
 10
0.0
 20
0.0
 30
0.0
  3
*D104
  1

  0
LINE
  5
194E
330
194B
100
AcDbEntity
  8
0
  6
Continuous
 62
     0
440
 16777216
370
    -2
100
AcDbLine
 10
3954.731632352019
 20
504.3296644996764
 30
0.0
 11
3929.906017892066
 21
504.3296644996764
 31
0.0
  0
LINE
  5
194F
330
194B
100
AcDbEntity
  8
0
  6
Continuous
 62
     0
440
 16777216
370
    -2
100
AcDbLine
 10
3954.731632352019
 20
496.2296644996762
 30
0.0
 11
3929.906017892066
 21
496.2296644996762
 31
0.0
  0
LINE
  5
1950
330
194B
100
AcDbEntity
  8
0
  6
Continuous
 62
     0
440
 16777216
370
    -2
100
AcDbLine
 10
3931.406017892066
 20
507.8296644996763
 30
0.0
 11
3931.406017892066
 21
511.3296644996763
 31
0.0
  0
LINE
  5
1951
330
194B
100
AcDbEntity
  8
0
  6
Continuous
 62
     0
440
 16777216
370
    -2
100
AcDbLine
 10
3931.406017892066
 20
492.7296644996763
 30
0.0
 11
3931.406017892066
 21
489.2296644996763
 31
0.0
  0
INSERT
  5
1952
330
194B
100
AcDbEntity
  8
0
  6
Continuous
 62
     0
440
 16777216
370
    -2
100
AcDbBlockReference
  2
_FILLED
 10
3931.406017892066
 20
504.3296644996764
 30
0.0
 41
3.5
 42
3.5
 43
3.5
 50
270.0
  0
INSERT
  5
1953
330
194B
100
AcDbEntity
  8
0
  6
Continuous
 62
     0
440
 16777216
370
    -2
100
AcDbBlockReference
  2
_FILLED
 10
3931.406017892066
 20
496.2296644996762
 30
0.0
 41
3.5
 42
3.5
 43
3.5
 50
90.0
  0
MTEXT
  5
1954
330
194B
100
AcDbEntity
  8
0
  6
Continuous
 62
     0
440
 16777216
100
AcDbMText
 10
3928.447684558733
 20
500.2796644996752
 30
0.0
 40
3.5
 41
0.0
 46
0.0
 71
     5
 72
     1
  1
\A1;8,1
 11
0.0000000000000001
 21
1.0
 31
0.0
 73
     1
 44
1.0
  0
POINT
  5
1955
330
194B
100
AcDbEntity
  8
DEFPOINTS
  6
Continuous
 62
     0
440
 16777216
100
AcDbPoint
 10
3955.731632352021
 20
504.3296644996764
 30
0.0
  0
POINT
  5
1956
330
194B
100
AcDbEntity
  8
DEFPOINTS
  6
Continuous
 62
     0
440
 16777216
100
AcDbPoint
 10
3955.731632352021
 20
496.2296644996762
 30
0.0
  0
POINT
  5
1957
330
194B
100
AcDbEntity
  8
DEFPOINTS
  6
Continuous
 62
     0
440
 16777216
100
AcDbPoint
 10
3931.406017892066
 20
496.2296644996762
 30
0.0
  0
ENDBLK
  5
194D
330
194B
100
AcDbEntity
  8
0
100
AcDbBlockEnd
  0
BLOCK
  5
1959
330
1958
100
AcDbEntity
  8
0
100
AcDbBlockBegin
  2
*D105
 70
     1
 10
0.0
 20
0.0
 30
0.0
  3
*D105
  1

  0
LINE
  5
195B
330
1958
100
AcDbEntity
  8
0
  6
Continuous
 62
     0
440
 16777216
370
    -2
100
AcDbLine
 10
3949.131632352018
 20
501.2796644996761
 30
0.0
 11
3949.131632352018
 21
517.2660146619477
 31
0.0
  0
LINE
  5
195C
330
1958
100
AcDbEntity
  8
0
  6
Continuous
 62
     0
440
 16777216
370
    -2
100
AcDbLine
 10
3978.831632352019
 20
501.2796644996761
 30
0.0
 11
3978.831632352019
 21
517.2660146619477
 31
0.0
  0
LINE
  5
195D
330
1958
100
AcDbEntity
  8
0
  6
Continuous
 62
     0
440
 16777216
370
    -2
100
AcDbLine
 10
3952.631632352018
 20
515.7660146619474
 30
0.0
 11
3975.331632352019
 21
515.7660146619474
 31
0.0
  0
INSERT
  5
195E
330
1958
100
AcDbEntity
  8
0
  6
Continuous
 62
     0
440
 16777216
370
    -2
100
AcDbBlockReference
  2
_FILLED
 10
3949.131632352018
 20
515.7660146619474
 30
0.0
 41
3.5
 42
3.5
 43
3.5
 50
180.0
  0
INSERT
  5
195F
330
1958
100
AcDbEntity
  8
0
  6
Continuous
 62
     0
440
 16777216
370
    -2
100
AcDbBlockReference
  2
_FILLED
 10
3978.831632352019
 20
515.7660146619474
 30
0.0
 41
3.5
 42
3.5
 43
3.5
  0
MTEXT
  5
1960
330
1958
100
AcDbEntity
  8
0
  6
Continuous
 62
     0
440
 16777216
100
AcDbMText
 10
3963.981632352018
 20
518.7243479952808
 30
0.0
 40
3.5
 41
0.0
 46
0.0
 71
     5
 72
     1
  1
\A1;29,7
 73
     1
 44
1.0
  0
POINT
  5
1961
330
1958
100
AcDbEntity
  8
DEFPOINTS
  6
Continuous
 62
     0
440
 16777216
100
AcDbPoint
 10
3949.131632352018
 20
500.2796644996761
 30
0.0
  0
POINT
  5
1962
330
1958
100
AcDbEntity
  8
DEFPOINTS
  6
Continuous
 62
     0
440
 16777216
100
AcDbPoint
 10
3978.831632352019
 20
500.2796644996761
 30
0.0
  0
POINT
  5
1963
330
1958
100
AcDbEntity
  8
DEFPOINTS
  6
Continuous
 62
     0
440
 16777216
100
AcDbPoint
 10
3978.831632352019
 20
515.7660146619474
 30
0.0
  0
ENDBLK
  5
195A
330
1958
100
AcDbEntity
  8
0
100
AcDbBlockEnd
  0
BLOCK
  5
1965
330
1964
100
AcDbEntity
  8
0
100
AcDbBlockBegin
  2
*D106
 70
     1
 10
0.0
 20
0.0
 30
0.0
  3
*D106
  1

  0
LINE
  5
1967
330
1964
100
AcDbEntity
  8
0
  6
Continuous
 62
     0
440
 16777216
370
    -2
100
AcDbLine
 10
3997.730993164918
 20
505.3296644996762
 30
0.0
 11
3997.730993164918
 21
517.2233111383778
 31
0.0
  0
LINE
  5
1968
330
1964
100
AcDbEntity
  8
0
  6
Continuous
 62
     0
440
 16777216
370
    -2
100
AcDbLine
 10
3999.230993164918
 20
505.3296644996762
 30
0.0
 11
3999.230993164918
 21
517.2233111383778
 31
0.0
  0
LINE
  5
1969
330
1964
100
AcDbEntity
  8
0
  6
Continuous
 62
     0
440
 16777216
370
    -2
100
AcDbLine
 10
3994.230993164919
 20
515.7233111383776
 30
0.0
 11
3990.730993164919
 21
515.7233111383776
 31
0.0
  0
LINE
  5
196A
330
1964
100
AcDbEntity
  8
0
  6
Continuous
 62
     0
440
 16777216
370
    -2
100
AcDbLine
 10
4002.730993164918
 20
515.7233111383776
 30
0.0
 11
4014.647659831585
 21
515.7233111383776
 31
0.0
  0
INSERT
  5
196B
330
1964
100
AcDbEntity
  8
0
  6
Continuous
 62
     0
440
 16777216
370
    -2
100
AcDbBlockReference
  2
_FILLED
 10
3997.730993164918
 20
515.7233111383776
 30
0.0
 41
3.5
 42
3.5
 43
3.5
  0
INSERT
  5
196C
330
1964
100
AcDbEntity
  8
0
  6
Continuous
 62
     0
440
 16777216
370
    -2
100
AcDbBlockReference
  2
_FILLED
 10
3999.230993164918
 20
515.7233111383776
 30
0.0
 41
3.5
 42
3.5
 43
3.5
 50
180.0
  0
MTEXT
  5
196D
330
1964
100
AcDbEntity
  8
0
  6
Continuous
 62
     0
440
 16777216
100
AcDbMText
 10
4010.439326498252
 20
518.6816444717111
 30
0.0
 40
3.5
 41
0.0
 46
0.0
 71
     5
 72
     1
  1
\A1;1,5
 73
     1
 44
1.0
  0
POINT
  5
196E
330
1964
100
AcDbEntity
  8
DEFPOINTS
  6
Continuous
 62
     0
440
 16777216
100
AcDbPoint
 10
3997.730993164918
 20
504.3296644996762
 30
0.0
  0
POINT
  5
196F
330
1964
100
AcDbEntity
  8
DEFPOINTS
  6
Continuous
 62
     0
440
 16777216
100
AcDbPoint
 10
3999.230993164918
 20
504.3296644996762
 30
0.0
  0
POINT
  5
1970
330
1964
100
AcDbEntity
  8
DEFPOINTS
  6
Continuous
 62
     0
440
 16777216
100
AcDbPoint
 10
3999.230993164918
 20
515.7233111383776
 30
0.0
  0
ENDBLK
  5
1966
330
1964
100
AcDbEntity
  8
0
100
AcDbBlockEnd
  0
BLOCK
  5
1972
330
1971
100
AcDbEntity
  8
0
100
AcDbBlockBegin
  2
*D107
 70
     1
 10
0.0
 20
0.0
 30
0.0
  3
*D107
  1

  0
LINE
  5
1974
330
1971
100
AcDbEntity
  8
0
  6
Continuous
 62
     0
440
 16777216
370
    -2
100
AcDbLine
 10
4071.985990145704
 20
511.4938957757696
 30
0.0
 11
4055.948731531472
 21
511.4938957757696
 31
0.0
  0
LINE
  5
1975
330
1971
100
AcDbEntity
  8
0
  6
Continuous
 62
     0
440
 16777216
370
    -2
100
AcDbLine
 10
4071.985990145704
 20
493.8938957757693
 30
0.0
 11
4055.948731531472
 21
493.8938957757693
 31
0.0
  0
LINE
  5
1976
330
1971
100
AcDbEntity
  8
0
  6
Continuous
 62
     0
440
 16777216
370
    -2
100
AcDbLine
 10
4057.448731531472
 20
507.9938957757696
 30
0.0
 11
4057.448731531472
 21
497.3938957757694
 31
0.0
  0
INSERT
  5
1977
330
1971
100
AcDbEntity
  8
0
  6
Continuous
 62
     0
440
 16777216
370
    -2
100
AcDbBlockReference
  2
_FILLED
 10
4057.448731531472
 20
511.4938957757696
 30
0.0
 41
3.5
 42
3.5
 43
3.5
 50
90.0
  0
INSERT
  5
1978
330
1971
100
AcDbEntity
  8
0
  6
Continuous
 62
     0
440
 16777216
370
    -2
100
AcDbBlockReference
  2
_FILLED
 10
4057.448731531472
 20
493.8938957757693
 30
0.0
 41
3.5
 42
3.5
 43
3.5
 50
270.0
  0
MTEXT
  5
1979
330
1971
100
AcDbEntity
  8
0
  6
Continuous
 62
     0
440
 16777216
100
AcDbMText
 10
4054.490398198137
 20
502.6938957757683
 30
0.0
 40
3.5
 41
0.0
 46
0.0
 71
     5
 72
     1
  1
\A1;17,6
 11
0.0000000000000001
 21
1.0
 31
0.0
 73
     1
 44
1.0
  0
POINT
  5
197A
330
1971
100
AcDbEntity
  8
DEFPOINTS
  6
Continuous
 62
     0
440
 16777216
100
AcDbPoint
 10
4072.985990145704
 20
511.4938957757696
 30
0.0
  0
POINT
  5
197B
330
1971
100
AcDbEntity
  8
DEFPOINTS
  6
Continuous
 62
     0
440
 16777216
100
AcDbPoint
 10
4072.985990145704
 20
493.8938957757693
 30
0.0
  0
POINT
  5
197C
330
1971
100
AcDbEntity
  8
DEFPOINTS
  6
Continuous
 62
     0
440
 16777216
100
AcDbPoint
 10
4057.448731531472
 20
493.8938957757693
 30
0.0
  0
ENDBLK
  5
1973
330
1971
100
AcDbEntity
  8
0
100
AcDbBlockEnd
  0
BLOCK
  5
197E
330
197D
100
AcDbEntity
  8
0
100
AcDbBlockBegin
  2
*D108
 70
     1
 10
0.0
 20
0.0
 30
0.0
  3
*D108
  1

  0
LINE
  5
1980
330
197D
100
AcDbEntity
  8
0
  6
Continuous
 62
     0
440
 16777216
370
    -2
100
AcDbLine
 10
4071.985990145702
 20
511.4938957757694
 30
0.0
 11
4071.985990145702
 21
525.2626849726887
 31
0.0
  0
LINE
  5
1981
330
197D
100
AcDbEntity
  8
0
  6
Continuous
 62
     0
440
 16777216
370
    -2
100
AcDbLine
 10
4101.985990145702
 20
511.4938957757694
 30
0.0
 11
4101.985990145702
 21
525.2626849726887
 31
0.0
  0
LINE
  5
1982
330
197D
100
AcDbEntity
  8
0
  6
Continuous
 62
     0
440
 16777216
370
    -2
100
AcDbLine
 10
4075.485990145702
 20
523.7626849726885
 30
0.0
 11
4098.485990145702
 21
523.7626849726885
 31
0.0
  0
INSERT
  5
1983
330
197D
100
AcDbEntity
  8
0
  6
Continuous
 62
     0
440
 16777216
370
    -2
100
AcDbBlockReference
  2
_FILLED
 10
4071.985990145702
 20
523.7626849726885
 30
0.0
 41
3.5
 42
3.5
 43
3.5
 50
180.0
  0
INSERT
  5
1984
330
197D
100
AcDbEntity
  8
0
  6
Continuous
 62
     0
440
 16777216
370
    -2
100
AcDbBlockReference
  2
_FILLED
 10
4101.985990145702
 20
523.7626849726885
 30
0.0
 41
3.5
 42
3.5
 43
3.5
  0
MTEXT
  5
1985
330
197D
100
AcDbEntity
  8
0
  6
Continuous
 62
     0
440
 16777216
100
AcDbMText
 10
4086.985990145701
 20
526.3876849726885
 30
0.0
 40
3.5
 41
0.0
 46
0.0
 71
     5
 72
     1
  1
\A1;30
 73
     1
 44
1.0
  0
POINT
  5
1986
330
197D
100
AcDbEntity
  8
DEFPOINTS
  6
Continuous
 62
     0
440
 16777216
100
AcDbPoint
 10
4071.985990145702
 20
510.4938957757694
 30
0.0
  0
POINT
  5
1987
330
197D
100
AcDbEntity
  8
DEFPOINTS
  6
Continuous
 62
     0
440
 16777216
100
AcDbPoint
 10
4101.985990145702
 20
510.4938957757694
 30
0.0
  0
POINT
  5
1988
330
197D
100
AcDbEntity
  8
DEFPOINTS
  6
Continuous
 62
     0
440
 16777216
100
AcDbPoint
 10
4101.985990145702
 20
523.7626849726885
 30
0.0
  0
ENDBLK
  5
197F
330
197D
100
AcDbEntity
  8
0
100
AcDbBlockEnd
  0
BLOCK
  5
198A
330
1989
100
AcDbEntity
  8
0
100
AcDbBlockBegin
  2
*D109
 70
     1
 10
0.0
 20
0.0
 30
0.0
  3
*D109
  1

  0
LINE
  5
198C
330
1989
100
AcDbEntity
  8
0
  6
Continuous
 62
     0
440
 16777216
370
    -2
100
AcDbLine
 10
4125.863968098101
 20
512.4938957757693
 30
0.0
 11
4125.863968098101
 21
517.1271667905296
 31
0.0
  0
LINE
  5
198D
330
1989
100
AcDbEntity
  8
0
  6
Continuous
 62
     0
440
 16777216
370
    -2
100
AcDbLine
 10
4127.363968098101
 20
512.4938957757693
 30
0.0
 11
4127.363968098101
 21
517.1271667905296
 31
0.0
  0
LINE
  5
198E
330
1989
100
AcDbEntity
  8
0
  6
Continuous
 62
     0
440
 16777216
370
    -2
100
AcDbLine
 10
4122.363968098102
 20
515.6271667905294
 30
0.0
 11
4118.863968098101
 21
515.6271667905294
 31
0.0
  0
LINE
  5
198F
330
1989
100
AcDbEntity
  8
0
  6
Continuous
 62
     0
440
 16777216
370
    -2
100
AcDbLine
 10
4130.863968098101
 20
515.6271667905294
 30
0.0
 11
4142.780634764767
 21
515.6271667905294
 31
0.0
  0
INSERT
  5
1990
330
1989
100
AcDbEntity
  8
0
  6
Continuous
 62
     0
440
 16777216
370
    -2
100
AcDbBlockReference
  2
_FILLED
 10
4125.863968098101
 20
515.6271667905294
 30
0.0
 41
3.5
 42
3.5
 43
3.5
  0
INSERT
  5
1991
330
1989
100
AcDbEntity
  8
0
  6
Continuous
 62
     0
440
 16777216
370
    -2
100
AcDbBlockReference
  2
_FILLED
 10
4127.363968098101
 20
515.6271667905294
 30
0.0
 41
3.5
 42
3.5
 43
3.5
 50
180.0
  0
MTEXT
  5
1992
330
1989
100
AcDbEntity
  8
0
  6
Continuous
 62
     0
440
 16777216
100
AcDbMText
 10
4138.572301431433
 20
518.5855001238628
 30
0.0
 40
3.5
 41
0.0
 46
0.0
 71
     5
 72
     1
  1
\A1;1,5
 73
     1
 44
1.0
  0
POINT
  5
1993
330
1989
100
AcDbEntity
  8
DEFPOINTS
  6
Continuous
 62
     0
440
 16777216
100
AcDbPoint
 10
4125.863968098101
 20
511.4938957757694
 30
0.0
  0
POINT
  5
1994
330
1989
100
AcDbEntity
  8
DEFPOINTS
  6
Continuous
 62
     0
440
 16777216
100
AcDbPoint
 10
4127.363968098101
 20
511.4938957757694
 30
0.0
  0
POINT
  5
1995
330
1989
100
AcDbEntity
  8
DEFPOINTS
  6
Continuous
 62
     0
440
 16777216
100
AcDbPoint
 10
4127.363968098101
 20
515.6271667905294
 30
0.0
  0
ENDBLK
  5
198B
330
1989
100
AcDbEntity
  8
0
100
AcDbBlockEnd
  0
BLOCK
  5
1DCA
330
1DC9
100
AcDbEntity
  8
0
100
AcDbBlockBegin
  2
*D110
 70
     1
 10
0.0
 20
0.0
 30
0.0
  3
*D110
  1

  0
LINE
  5
1E32
330
1DC9
100
AcDbEntity
  8
0
  6
Continuous
 62
     0
440
 16777216
370
    -2
100
AcDbLine
 10
4062.407230271531
 20
514.604518940475
 30
0.0
 11
4062.407230271531
 21
525.8502852490948
 31
0.0
  0
LINE
  5
1E33
330
1DC9
100
AcDbEntity
  8
0
  6
Continuous
 62
     0
440
 16777216
370
    -2
100
AcDbLine
 10
4085.80723027153
 20
514.604518940475
 30
0.0
 11
4085.80723027153
 21
525.8502852490948
 31
0.0
  0
LINE
  5
1E34
330
1DC9
100
AcDbEntity
  8
0
  6
Continuous
 62
     0
440
 16777216
370
    -2
100
AcDbLine
 10
4065.90723027153
 20
524.350285249095
 30
0.0
 11
4082.30723027153
 21
524.350285249095
 31
0.0
  0
INSERT
  5
1E35
330
1DC9
100
AcDbEntity
  8
0
  6
Continuous
 62
     0
440
 16777216
370
    -2
100
AcDbBlockReference
  2
_FILLED
 10
4062.407230271531
 20
524.350285249095
 30
0.0
 41
3.5
 42
3.5
 43
3.5
 50
180.0
  0
INSERT
  5
1E36
330
1DC9
100
AcDbEntity
  8
0
  6
Continuous
 62
     0
440
 16777216
370
    -2
100
AcDbBlockReference
  2
_FILLED
 10
4085.80723027153
 20
524.350285249095
 30
0.0
 41
3.5
 42
3.5
 43
3.5
  0
MTEXT
  5
1E37
330
1DC9
100
AcDbEntity
  8
0
  6
Continuous
 62
     0
440
 16777216
100
AcDbMText
 10
4074.107230271531
 20
527.3086185824284
 30
0.0
 40
3.5
 41
0.0
 46
0.0
 71
     5
 72
     1
  1
\A1;23,4
 73
     1
 44
1.0
  0
POINT
  5
1E38
330
1DC9
100
AcDbEntity
  8
DEFPOINTS
  6
Continuous
 62
     0
440
 16777216
100
AcDbPoint
 10
4062.407230271531
 20
513.604518940475
 30
0.0
  0
POINT
  5
1E39
330
1DC9
100
AcDbEntity
  8
DEFPOINTS
  6
Continuous
 62
     0
440
 16777216
100
AcDbPoint
 10
4085.80723027153
 20
513.604518940475
 30
0.0
  0
POINT
  5
1E3A
330
1DC9
100
AcDbEntity
  8
DEFPOINTS
  6
Continuous
 62
     0
440
 16777216
100
AcDbPoint
 10
4085.80723027153
 20
524.350285249095
 30
0.0
  0
ENDBLK
  5
1DCB
330
1DC9
100
AcDbEntity
  8
0
100
AcDbBlockEnd
  0
BLOCK
  5
1DE4
330
1DE3
100
AcDbEntity
  8
0
100
AcDbBlockBegin
  2
*D111
 70
     1
 10
0.0
 20
0.0
 30
0.0
  3
*D111
  1

  0
LINE
  5
1E3B
330
1DE3
100
AcDbEntity
  8
0
  6
Continuous
 62
     0
440
 16777216
370
    -2
100
AcDbLine
 10
4062.407230271531
 20
514.6045189404751
 30
0.0
 11
4051.234288678892
 21
514.6045189404751
 31
0.0
  0
LINE
  5
1E3C
330
1DE3
100
AcDbEntity
  8
0
  6
Continuous
 62
     0
440
 16777216
370
    -2
100
AcDbLine
 10
4062.407230271531
 20
483.1545189404753
 30
0.0
 11
4051.234288678892
 21
483.1545189404753
 31
0.0
  0
LINE
  5
1E3D
330
1DE3
100
AcDbEntity
  8
0
  6
Continuous
 62
     0
440
 16777216
370
    -2
100
AcDbLine
 10
4052.734288678892
 20
511.1045189404753
 30
0.0
 11
4052.734288678892
 21
486.6545189404753
 31
0.0
  0
INSERT
  5
1E3E
330
1DE3
100
AcDbEntity
  8
0
  6
Continuous
 62
     0
440
 16777216
370
    -2
100
AcDbBlockReference
  2
_FILLED
 10
4052.734288678892
 20
514.6045189404751
 30
0.0
 41
3.5
 42
3.5
 43
3.5
 50
90.0
  0
INSERT
  5
1E3F
330
1DE3
100
AcDbEntity
  8
0
  6
Continuous
 62
     0
440
 16777216
370
    -2
100
AcDbBlockReference
  2
_FILLED
 10
4052.734288678892
 20
483.1545189404753
 30
0.0
 41
3.5
 42
3.5
 43
3.5
 50
270.0
  0
MTEXT
  5
1E40
330
1DE3
100
AcDbEntity
  8
0
  6
Continuous
 62
     0
440
 16777216
100
AcDbMText
 10
4049.775955345557
 20
498.879518940474
 30
0.0
 40
3.5
 41
0.0
 46
0.0
 71
     5
 72
     1
  1
\A1;31,45
 11
0.0000000000000001
 21
1.0
 31
0.0
 73
     1
 44
1.0
  0
POINT
  5
1E41
330
1DE3
100
AcDbEntity
  8
DEFPOINTS
  6
Continuous
 62
     0
440
 16777216
100
AcDbPoint
 10
4063.407230271532
 20
514.6045189404751
 30
0.0
  0
POINT
  5
1E42
330
1DE3
100
AcDbEntity
  8
DEFPOINTS
  6
Continuous
 62
     0
440
 16777216
100
AcDbPoint
 10
4063.407230271532
 20
483.1545189404753
 30
0.0
  0
POINT
  5
1E43
330
1DE3
100
AcDbEntity
  8
DEFPOINTS
  6
Continuous
 62
     0
440
 16777216
100
AcDbPoint
 10
4052.734288678892
 20
483.1545189404753
 30
0.0
  0
ENDBLK
  5
1DE5
330
1DE3
100
AcDbEntity
  8
0
100
AcDbBlockEnd
  0
BLOCK
  5
1DFE
330
1DFD
100
AcDbEntity
  8
0
100
AcDbBlockBegin
  2
*D112
 70
     1
 10
0.0
 20
0.0
 30
0.0
  3
*D112
  1

  0
LINE
  5
1E44
330
1DFD
100
AcDbEntity
  8
0
  6
Continuous
 62
     0
440
 16777216
370
    -2
100
AcDbLine
 10
4109.024521869731
 20
515.604518940475
 30
0.0
 11
4109.024521869731
 21
520.2209280586696
 31
0.0
  0
LINE
  5
1E45
330
1DFD
100
AcDbEntity
  8
0
  6
Continuous
 62
     0
440
 16777216
370
    -2
100
AcDbLine
 10
4110.024521869731
 20
515.604518940475
 30
0.0
 11
4110.024521869731
 21
520.2209280586696
 31
0.0
  0
LINE
  5
1E46
330
1DFD
100
AcDbEntity
  8
0
  6
Continuous
 62
     0
440
 16777216
370
    -2
100
AcDbLine
 10
4105.524521869731
 20
518.7209280586696
 30
0.0
 11
4102.024521869731
 21
518.7209280586696
 31
0.0
  0
LINE
  5
1E47
330
1DFD
100
AcDbEntity
  8
0
  6
Continuous
 62
     0
440
 16777216
370
    -2
100
AcDbLine
 10
4113.524521869731
 20
518.7209280586696
 30
0.0
 11
4119.607855203064
 21
518.7209280586696
 31
0.0
  0
INSERT
  5
1E48
330
1DFD
100
AcDbEntity
  8
0
  6
Continuous
 62
     0
440
 16777216
370
    -2
100
AcDbBlockReference
  2
_FILLED
 10
4109.024521869731
 20
518.7209280586696
 30
0.0
 41
3.5
 42
3.5
 43
3.5
  0
INSERT
  5
1E49
330
1DFD
100
AcDbEntity
  8
0
  6
Continuous
 62
     0
440
 16777216
370
    -2
100
AcDbBlockReference
  2
_FILLED
 10
4110.024521869731
 20
518.7209280586696
 30
0.0
 41
3.5
 42
3.5
 43
3.5
 50
180.0
  0
MTEXT
  5
1E4A
330
1DFD
100
AcDbEntity
  8
0
  6
Continuous
 62
     0
440
 16777216
100
AcDbMText
 10
4118.316188536398
 20
521.3459280586696
 30
0.0
 40
3.5
 41
0.0
 46
0.0
 71
     5
 72
     1
  1
\A1;1
 73
     1
 44
1.0
  0
POINT
  5
1E4B
330
1DFD
100
AcDbEntity
  8
DEFPOINTS
  6
Continuous
 62
     0
440
 16777216
100
AcDbPoint
 10
4109.024521869731
 20
514.604518940475
 30
0.0
  0
POINT
  5
1E4C
330
1DFD
100
AcDbEntity
  8
DEFPOINTS
  6
Continuous
 62
     0
440
 16777216
100
AcDbPoint
 10
4110.024521869731
 20
514.604518940475
 30
0.0
  0
POINT
  5
1E4D
330
1DFD
100
AcDbEntity
  8
DEFPOINTS
  6
Continuous
 62
     0
440
 16777216
100
AcDbPoint
 10
4110.024521869731
 20
518.7209280586696
 30
0.0
  0
ENDBLK
  5
1DFF
330
1DFD
100
AcDbEntity
  8
0
100
AcDbBlockEnd
  0
BLOCK
  5
20D7
330
20D6
100
AcDbEntity
  8
0
100
AcDbBlockBegin
  2
*U113
 70
     1
 10
0.0
 20
0.0
 30
0.0
  3
*U113
  1

  0
LINE
  5
20D8
330
20D6
100
AcDbEntity
  8
0
  6
Continuous
 62
     0
440
 16777216
100
AcDbLine
 10
-0.05
 20
0.0
 30
0.0
 11
0.05
 21
0.0
 31
0.0
  0
LINE
  5
20D9
330
20D6
100
AcDbEntity
  8
0
  6
Continuous
 62
     0
440
 16777216
100
AcDbLine
 10
0.0
 20
-0.05
 30
0.0
 11
0.0
 21
0.05
 31
0.0
  0
LINE
  5
20DA
330
20D6
100
AcDbEntity
  8
0
  6
CENTER2
 62
     0
440
 16777216
100
AcDbLine
 10
-4.0
 20
0.0
 30
0.0
 11
-0.1000000000000001
 21
0.0
 31
0.0
  0
LINE
  5
20DB
330
20D6
100
AcDbEntity
  8
0
  6
CENTER2
 62
     0
440
 16777216
100
AcDbLine
 10
0.1
 20
0.0
 30
0.0
 11
4.0
 21
0.0
 31
0.0
  0
LINE
  5
20DC
330
20D6
100
AcDbEntity
  8
0
  6
CENTER2
 62
     0
440
 16777216
100
AcDbLine
 10
0.0
 20
-4.0
 30
0.0
 11
0.0
 21
-0.1000000000000001
 31
0.0
  0
LINE
  5
20DD
330
20D6
100
AcDbEntity
  8
0
  6
CENTER2
 62
     0
440
 16777216
100
AcDbLine
 10
0.0
 20
0.1
 30
0.0
 11
0.0
 21
4.0
 31
0.0
  0
ENDBLK
  5
20DE
330
20D6
100
AcDbEntity
  8
0
100
AcDbBlockEnd
  0
BLOCK
  5
20E4
330
20E3
100
AcDbEntity
  8
0
100
AcDbBlockBegin
  2
*U114
 70
     1
 10
0.0
 20
0.0
 30
0.0
  3
*U114
  1

  0
LINE
  5
20E5
330
20E3
100
AcDbEntity
  8
0
  6
Continuous
 62
     0
440
 16777216
100
AcDbLine
 10
-0.05
 20
0.0
 30
0.0
 11
0.05
 21
0.0
 31
0.0
  0
LINE
  5
20E6
330
20E3
100
AcDbEntity
  8
0
  6
Continuous
 62
     0
440
 16777216
100
AcDbLine
 10
0.0
 20
-0.05
 30
0.0
 11
0.0
 21
0.05
 31
0.0
  0
LINE
  5
20E7
330
20E3
100
AcDbEntity
  8
0
  6
CENTER2
 62
     0
440
 16777216
100
AcDbLine
 10
-4.0
 20
0.0
 30
0.0
 11
-0.1000000000000001
 21
0.0
 31
0.0
  0
LINE
  5
20E8
330
20E3
100
AcDbEntity
  8
0
  6
CENTER2
 62
     0
440
 16777216
100
AcDbLine
 10
0.1
 20
0.0
 30
0.0
 11
4.0
 21
0.0
 31
0.0
  0
LINE
  5
20E9
330
20E3
100
AcDbEntity
  8
0
  6
CENTER2
 62
     0
440
 16777216
100
AcDbLine
 10
0.0
 20
-4.0
 30
0.0
 11
0.0
 21
-0.1000000000000001
 31
0.0
  0
LINE
  5
20EA
330
20E3
100
AcDbEntity
  8
0
  6
CENTER2
 62
     0
440
 16777216
100
AcDbLine
 10
0.0
 20
0.1
 30
0.0
 11
0.0
 21
4.0
 31
0.0
  0
ENDBLK
  5
20EB
330
20E3
100
AcDbEntity
  8
0
100
AcDbBlockEnd
  0
BLOCK
  5
20F1
330
20F0
100
AcDbEntity
  8
0
100
AcDbBlockBegin
  2
*U115
 70
     1
 10
0.0
 20
0.0
 30
0.0
  3
*U115
  1

  0
LINE
  5
20F2
330
20F0
100
AcDbEntity
  8
0
  6
Continuous
 62
     0
440
 16777216
100
AcDbLine
 10
-0.05
 20
0.0
 30
0.0
 11
0.05
 21
0.0
 31
0.0
  0
LINE
  5
20F3
330
20F0
100
AcDbEntity
  8
0
  6
Continuous
 62
     0
440
 16777216
100
AcDbLine
 10
0.0
 20
-0.05
 30
0.0
 11
0.0
 21
0.05
 31
0.0
  0
LINE
  5
20F4
330
20F0
100
AcDbEntity
  8
0
  6
CENTER2
 62
     0
440
 16777216
100
AcDbLine
 10
-4.0
 20
0.0
 30
0.0
 11
-0.1000000000000001
 21
0.0
 31
0.0
  0
LINE
  5
20F5
330
20F0
100
AcDbEntity
  8
0
  6
CENTER2
 62
     0
440
 16777216
100
AcDbLine
 10
0.1
 20
0.0
 30
0.0
 11
4.0
 21
0.0
 31
0.0
  0
LINE
  5
20F6
330
20F0
100
AcDbEntity
  8
0
  6
CENTER2
 62
     0
440
 16777216
100
AcDbLine
 10
0.0
 20
-4.0
 30
0.0
 11
0.0
 21
-0.1000000000000001
 31
0.0
  0
LINE
  5
20F7
330
20F0
100
AcDbEntity
  8
0
  6
CENTER2
 62
     0
440
 16777216
100
AcDbLine
 10
0.0
 20
0.1
 30
0.0
 11
0.0
 21
4.0
 31
0.0
  0
ENDBLK
  5
20F8
330
20F0
100
AcDbEntity
  8
0
100
AcDbBlockEnd
  0
BLOCK
  5
20FE
330
20FD
100
AcDbEntity
  8
0
100
AcDbBlockBegin
  2
*U116
 70
     1
 10
0.0
 20
0.0
 30
0.0
  3
*U116
  1

  0
LINE
  5
20FF
330
20FD
100
AcDbEntity
  8
0
  6
Continuous
 62
     0
440
 16777216
100
AcDbLine
 10
-0.05
 20
0.0
 30
0.0
 11
0.05
 21
0.0
 31
0.0
  0
LINE
  5
2100
330
20FD
100
AcDbEntity
  8
0
  6
Continuous
 62
     0
440
 16777216
100
AcDbLine
 10
0.0
 20
-0.05
 30
0.0
 11
0.0
 21
0.05
 31
0.0
  0
LINE
  5
2101
330
20FD
100
AcDbEntity
  8
0
  6
CENTER2
 62
     0
440
 16777216
100
AcDbLine
 10
-4.0
 20
0.0
 30
0.0
 11
-0.1000000000000001
 21
0.0
 31
0.0
  0
LINE
  5
2102
330
20FD
100
AcDbEntity
  8
0
  6
CENTER2
 62
     0
440
 16777216
100
AcDbLine
 10
0.1
 20
0.0
 30
0.0
 11
4.0
 21
0.0
 31
0.0
  0
LINE
  5
2103
330
20FD
100
AcDbEntity
  8
0
  6
CENTER2
 62
     0
440
 16777216
100
AcDbLine
 10
0.0
 20
-4.0
 30
0.0
 11
0.0
 21
-0.1000000000000001
 31
0.0
  0
LINE
  5
2104
330
20FD
100
AcDbEntity
  8
0
  6
CENTER2
 62
     0
440
 16777216
100
AcDbLine
 10
0.0
 20
0.1
 30
0.0
 11
0.0
 21
4.0
 31
0.0
  0
ENDBLK
  5
2105
330
20FD
100
AcDbEntity
  8
0
100
AcDbBlockEnd
  0
BLOCK
  5
210B
330
210A
100
AcDbEntity
  8
0
100
AcDbBlockBegin
  2
*U117
 70
     1
 10
0.0
 20
0.0
 30
0.0
  3
*U117
  1

  0
LINE
  5
210C
330
210A
100
AcDbEntity
  8
0
  6
Continuous
 62
     0
440
 16777216
100
AcDbLine
 10
-0.05
 20
0.0
 30
0.0
 11
0.05
 21
0.0
 31
0.0
  0
LINE
  5
210D
330
210A
100
AcDbEntity
  8
0
  6
Continuous
 62
     0
440
 16777216
100
AcDbLine
 10
0.0
 20
-0.05
 30
0.0
 11
0.0
 21
0.05
 31
0.0
  0
LINE
  5
210E
330
210A
100
AcDbEntity
  8
0
  6
CENTER2
 62
     0
440
 16777216
100
AcDbLine
 10
-4.0
 20
0.0
 30
0.0
 11
-0.1000000000000001
 21
0.0
 31
0.0
  0
LINE
  5
210F
330
210A
100
AcDbEntity
  8
0
  6
CENTER2
 62
     0
440
 16777216
100
AcDbLine
 10
0.1
 20
0.0
 30
0.0
 11
4.0
 21
0.0
 31
0.0
  0
LINE
  5
2110
330
210A
100
AcDbEntity
  8
0
  6
CENTER2
 62
     0
440
 16777216
100
AcDbLine
 10
0.0
 20
-4.0
 30
0.0
 11
0.0
 21
-0.1000000000000001
 31
0.0
  0
LINE
  5
2111
330
210A
100
AcDbEntity
  8
0
  6
CENTER2
 62
     0
440
 16777216
100
AcDbLine
 10
0.0
 20
0.1
 30
0.0
 11
0.0
 21
4.0
 31
0.0
  0
ENDBLK
  5
2112
330
210A
100
AcDbEntity
  8
0
100
AcDbBlockEnd
  0
BLOCK
  5
2118
330
2117
100
AcDbEntity
  8
0
100
AcDbBlockBegin
  2
*U118
 70
     1
 10
0.0
 20
0.0
 30
0.0
  3
*U118
  1

  0
LINE
  5
2119
330
2117
100
AcDbEntity
  8
0
  6
Continuous
 62
     0
440
 16777216
100
AcDbLine
 10
-0.05
 20
0.0
 30
0.0
 11
0.05
 21
0.0
 31
0.0
  0
LINE
  5
211A
330
2117
100
AcDbEntity
  8
0
  6
Continuous
 62
     0
440
 16777216
100
AcDbLine
 10
0.0
 20
-0.05
 30
0.0
 11
0.0
 21
0.05
 31
0.0
  0
LINE
  5
211B
330
2117
100
AcDbEntity
  8
0
  6
CENTER2
 62
     0
440
 16777216
100
AcDbLine
 10
-4.0
 20
0.0
 30
0.0
 11
-0.1000000000000001
 21
0.0
 31
0.0
  0
LINE
  5
211C
330
2117
100
AcDbEntity
  8
0
  6
CENTER2
 62
     0
440
 16777216
100
AcDbLine
 10
0.1
 20
0.0
 30
0.0
 11
4.0
 21
0.0
 31
0.0
  0
LINE
  5
211D
330
2117
100
AcDbEntity
  8
0
  6
CENTER2
 62
     0
440
 16777216
100
AcDbLine
 10
0.0
 20
-4.0
 30
0.0
 11
0.0
 21
-0.1000000000000001
 31
0.0
  0
LINE
  5
211E
330
2117
100
AcDbEntity
  8
0
  6
CENTER2
 62
     0
440
 16777216
100
AcDbLine
 10
0.0
 20
0.1
 30
0.0
 11
0.0
 21
4.0
 31
0.0
  0
ENDBLK
  5
211F
330
2117
100
AcDbEntity
  8
0
100
AcDbBlockEnd
  0
BLOCK
  5
213C
330
213B
100
AcDbEntity
  8
0
100
AcDbBlockBegin
  2
*U119
 70
     1
 10
0.0
 20
0.0
 30
0.0
  3
*U119
  1

  0
LINE
  5
213D
330
213B
100
AcDbEntity
  8
0
  6
CENTER2
 62
     0
440
 16777216
100
AcDbLine
 10
-19.39098272216006
 20
0.0
 30
0.0
 11
19.21925490084186
 21
0.0
 31
0.0
  0
ENDBLK
  5
213E
330
213B
100
AcDbEntity
  8
0
100
AcDbBlockEnd
  0
BLOCK
  5
2140
330
213F
100
AcDbEntity
  8
0
100
AcDbBlockBegin
  2
*U120
 70
     1
 10
0.0
 20
0.0
 30
0.0
  3
*U120
  1

  0
LINE
  5
2141
330
213F
100
AcDbEntity
  8
0
  6
CENTER2
 62
     0
440
 16777216
100
AcDbLine
 10
0.0
 20
14.2362929284161
 30
0.0
 11
0.0
 21
-7.137214375605255
 31
0.0
  0
ENDBLK
  5
2142
330
213F
100
AcDbEntity
  8
0
100
AcDbBlockEnd
  0
BLOCK
  5
215F
330
215E
100
AcDbEntity
  8
0
100
AcDbBlockBegin
  2
*U121
 70
     1
 10
0.0
 20
0.0
 30
0.0
  3
*U121
  1

  0
LINE
  5
2160
330
215E
100
AcDbEntity
  8
0
  6
Continuous
 62
     0
440
 16777216
100
AcDbLine
 10
-0.05
 20
0.0
 30
0.0
 11
0.05
 21
0.0
 31
0.0
  0
LINE
  5
2161
330
215E
100
AcDbEntity
  8
0
  6
Continuous
 62
     0
440
 16777216
100
AcDbLine
 10
0.0
 20
-0.05
 30
0.0
 11
0.0
 21
0.05
 31
0.0
  0
LINE
  5
2162
330
215E
100
AcDbEntity
  8
0
  6
CENTER2
 62
     0
440
 16777216
100
AcDbLine
 10
-4.0
 20
0.0
 30
0.0
 11
-0.1000000000000001
 21
0.0
 31
0.0
  0
LINE
  5
2163
330
215E
100
AcDbEntity
  8
0
  6
CENTER2
 62
     0
440
 16777216
100
AcDbLine
 10
0.1
 20
0.0
 30
0.0
 11
4.0
 21
0.0
 31
0.0
  0
LINE
  5
2164
330
215E
100
AcDbEntity
  8
0
  6
CENTER2
 62
     0
440
 16777216
100
AcDbLine
 10
0.0
 20
-4.0
 30
0.0
 11
0.0
 21
-0.1000000000000001
 31
0.0
  0
LINE
  5
2165
330
215E
100
AcDbEntity
  8
0
  6
CENTER2
 62
     0
440
 16777216
100
AcDbLine
 10
0.0
 20
0.1
 30
0.0
 11
0.0
 21
4.0
 31
0.0
  0
ENDBLK
  5
2166
330
215E
100
AcDbEntity
  8
0
100
AcDbBlockEnd
  0
BLOCK
  5
21D6
330
21D5
100
AcDbEntity
  8
0
100
AcDbBlockBegin
  2
*D122
 70
     1
 10
0.0
 20
0.0
 30
0.0
  3
*D122
  1

  0
LINE
  5
2247
330
21D5
100
AcDbEntity
  8
0
  6
Continuous
 62
     0
440
 16777216
370
    -2
100
AcDbLine
 10
3821.068081781737
 20
362.095794925953
 30
0.0
 11
3821.068081781737
 21
369.7733463330529
 31
0.0
  0
LINE
  5
2248
330
21D5
100
AcDbEntity
  8
0
  6
Continuous
 62
     0
440
 16777216
370
    -2
100
AcDbLine
 10
3844.468081781737
 20
362.095794925953
 30
0.0
 11
3844.468081781737
 21
369.7733463330529
 31
0.0
  0
LINE
  5
2249
330
21D5
100
AcDbEntity
  8
0
  6
Continuous
 62
     0
440
 16777216
370
    -2
100
AcDbLine
 10
3824.568081781739
 20
368.2733463330529
 30
0.0
 11
3840.968081781737
 21
368.2733463330529
 31
0.0
  0
INSERT
  5
224A
330
21D5
100
AcDbEntity
  8
0
  6
Continuous
 62
     0
440
 16777216
370
    -2
100
AcDbBlockReference
  2
_FILLED
 10
3821.068081781737
 20
368.2733463330529
 30
0.0
 41
3.5
 42
3.5
 43
3.5
 50
180.0
  0
INSERT
  5
224B
330
21D5
100
AcDbEntity
  8
0
  6
Continuous
 62
     0
440
 16777216
370
    -2
100
AcDbBlockReference
  2
_FILLED
 10
3844.468081781737
 20
368.2733463330529
 30
0.0
 41
3.5
 42
3.5
 43
3.5
  0
MTEXT
  5
224C
330
21D5
100
AcDbEntity
  8
0
  6
Continuous
 62
     0
440
 16777216
100
AcDbMText
 10
3832.584128119037
 20
373.8150129997196
 30
0.0
 40
3.5
 41
8.007999999999999
 46
0.0
 71
     2
 72
     1
  1
\A1;23,4
 73
     2
 44
0.9
  0
POINT
  5
224D
330
21D5
100
AcDbEntity
  8
DEFPOINTS
  6
Continuous
 62
     0
440
 16777216
100
AcDbPoint
 10
3821.068081781737
 20
361.095794925953
 30
0.0
  0
POINT
  5
224E
330
21D5
100
AcDbEntity
  8
DEFPOINTS
  6
Continuous
 62
     0
440
 16777216
100
AcDbPoint
 10
3844.468081781737
 20
361.095794925953
 30
0.0
  0
POINT
  5
224F
330
21D5
100
AcDbEntity
  8
DEFPOINTS
  6
Continuous
 62
     0
440
 16777216
100
AcDbPoint
 10
3844.468081781737
 20
368.2733463330529
 30
0.0
  0
ENDBLK
  5
21D7
330
21D5
100
AcDbEntity
  8
0
100
AcDbBlockEnd
  0
BLOCK
  5
21E2
330
21E1
100
AcDbEntity
  8
0
100
AcDbBlockBegin
  2
*D123
 70
     1
 10
0.0
 20
0.0
 30
0.0
  3
*D123
  1

  0
LINE
  5
2250
330
21E1
100
AcDbEntity
  8
0
  6
Continuous
 62
     0
440
 16777216
370
    -2
100
AcDbLine
 10
3821.068081781739
 20
362.0957949259532
 30
0.0
 11
3811.629183968538
 21
362.0957949259532
 31
0.0
  0
LINE
  5
2251
330
21E1
100
AcDbEntity
  8
0
  6
Continuous
 62
     0
440
 16777216
370
    -2
100
AcDbLine
 10
3821.068081781739
 20
350.0957949259531
 30
0.0
 11
3811.629183968538
 21
350.0957949259531
 31
0.0
  0
LINE
  5
2252
330
21E1
100
AcDbEntity
  8
0
  6
Continuous
 62
     0
440
 16777216
370
    -2
100
AcDbLine
 10
3813.129183968538
 20
358.5957949259532
 30
0.0
 11
3813.129183968538
 21
353.5957949259532
 31
0.0
  0
INSERT
  5
2253
330
21E1
100
AcDbEntity
  8
0
  6
Continuous
 62
     0
440
 16777216
370
    -2
100
AcDbBlockReference
  2
_FILLED
 10
3813.129183968538
 20
362.0957949259532
 30
0.0
 41
3.5
 42
3.5
 43
3.5
 50
90.0
  0
INSERT
  5
2254
330
21E1
100
AcDbEntity
  8
0
  6
Continuous
 62
     0
440
 16777216
370
    -2
100
AcDbBlockReference
  2
_FILLED
 10
3813.129183968538
 20
350.0957949259531
 30
0.0
 41
3.5
 42
3.5
 43
3.5
 50
270.0
  0
MTEXT
  5
2255
330
21E1
100
AcDbEntity
  8
0
  6
Continuous
 62
     0
440
 16777216
100
AcDbMText
 10
3807.58751730187
 20
356.1131068000528
 30
0.0
 40
3.5
 41
4.703999999999997
 46
0.0
 71
     2
 72
     1
  1
\A1;12
 11
0.0000000000000001
 21
1.0
 31
0.0
 73
     2
 44
0.9
  0
POINT
  5
2256
330
21E1
100
AcDbEntity
  8
DEFPOINTS
  6
Continuous
 62
     0
440
 16777216
100
AcDbPoint
 10
3822.068081781739
 20
362.0957949259532
 30
0.0
  0
POINT
  5
2257
330
21E1
100
AcDbEntity
  8
DEFPOINTS
  6
Continuous
 62
     0
440
 16777216
100
AcDbPoint
 10
3822.068081781739
 20
350.0957949259531
 30
0.0
  0
POINT
  5
2258
330
21E1
100
AcDbEntity
  8
DEFPOINTS
  6
Continuous
 62
     0
440
 16777216
100
AcDbPoint
 10
3813.129183968538
 20
350.0957949259531
 30
0.0
  0
ENDBLK
  5
21E3
330
21E1
100
AcDbEntity
  8
0
100
AcDbBlockEnd
  0
BLOCK
  5
21EE
330
21ED
100
AcDbEntity
  8
0
100
AcDbBlockBegin
  2
*D124
 70
     1
 10
0.0
 20
0.0
 30
0.0
  3
*D124
  1

  0
LINE
  5
2259
330
21ED
100
AcDbEntity
  8
0
  6
Continuous
 62
     0
440
 16777216
370
    -2
100
AcDbLine
 10
3860.022092741037
 20
363.0957949259532
 30
0.0
 11
3860.022092741037
 21
369.6410636459528
 31
0.0
  0
LINE
  5
225A
330
21ED
100
AcDbEntity
  8
0
  6
Continuous
 62
     0
440
 16777216
370
    -2
100
AcDbLine
 10
3861.022092741037
 20
363.0957949259532
 30
0.0
 11
3861.022092741037
 21
369.6410636459528
 31
0.0
  0
LINE
  5
225B
330
21ED
100
AcDbEntity
  8
0
  6
Continuous
 62
     0
440
 16777216
370
    -2
100
AcDbLine
 10
3856.522092741037
 20
368.1410636459528
 30
0.0
 11
3853.022092741037
 21
368.1410636459528
 31
0.0
  0
LINE
  5
225C
330
21ED
100
AcDbEntity
  8
0
  6
Continuous
 62
     0
440
 16777216
370
    -2
100
AcDbLine
 10
3864.522092741037
 20
368.1410636459528
 30
0.0
 11
3870.605426074371
 21
368.1410636459528
 31
0.0
  0
INSERT
  5
225D
330
21ED
100
AcDbEntity
  8
0
  6
Continuous
 62
     0
440
 16777216
370
    -2
100
AcDbBlockReference
  2
_FILLED
 10
3860.022092741037
 20
368.1410636459528
 30
0.0
 41
3.5
 42
3.5
 43
3.5
  0
INSERT
  5
225E
330
21ED
100
AcDbEntity
  8
0
  6
Continuous
 62
     0
440
 16777216
370
    -2
100
AcDbBlockReference
  2
_FILLED
 10
3861.022092741037
 20
368.1410636459528
 30
0.0
 41
3.5
 42
3.5
 43
3.5
 50
180.0
  0
MTEXT
  5
225F
330
21ED
100
AcDbEntity
  8
0
  6
Continuous
 62
     0
440
 16777216
100
AcDbMText
 10
3869.313759407704
 20
371.3493969792862
 30
0.0
 40
3.5
 41
2.351999999999998
 46
0.0
 71
     5
 72
     1
  1
\A1;1
 73
     2
 44
0.9
  0
POINT
  5
2260
330
21ED
100
AcDbEntity
  8
DEFPOINTS
  6
Continuous
 62
     0
440
 16777216
100
AcDbPoint
 10
3860.022092741037
 20
362.0957949259532
 30
0.0
  0
POINT
  5
2261
330
21ED
100
AcDbEntity
  8
DEFPOINTS
  6
Continuous
 62
     0
440
 16777216
100
AcDbPoint
 10
3861.022092741037
 20
362.0957949259532
 30
0.0
  0
POINT
  5
2262
330
21ED
100
AcDbEntity
  8
DEFPOINTS
  6
Continuous
 62
     0
440
 16777216
100
AcDbPoint
 10
3861.022092741037
 20
368.1410636459528
 30
0.0
  0
ENDBLK
  5
21EF
330
21ED
100
AcDbEntity
  8
0
100
AcDbBlockEnd
  0
BLOCK
  5
21FD
330
21FC
100
AcDbEntity
  8
0
100
AcDbBlockBegin
  2
*D125
 70
     1
 10
0.0
 20
0.0
 30
0.0
  3
*D125
  1

  0
LINE
  5
21FF
330
21FC
100
AcDbEntity
  8
0
  6
Continuous
 62
     0
440
 16777216
370
    -2
100
AcDbLine
 10
3949.131632352018
 20
358.7279621092985
 30
0.0
 11
3949.131632352018
 21
374.7143122715699
 31
0.0
  0
LINE
  5
2200
330
21FC
100
AcDbEntity
  8
0
  6
Continuous
 62
     0
440
 16777216
370
    -2
100
AcDbLine
 10
3978.831632352019
 20
358.7279621092985
 30
0.0
 11
3978.831632352019
 21
374.7143122715699
 31
0.0
  0
LINE
  5
2201
330
21FC
100
AcDbEntity
  8
0
  6
Continuous
 62
     0
440
 16777216
370
    -2
100
AcDbLine
 10
3952.631632352018
 20
373.2143122715699
 30
0.0
 11
3975.331632352019
 21
373.2143122715699
 31
0.0
  0
INSERT
  5
2202
330
21FC
100
AcDbEntity
  8
0
  6
Continuous
 62
     0
440
 16777216
370
    -2
100
AcDbBlockReference
  2
_FILLED
 10
3949.131632352018
 20
373.2143122715699
 30
0.0
 41
3.5
 42
3.5
 43
3.5
 50
180.0
  0
INSERT
  5
2203
330
21FC
100
AcDbEntity
  8
0
  6
Continuous
 62
     0
440
 16777216
370
    -2
100
AcDbBlockReference
  2
_FILLED
 10
3978.831632352019
 20
373.2143122715699
 30
0.0
 41
3.5
 42
3.5
 43
3.5
  0
MTEXT
  5
2204
330
21FC
100
AcDbEntity
  8
0
  6
Continuous
 62
     0
440
 16777216
100
AcDbMText
 10
3963.981632352018
 20
376.1726456049032
 30
0.0
 40
3.5
 41
0.0
 46
0.0
 71
     5
 72
     1
  1
\A1;29,7
 73
     1
 44
1.0
  0
POINT
  5
2205
330
21FC
100
AcDbEntity
  8
DEFPOINTS
  6
Continuous
 62
     0
440
 16777216
100
AcDbPoint
 10
3949.131632352018
 20
357.7279621092984
 30
0.0
  0
POINT
  5
2206
330
21FC
100
AcDbEntity
  8
DEFPOINTS
  6
Continuous
 62
     0
440
 16777216
100
AcDbPoint
 10
3978.831632352019
 20
357.7279621092984
 30
0.0
  0
POINT
  5
2207
330
21FC
100
AcDbEntity
  8
DEFPOINTS
  6
Continuous
 62
     0
440
 16777216
100
AcDbPoint
 10
3978.831632352019
 20
373.2143122715699
 30
0.0
  0
ENDBLK
  5
21FE
330
21FC
100
AcDbEntity
  8
0
100
AcDbBlockEnd
  0
BLOCK
  5
2209
330
2208
100
AcDbEntity
  8
0
100
AcDbBlockBegin
  2
*D126
 70
     1
 10
0.0
 20
0.0
 30
0.0
  3
*D126
  1

  0
LINE
  5
220B
330
2208
100
AcDbEntity
  8
0
  6
Continuous
 62
     0
440
 16777216
370
    -2
100
AcDbLine
 10
3954.731632352019
 20
361.7779621092986
 30
0.0
 11
3929.906017892068
 21
361.7779621092986
 31
0.0
  0
LINE
  5
220C
330
2208
100
AcDbEntity
  8
0
  6
Continuous
 62
     0
440
 16777216
370
    -2
100
AcDbLine
 10
3954.731632352019
 20
353.6779621092986
 30
0.0
 11
3929.906017892068
 21
353.6779621092986
 31
0.0
  0
LINE
  5
220D
330
2208
100
AcDbEntity
  8
0
  6
Continuous
 62
     0
440
 16777216
370
    -2
100
AcDbLine
 10
3931.406017892068
 20
365.2779621092987
 30
0.0
 11
3931.406017892068
 21
368.7779621092986
 31
0.0
  0
LINE
  5
220E
330
2208
100
AcDbEntity
  8
0
  6
Continuous
 62
     0
440
 16777216
370
    -2
100
AcDbLine
 10
3931.406017892068
 20
350.1779621092986
 30
0.0
 11
3931.406017892068
 21
346.6779621092986
 31
0.0
  0
INSERT
  5
220F
330
2208
100
AcDbEntity
  8
0
  6
Continuous
 62
     0
440
 16777216
370
    -2
100
AcDbBlockReference
  2
_FILLED
 10
3931.406017892068
 20
361.7779621092986
 30
0.0
 41
3.5
 42
3.5
 43
3.5
 50
270.0
  0
INSERT
  5
2210
330
2208
100
AcDbEntity
  8
0
  6
Continuous
 62
     0
440
 16777216
370
    -2
100
AcDbBlockReference
  2
_FILLED
 10
3931.406017892068
 20
353.6779621092986
 30
0.0
 41
3.5
 42
3.5
 43
3.5
 50
90.0
  0
MTEXT
  5
2211
330
2208
100
AcDbEntity
  8
0
  6
Continuous
 62
     0
440
 16777216
100
AcDbMText
 10
3928.447684558733
 20
357.7279621092975
 30
0.0
 40
3.5
 41
0.0
 46
0.0
 71
     5
 72
     1
  1
\A1;8,1
 11
0.0000000000000001
 21
1.0
 31
0.0
 73
     1
 44
1.0
  0
POINT
  5
2212
330
2208
100
AcDbEntity
  8
DEFPOINTS
  6
Continuous
 62
     0
440
 16777216
100
AcDbPoint
 10
3955.731632352021
 20
361.7779621092986
 30
0.0
  0
POINT
  5
2213
330
2208
100
AcDbEntity
  8
DEFPOINTS
  6
Continuous
 62
     0
440
 16777216
100
AcDbPoint
 10
3955.731632352021
 20
353.6779621092986
 30
0.0
  0
POINT
  5
2214
330
2208
100
AcDbEntity
  8
DEFPOINTS
  6
Continuous
 62
     0
440
 16777216
100
AcDbPoint
 10
3931.406017892068
 20
353.6779621092986
 30
0.0
  0
ENDBLK
  5
220A
330
2208
100
AcDbEntity
  8
0
100
AcDbBlockEnd
  0
BLOCK
  5
2216
330
2215
100
AcDbEntity
  8
0
100
AcDbBlockBegin
  2
*D127
 70
     1
 10
0.0
 20
0.0
 30
0.0
  3
*D127
  1

  0
LINE
  5
2218
330
2215
100
AcDbEntity
  8
0
  6
Continuous
 62
     0
440
 16777216
370
    -2
100
AcDbLine
 10
3997.730993164918
 20
362.7779621092985
 30
0.0
 11
3997.730993164918
 21
374.6716087480001
 31
0.0
  0
LINE
  5
2219
330
2215
100
AcDbEntity
  8
0
  6
Continuous
 62
     0
440
 16777216
370
    -2
100
AcDbLine
 10
3999.230993164918
 20
362.7779621092985
 30
0.0
 11
3999.230993164918
 21
374.6716087480001
 31
0.0
  0
LINE
  5
221A
330
2215
100
AcDbEntity
  8
0
  6
Continuous
 62
     0
440
 16777216
370
    -2
100
AcDbLine
 10
3994.230993164919
 20
373.1716087480001
 30
0.0
 11
3990.730993164919
 21
373.1716087480001
 31
0.0
  0
LINE
  5
221B
330
2215
100
AcDbEntity
  8
0
  6
Continuous
 62
     0
440
 16777216
370
    -2
100
AcDbLine
 10
4002.730993164918
 20
373.1716087480001
 30
0.0
 11
4014.647659831585
 21
373.1716087480001
 31
0.0
  0
INSERT
  5
221C
330
2215
100
AcDbEntity
  8
0
  6
Continuous
 62
     0
440
 16777216
370
    -2
100
AcDbBlockReference
  2
_FILLED
 10
3997.730993164918
 20
373.1716087480001
 30
0.0
 41
3.5
 42
3.5
 43
3.5
  0
INSERT
  5
221D
330
2215
100
AcDbEntity
  8
0
  6
Continuous
 62
     0
440
 16777216
370
    -2
100
AcDbBlockReference
  2
_FILLED
 10
3999.230993164918
 20
373.1716087480001
 30
0.0
 41
3.5
 42
3.5
 43
3.5
 50
180.0
  0
MTEXT
  5
221E
330
2215
100
AcDbEntity
  8
0
  6
Continuous
 62
     0
440
 16777216
100
AcDbMText
 10
4010.439326498252
 20
376.1299420813334
 30
0.0
 40
3.5
 41
0.0
 46
0.0
 71
     5
 72
     1
  1
\A1;1,5
 73
     1
 44
1.0
  0
POINT
  5
221F
330
2215
100
AcDbEntity
  8
DEFPOINTS
  6
Continuous
 62
     0
440
 16777216
100
AcDbPoint
 10
3997.730993164918
 20
361.7779621092986
 30
0.0
  0
POINT
  5
2220
330
2215
100
AcDbEntity
  8
DEFPOINTS
  6
Continuous
 62
     0
440
 16777216
100
AcDbPoint
 10
3999.230993164918
 20
361.7779621092986
 30
0.0
  0
POINT
  5
2221
330
2215
100
AcDbEntity
  8
DEFPOINTS
  6
Continuous
 62
     0
440
 16777216
100
AcDbPoint
 10
3999.230993164918
 20
373.1716087480001
 30
0.0
  0
ENDBLK
  5
2217
330
2215
100
AcDbEntity
  8
0
100
AcDbBlockEnd
  0
BLOCK
  5
2223
330
2222
100
AcDbEntity
  8
0
100
AcDbBlockBegin
  2
*D128
 70
     1
 10
0.0
 20
0.0
 30
0.0
  3
*D128
  1

  0
LINE
  5
2225
330
2222
100
AcDbEntity
  8
0
  6
Continuous
 62
     0
440
 16777216
370
    -2
100
AcDbLine
 10
4062.407230271531
 20
372.0528165500974
 30
0.0
 11
4062.407230271531
 21
383.2985828587173
 31
0.0
  0
LINE
  5
2226
330
2222
100
AcDbEntity
  8
0
  6
Continuous
 62
     0
440
 16777216
370
    -2
100
AcDbLine
 10
4085.80723027153
 20
372.0528165500974
 30
0.0
 11
4085.80723027153
 21
383.2985828587173
 31
0.0
  0
LINE
  5
2227
330
2222
100
AcDbEntity
  8
0
  6
Continuous
 62
     0
440
 16777216
370
    -2
100
AcDbLine
 10
4065.90723027153
 20
381.7985828587173
 30
0.0
 11
4082.30723027153
 21
381.7985828587173
 31
0.0
  0
INSERT
  5
2228
330
2222
100
AcDbEntity
  8
0
  6
Continuous
 62
     0
440
 16777216
370
    -2
100
AcDbBlockReference
  2
_FILLED
 10
4062.407230271531
 20
381.7985828587173
 30
0.0
 41
3.5
 42
3.5
 43
3.5
 50
180.0
  0
INSERT
  5
2229
330
2222
100
AcDbEntity
  8
0
  6
Continuous
 62
     0
440
 16777216
370
    -2
100
AcDbBlockReference
  2
_FILLED
 10
4085.80723027153
 20
381.7985828587173
 30
0.0
 41
3.5
 42
3.5
 43
3.5
  0
MTEXT
  5
222A
330
2222
100
AcDbEntity
  8
0
  6
Continuous
 62
     0
440
 16777216
100
AcDbMText
 10
4074.107230271531
 20
384.7569161920507
 30
0.0
 40
3.5
 41
0.0
 46
0.0
 71
     5
 72
     1
  1
\A1;23,4
 73
     1
 44
1.0
  0
POINT
  5
222B
330
2222
100
AcDbEntity
  8
DEFPOINTS
  6
Continuous
 62
     0
440
 16777216
100
AcDbPoint
 10
4062.407230271531
 20
371.0528165500974
 30
0.0
  0
POINT
  5
222C
330
2222
100
AcDbEntity
  8
DEFPOINTS
  6
Continuous
 62
     0
440
 16777216
100
AcDbPoint
 10
4085.80723027153
 20
371.0528165500974
 30
0.0
  0
POINT
  5
222D
330
2222
100
AcDbEntity
  8
DEFPOINTS
  6
Continuous
 62
     0
440
 16777216
100
AcDbPoint
 10
4085.80723027153
 20
381.7985828587173
 30
0.0
  0
ENDBLK
  5
2224
330
2222
100
AcDbEntity
  8
0
100
AcDbBlockEnd
  0
BLOCK
  5
222F
330
222E
100
AcDbEntity
  8
0
100
AcDbBlockBegin
  2
*D129
 70
     1
 10
0.0
 20
0.0
 30
0.0
  3
*D129
  1

  0
LINE
  5
2231
330
222E
100
AcDbEntity
  8
0
  6
Continuous
 62
     0
440
 16777216
370
    -2
100
AcDbLine
 10
4062.407230271531
 20
372.0528165500975
 30
0.0
 11
4051.234288678894
 21
372.0528165500975
 31
0.0
  0
LINE
  5
2232
330
222E
100
AcDbEntity
  8
0
  6
Continuous
 62
     0
440
 16777216
370
    -2
100
AcDbLine
 10
4062.407230271531
 20
340.6028165500976
 30
0.0
 11
4051.234288678894
 21
340.6028165500976
 31
0.0
  0
LINE
  5
2233
330
222E
100
AcDbEntity
  8
0
  6
Continuous
 62
     0
440
 16777216
370
    -2
100
AcDbLine
 10
4052.734288678894
 20
368.5528165500975
 30
0.0
 11
4052.734288678894
 21
344.1028165500975
 31
0.0
  0
INSERT
  5
2234
330
222E
100
AcDbEntity
  8
0
  6
Continuous
 62
     0
440
 16777216
370
    -2
100
AcDbBlockReference
  2
_FILLED
 10
4052.734288678894
 20
372.0528165500975
 30
0.0
 41
3.5
 42
3.5
 43
3.5
 50
90.0
  0
INSERT
  5
2235
330
222E
100
AcDbEntity
  8
0
  6
Continuous
 62
     0
440
 16777216
370
    -2
100
AcDbBlockReference
  2
_FILLED
 10
4052.734288678894
 20
340.6028165500976
 30
0.0
 41
3.5
 42
3.5
 43
3.5
 50
270.0
  0
MTEXT
  5
2236
330
222E
100
AcDbEntity
  8
0
  6
Continuous
 62
     0
440
 16777216
100
AcDbMText
 10
4049.775955345558
 20
356.3278165500963
 30
0.0
 40
3.5
 41
0.0
 46
0.0
 71
     5
 72
     1
  1
\A1;31,45
 11
0.0000000000000001
 21
1.0
 31
0.0
 73
     1
 44
1.0
  0
POINT
  5
2237
330
222E
100
AcDbEntity
  8
DEFPOINTS
  6
Continuous
 62
     0
440
 16777216
100
AcDbPoint
 10
4063.407230271532
 20
372.0528165500975
 30
0.0
  0
POINT
  5
2238
330
222E
100
AcDbEntity
  8
DEFPOINTS
  6
Continuous
 62
     0
440
 16777216
100
AcDbPoint
 10
4063.407230271532
 20
340.6028165500976
 30
0.0
  0
POINT
  5
2239
330
222E
100
AcDbEntity
  8
DEFPOINTS
  6
Continuous
 62
     0
440
 16777216
100
AcDbPoint
 10
4052.734288678894
 20
340.6028165500976
 30
0.0
  0
ENDBLK
  5
2230
330
222E
100
AcDbEntity
  8
0
100
AcDbBlockEnd
  0
BLOCK
  5
223B
330
223A
100
AcDbEntity
  8
0
100
AcDbBlockBegin
  2
*D130
 70
     1
 10
0.0
 20
0.0
 30
0.0
  3
*D130
  1

  0
LINE
  5
223D
330
223A
100
AcDbEntity
  8
0
  6
Continuous
 62
     0
440
 16777216
370
    -2
100
AcDbLine
 10
4109.024521869731
 20
373.0528165500974
 30
0.0
 11
4109.024521869731
 21
377.669225668292
 31
0.0
  0
LINE
  5
223E
330
223A
100
AcDbEntity
  8
0
  6
Continuous
 62
     0
440
 16777216
370
    -2
100
AcDbLine
 10
4110.024521869731
 20
373.0528165500974
 30
0.0
 11
4110.024521869731
 21
377.669225668292
 31
0.0
  0
LINE
  5
223F
330
223A
100
AcDbEntity
  8
0
  6
Continuous
 62
     0
440
 16777216
370
    -2
100
AcDbLine
 10
4105.524521869731
 20
376.169225668292
 30
0.0
 11
4102.024521869731
 21
376.169225668292
 31
0.0
  0
LINE
  5
2240
330
223A
100
AcDbEntity
  8
0
  6
Continuous
 62
     0
440
 16777216
370
    -2
100
AcDbLine
 10
4113.524521869731
 20
376.169225668292
 30
0.0
 11
4119.607855203064
 21
376.169225668292
 31
0.0
  0
INSERT
  5
2241
330
223A
100
AcDbEntity
  8
0
  6
Continuous
 62
     0
440
 16777216
370
    -2
100
AcDbBlockReference
  2
_FILLED
 10
4109.024521869731
 20
376.169225668292
 30
0.0
 41
3.5
 42
3.5
 43
3.5
  0
INSERT
  5
2242
330
223A
100
AcDbEntity
  8
0
  6
Continuous
 62
     0
440
 16777216
370
    -2
100
AcDbBlockReference
  2
_FILLED
 10
4110.024521869731
 20
376.169225668292
 30
0.0
 41
3.5
 42
3.5
 43
3.5
 50
180.0
  0
MTEXT
  5
2243
330
223A
100
AcDbEntity
  8
0
  6
Continuous
 62
     0
440
 16777216
100
AcDbMText
 10
4118.316188536398
 20
378.794225668292
 30
0.0
 40
3.5
 41
0.0
 46
0.0
 71
     5
 72
     1
  1
\A1;1
 73
     1
 44
1.0
  0
POINT
  5
2244
330
223A
100
AcDbEntity
  8
DEFPOINTS
  6
Continuous
 62
     0
440
 16777216
100
AcDbPoint
 10
4109.024521869731
 20
372.0528165500974
 30
0.0
  0
POINT
  5
2245
330
223A
100
AcDbEntity
  8
DEFPOINTS
  6
Continuous
 62
     0
440
 16777216
100
AcDbPoint
 10
4110.024521869731
 20
372.0528165500974
 30
0.0
  0
POINT
  5
2246
330
223A
100
AcDbEntity
  8
DEFPOINTS
  6
Continuous
 62
     0
440
 16777216
100
AcDbPoint
 10
4110.024521869731
 20
376.169225668292
 30
0.0
  0
ENDBLK
  5
223C
330
223A
100
AcDbEntity
  8
0
100
AcDbBlockEnd
  0
BLOCK
  5
22A4
330
22A3
100
AcDbEntity
  8
0
100
AcDbBlockBegin
  2
*U131
 70
     1
 10
0.0
 20
0.0
 30
0.0
  3
*U131
  1

  0
LINE
  5
22A5
330
22A3
100
AcDbEntity
  8
0
  6
CENTER2
 62
     0
440
 16777216
100
AcDbLine
 10
17.49999999999954
 20
0.0
 30
0.0
 11
-17.49999999999954
 21
0.0
 31
0.0
  0
ENDBLK
  5
22A6
330
22A3
100
AcDbEntity
  8
0
100
AcDbBlockEnd
  0
BLOCK
  5
22A8
330
22A7
100
AcDbEntity
  8
0
100
AcDbBlockBegin
  2
*U132
 70
     1
 10
0.0
 20
0.0
 30
0.0
  3
*U132
  1

  0
LINE
  5
22A9
330
22A7
100
AcDbEntity
  8
0
  6
CENTER2
 62
     0
440
 16777216
100
AcDbLine
 10
0.0
 20
16.7141181453228
 30
0.0
 11
0.0
 21
-6.574999999999931
 31
0.0
  0
ENDBLK
  5
22AA
330
22A7
100
AcDbEntity
  8
0
100
AcDbBlockEnd
  0
BLOCK
  5
22B0
330
22AF
100
AcDbEntity
  8
0
100
AcDbBlockBegin
  2
*U133
 70
     1
 10
0.0
 20
0.0
 30
0.0
  3
*U133
  1

  0
LINE
  5
22B1
330
22AF
100
AcDbEntity
  8
0
  6
Continuous
 62
     0
440
 16777216
100
AcDbLine
 10
-0.05
 20
0.0
 30
0.0
 11
0.05
 21
0.0
 31
0.0
  0
LINE
  5
22B2
330
22AF
100
AcDbEntity
  8
0
  6
Continuous
 62
     0
440
 16777216
100
AcDbLine
 10
0.0
 20
-0.05
 30
0.0
 11
0.0
 21
0.05
 31
0.0
  0
LINE
  5
22B3
330
22AF
100
AcDbEntity
  8
0
  6
CENTER2
 62
     0
440
 16777216
100
AcDbLine
 10
-4.0
 20
0.0
 30
0.0
 11
-0.1000000000000001
 21
0.0
 31
0.0
  0
LINE
  5
22B4
330
22AF
100
AcDbEntity
  8
0
  6
CENTER2
 62
     0
440
 16777216
100
AcDbLine
 10
0.1
 20
0.0
 30
0.0
 11
4.0
 21
0.0
 31
0.0
  0
LINE
  5
22B5
330
22AF
100
AcDbEntity
  8
0
  6
CENTER2
 62
     0
440
 16777216
100
AcDbLine
 10
0.0
 20
-4.0
 30
0.0
 11
0.0
 21
-0.1000000000000001
 31
0.0
  0
LINE
  5
22B6
330
22AF
100
AcDbEntity
  8
0
  6
CENTER2
 62
     0
440
 16777216
100
AcDbLine
 10
0.0
 20
0.1
 30
0.0
 11
0.0
 21
4.0
 31
0.0
  0
ENDBLK
  5
22B7
330
22AF
100
AcDbEntity
  8
0
100
AcDbBlockEnd
  0
BLOCK
  5
22BD
330
22BC
100
AcDbEntity
  8
0
100
AcDbBlockBegin
  2
*U134
 70
     1
 10
0.0
 20
0.0
 30
0.0
  3
*U134
  1

  0
LINE
  5
22BE
330
22BC
100
AcDbEntity
  8
0
  6
Continuous
 62
     0
440
 16777216
100
AcDbLine
 10
-0.05
 20
0.0
 30
0.0
 11
0.05
 21
0.0
 31
0.0
  0
LINE
  5
22BF
330
22BC
100
AcDbEntity
  8
0
  6
Continuous
 62
     0
440
 16777216
100
AcDbLine
 10
0.0
 20
-0.05
 30
0.0
 11
0.0
 21
0.05
 31
0.0
  0
LINE
  5
22C0
330
22BC
100
AcDbEntity
  8
0
  6
CENTER2
 62
     0
440
 16777216
100
AcDbLine
 10
-4.0
 20
0.0
 30
0.0
 11
-0.1000000000000001
 21
0.0
 31
0.0
  0
LINE
  5
22C1
330
22BC
100
AcDbEntity
  8
0
  6
CENTER2
 62
     0
440
 16777216
100
AcDbLine
 10
0.1
 20
0.0
 30
0.0
 11
4.0
 21
0.0
 31
0.0
  0
LINE
  5
22C2
330
22BC
100
AcDbEntity
  8
0
  6
CENTER2
 62
     0
440
 16777216
100
AcDbLine
 10
0.0
 20
-4.0
 30
0.0
 11
0.0
 21
-0.1000000000000001
 31
0.0
  0
LINE
  5
22C3
330
22BC
100
AcDbEntity
  8
0
  6
CENTER2
 62
     0
440
 16777216
100
AcDbLine
 10
0.0
 20
0.1
 30
0.0
 11
0.0
 21
4.0
 31
0.0
  0
ENDBLK
  5
22C4
330
22BC
100
AcDbEntity
  8
0
100
AcDbBlockEnd
  0
BLOCK
  5
22C8
330
22C7
100
AcDbEntity
  8
0
100
AcDbBlockBegin
  2
*D135
 70
     1
 10
0.0
 20
0.0
 30
0.0
  3
*D135
  1

  0
LINE
  5
22CA
330
22C7
100
AcDbEntity
  8
0
  6
Continuous
 62
     0
440
 16777216
370
    -2
100
AcDbLine
 10
4071.985990145704
 20
368.9421933853918
 30
0.0
 11
4055.948731531472
 21
368.9421933853918
 31
0.0
  0
LINE
  5
22CB
330
22C7
100
AcDbEntity
  8
0
  6
Continuous
 62
     0
440
 16777216
370
    -2
100
AcDbLine
 10
4071.985990145704
 20
351.3421933853916
 30
0.0
 11
4055.948731531472
 21
351.3421933853916
 31
0.0
  0
LINE
  5
22CC
330
22C7
100
AcDbEntity
  8
0
  6
Continuous
 62
     0
440
 16777216
370
    -2
100
AcDbLine
 10
4057.448731531472
 20
365.4421933853918
 30
0.0
 11
4057.448731531472
 21
354.8421933853916
 31
0.0
  0
INSERT
  5
22CD
330
22C7
100
AcDbEntity
  8
0
  6
Continuous
 62
     0
440
 16777216
370
    -2
100
AcDbBlockReference
  2
_FILLED
 10
4057.448731531472
 20
368.9421933853918
 30
0.0
 41
3.5
 42
3.5
 43
3.5
 50
90.0
  0
INSERT
  5
22CE
330
22C7
100
AcDbEntity
  8
0
  6
Continuous
 62
     0
440
 16777216
370
    -2
100
AcDbBlockReference
  2
_FILLED
 10
4057.448731531472
 20
351.3421933853916
 30
0.0
 41
3.5
 42
3.5
 43
3.5
 50
270.0
  0
MTEXT
  5
22CF
330
22C7
100
AcDbEntity
  8
0
  6
Continuous
 62
     0
440
 16777216
100
AcDbMText
 10
4054.490398198137
 20
360.1421933853905
 30
0.0
 40
3.5
 41
0.0
 46
0.0
 71
     5
 72
     1
  1
\A1;17,6
 11
0.0000000000000001
 21
1.0
 31
0.0
 73
     1
 44
1.0
  0
POINT
  5
22D0
330
22C7
100
AcDbEntity
  8
DEFPOINTS
  6
Continuous
 62
     0
440
 16777216
100
AcDbPoint
 10
4072.985990145704
 20
368.9421933853918
 30
0.0
  0
POINT
  5
22D1
330
22C7
100
AcDbEntity
  8
DEFPOINTS
  6
Continuous
 62
     0
440
 16777216
100
AcDbPoint
 10
4072.985990145704
 20
351.3421933853916
 30
0.0
  0
POINT
  5
22D2
330
22C7
100
AcDbEntity
  8
DEFPOINTS
  6
Continuous
 62
     0
440
 16777216
100
AcDbPoint
 10
4057.448731531472
 20
351.3421933853916
 30
0.0
  0
ENDBLK
  5
22C9
330
22C7
100
AcDbEntity
  8
0
100
AcDbBlockEnd
  0
BLOCK
  5
22D4
330
22D3
100
AcDbEntity
  8
0
100
AcDbBlockBegin
  2
*D136
 70
     1
 10
0.0
 20
0.0
 30
0.0
  3
*D136
  1

  0
LINE
  5
22D6
330
22D3
100
AcDbEntity
  8
0
  6
Continuous
 62
     0
440
 16777216
370
    -2
100
AcDbLine
 10
4071.985990145702
 20
368.9421933853918
 30
0.0
 11
4071.985990145702
 21
382.7109825823111
 31
0.0
  0
LINE
  5
22D7
330
22D3
100
AcDbEntity
  8
0
  6
Continuous
 62
     0
440
 16777216
370
    -2
100
AcDbLine
 10
4101.985990145702
 20
368.9421933853918
 30
0.0
 11
4101.985990145702
 21
382.7109825823111
 31
0.0
  0
LINE
  5
22D8
330
22D3
100
AcDbEntity
  8
0
  6
Continuous
 62
     0
440
 16777216
370
    -2
100
AcDbLine
 10
4075.485990145702
 20
381.2109825823111
 30
0.0
 11
4098.485990145702
 21
381.2109825823111
 31
0.0
  0
INSERT
  5
22D9
330
22D3
100
AcDbEntity
  8
0
  6
Continuous
 62
     0
440
 16777216
370
    -2
100
AcDbBlockReference
  2
_FILLED
 10
4071.985990145702
 20
381.2109825823111
 30
0.0
 41
3.5
 42
3.5
 43
3.5
 50
180.0
  0
INSERT
  5
22DA
330
22D3
100
AcDbEntity
  8
0
  6
Continuous
 62
     0
440
 16777216
370
    -2
100
AcDbBlockReference
  2
_FILLED
 10
4101.985990145702
 20
381.2109825823111
 30
0.0
 41
3.5
 42
3.5
 43
3.5
  0
MTEXT
  5
22DB
330
22D3
100
AcDbEntity
  8
0
  6
Continuous
 62
     0
440
 16777216
100
AcDbMText
 10
4086.985990145701
 20
383.8359825823111
 30
0.0
 40
3.5
 41
0.0
 46
0.0
 71
     5
 72
     1
  1
\A1;30
 73
     1
 44
1.0
  0
POINT
  5
22DC
330
22D3
100
AcDbEntity
  8
DEFPOINTS
  6
Continuous
 62
     0
440
 16777216
100
AcDbPoint
 10
4071.985990145702
 20
367.9421933853918
 30
0.0
  0
POINT
  5
22DD
330
22D3
100
AcDbEntity
  8
DEFPOINTS
  6
Continuous
 62
     0
440
 16777216
100
AcDbPoint
 10
4101.985990145702
 20
367.9421933853918
 30
0.0
  0
POINT
  5
22DE
330
22D3
100
AcDbEntity
  8
DEFPOINTS
  6
Continuous
 62
     0
440
 16777216
100
AcDbPoint
 10
4101.985990145702
 20
381.2109825823111
 30
0.0
  0
ENDBLK
  5
22D5
330
22D3
100
AcDbEntity
  8
0
100
AcDbBlockEnd
  0
BLOCK
  5
22E0
330
22DF
100
AcDbEntity
  8
0
100
AcDbBlockBegin
  2
*D137
 70
     1
 10
0.0
 20
0.0
 30
0.0
  3
*D137
  1

  0
LINE
  5
22E2
330
22DF
100
AcDbEntity
  8
0
  6
Continuous
 62
     0
440
 16777216
370
    -2
100
AcDbLine
 10
4125.863968098101
 20
369.9421933853918
 30
0.0
 11
4125.863968098101
 21
374.575464400152
 31
0.0
  0
LINE
  5
22E3
330
22DF
100
AcDbEntity
  8
0
  6
Continuous
 62
     0
440
 16777216
370
    -2
100
AcDbLine
 10
4127.363968098101
 20
369.9421933853918
 30
0.0
 11
4127.363968098101
 21
374.575464400152
 31
0.0
  0
LINE
  5
22E4
330
22DF
100
AcDbEntity
  8
0
  6
Continuous
 62
     0
440
 16777216
370
    -2
100
AcDbLine
 10
4122.363968098102
 20
373.075464400152
 30
0.0
 11
4118.863968098101
 21
373.075464400152
 31
0.0
  0
LINE
  5
22E5
330
22DF
100
AcDbEntity
  8
0
  6
Continuous
 62
     0
440
 16777216
370
    -2
100
AcDbLine
 10
4130.863968098101
 20
373.075464400152
 30
0.0
 11
4142.780634764767
 21
373.075464400152
 31
0.0
  0
INSERT
  5
22E6
330
22DF
100
AcDbEntity
  8
0
  6
Continuous
 62
     0
440
 16777216
370
    -2
100
AcDbBlockReference
  2
_FILLED
 10
4125.863968098101
 20
373.075464400152
 30
0.0
 41
3.5
 42
3.5
 43
3.5
  0
INSERT
  5
22E7
330
22DF
100
AcDbEntity
  8
0
  6
Continuous
 62
     0
440
 16777216
370
    -2
100
AcDbBlockReference
  2
_FILLED
 10
4127.363968098101
 20
373.075464400152
 30
0.0
 41
3.5
 42
3.5
 43
3.5
 50
180.0
  0
MTEXT
  5
22E8
330
22DF
100
AcDbEntity
  8
0
  6
Continuous
 62
     0
440
 16777216
100
AcDbMText
 10
4138.572301431433
 20
376.0337977334854
 30
0.0
 40
3.5
 41
0.0
 46
0.0
 71
     5
 72
     1
  1
\A1;1,5
 73
     1
 44
1.0
  0
POINT
  5
22E9
330
22DF
100
AcDbEntity
  8
DEFPOINTS
  6
Continuous
 62
     0
440
 16777216
100
AcDbPoint
 10
4125.863968098101
 20
368.9421933853918
 30
0.0
  0
POINT
  5
22EA
330
22DF
100
AcDbEntity
  8
DEFPOINTS
  6
Continuous
 62
     0
440
 16777216
100
AcDbPoint
 10
4127.363968098101
 20
368.9421933853918
 30
0.0
  0
POINT
  5
22EB
330
22DF
100
AcDbEntity
  8
DEFPOINTS
  6
Continuous
 62
     0
440
 16777216
100
AcDbPoint
 10
4127.363968098101
 20
373.075464400152
 30
0.0
  0
ENDBLK
  5
22E1
330
22DF
100
AcDbEntity
  8
0
100
AcDbBlockEnd
  0
BLOCK
  5
23EE
330
23ED
100
AcDbEntity
  8
0
100
AcDbBlockBegin
  2
*U138
 70
     1
 10
0.0
 20
0.0
 30
0.0
  3
*U138
  1

  0
LINE
  5
23EF
330
23ED
100
AcDbEntity
  8
0
  6
Continuous
 62
     0
440
 16777216
100
AcDbLine
 10
-0.05
 20
0.0
 30
0.0
 11
0.05
 21
0.0
 31
0.0
  0
LINE
  5
23F0
330
23ED
100
AcDbEntity
  8
0
  6
Continuous
 62
     0
440
 16777216
100
AcDbLine
 10
0.0
 20
-0.05
 30
0.0
 11
0.0
 21
0.05
 31
0.0
  0
LINE
  5
23F1
330
23ED
100
AcDbEntity
  8
0
  6
CENTER2
 62
     0
440
 16777216
100
AcDbLine
 10
-4.0
 20
0.0
 30
0.0
 11
-0.1000000000000001
 21
0.0
 31
0.0
  0
LINE
  5
23F2
330
23ED
100
AcDbEntity
  8
0
  6
CENTER2
 62
     0
440
 16777216
100
AcDbLine
 10
0.1
 20
0.0
 30
0.0
 11
4.0
 21
0.0
 31
0.0
  0
LINE
  5
23F3
330
23ED
100
AcDbEntity
  8
0
  6
CENTER2
 62
     0
440
 16777216
100
AcDbLine
 10
0.0
 20
-4.0
 30
0.0
 11
0.0
 21
-0.1000000000000001
 31
0.0
  0
LINE
  5
23F4
330
23ED
100
AcDbEntity
  8
0
  6
CENTER2
 62
     0
440
 16777216
100
AcDbLine
 10
0.0
 20
0.1
 30
0.0
 11
0.0
 21
4.0
 31
0.0
  0
ENDBLK
  5
23F5
330
23ED
100
AcDbEntity
  8
0
100
AcDbBlockEnd
  0
BLOCK
  5
23FE
330
23FD
100
AcDbEntity
  8
0
100
AcDbBlockBegin
  2
*U139
 70
     1
 10
0.0
 20
0.0
 30
0.0
  3
*U139
  1

  0
LINE
  5
23FF
330
23FD
100
AcDbEntity
  8
0
  6
CENTER2
 62
     0
440
 16777216
100
AcDbLine
 10
-19.39098272216006
 20
0.0
 30
0.0
 11
19.21925490084186
 21
0.0
 31
0.0
  0
ENDBLK
  5
2400
330
23FD
100
AcDbEntity
  8
0
100
AcDbBlockEnd
  0
BLOCK
  5
2402
330
2401
100
AcDbEntity
  8
0
100
AcDbBlockBegin
  2
*U140
 70
     1
 10
0.0
 20
0.0
 30
0.0
  3
*U140
  1

  0
LINE
  5
2403
330
2401
100
AcDbEntity
  8
0
  6
CENTER2
 62
     0
440
 16777216
100
AcDbLine
 10
-14.20000000000027
 20
0.0
 30
0.0
 11
14.20000000000027
 21
0.0
 31
0.0
  0
ENDBLK
  5
2404
330
2401
100
AcDbEntity
  8
0
100
AcDbBlockEnd
  0
BLOCK
  5
240D
330
240C
100
AcDbEntity
  8
0
100
AcDbBlockBegin
  2
*U141
 70
     1
 10
0.0
 20
0.0
 30
0.0
  3
*U141
  1

  0
LINE
  5
240E
330
240C
100
AcDbEntity
  8
0
  6
CENTER2
 62
     0
440
 16777216
100
AcDbLine
 10
0.0
 20
-21.31645275076386
 30
0.0
 11
0.0
 21
23.24125132119576
 31
0.0
  0
ENDBLK
  5
240F
330
240C
100
AcDbEntity
  8
0
100
AcDbBlockEnd
  0
BLOCK
  5
2415
330
2414
100
AcDbEntity
  8
0
100
AcDbBlockBegin
  2
*U142
 70
     1
 10
0.0
 20
0.0
 30
0.0
  3
*U142
  1

  0
LINE
  5
2416
330
2414
100
AcDbEntity
  8
0
  6
Continuous
 62
     0
440
 16777216
100
AcDbLine
 10
-0.05
 20
0.0
 30
0.0
 11
0.05
 21
0.0
 31
0.0
  0
LINE
  5
2417
330
2414
100
AcDbEntity
  8
0
  6
Continuous
 62
     0
440
 16777216
100
AcDbLine
 10
0.0
 20
-0.05
 30
0.0
 11
0.0
 21
0.05
 31
0.0
  0
LINE
  5
2418
330
2414
100
AcDbEntity
  8
0
  6
CENTER2
 62
     0
440
 16777216
100
AcDbLine
 10
-4.0
 20
0.0
 30
0.0
 11
-0.1000000000000001
 21
0.0
 31
0.0
  0
LINE
  5
2419
330
2414
100
AcDbEntity
  8
0
  6
CENTER2
 62
     0
440
 16777216
100
AcDbLine
 10
0.1
 20
0.0
 30
0.0
 11
4.0
 21
0.0
 31
0.0
  0
LINE
  5
241A
330
2414
100
AcDbEntity
  8
0
  6
CENTER2
 62
     0
440
 16777216
100
AcDbLine
 10
0.0
 20
-4.0
 30
0.0
 11
0.0
 21
-0.1000000000000001
 31
0.0
  0
LINE
  5
241B
330
2414
100
AcDbEntity
  8
0
  6
CENTER2
 62
     0
440
 16777216
100
AcDbLine
 10
0.0
 20
0.1
 30
0.0
 11
0.0
 21
4.0
 31
0.0
  0
ENDBLK
  5
241C
330
2414
100
AcDbEntity
  8
0
100
AcDbBlockEnd
  0
BLOCK
  5
2423
330
2422
100
AcDbEntity
  8
0
100
AcDbBlockBegin
  2
*U143
 70
     1
 10
0.0
 20
0.0
 30
0.0
  3
*U143
  1

  0
LINE
  5
2424
330
2422
100
AcDbEntity
  8
0
  6
CENTER2
 62
     0
440
 16777216
100
AcDbLine
 10
-19.39098272216006
 20
0.0
 30
0.0
 11
19.21925490084186
 21
0.0
 31
0.0
  0
ENDBLK
  5
2425
330
2422
100
AcDbEntity
  8
0
100
AcDbBlockEnd
  0
BLOCK
  5
242B
330
242A
100
AcDbEntity
  8
0
100
AcDbBlockBegin
  2
*U144
 70
     1
 10
0.0
 20
0.0
 30
0.0
  3
*U144
  1

  0
LINE
  5
242C
330
242A
100
AcDbEntity
  8
0
  6
Continuous
 62
     0
440
 16777216
100
AcDbLine
 10
-0.05
 20
0.0
 30
0.0
 11
0.05
 21
0.0
 31
0.0
  0
LINE
  5
242D
330
242A
100
AcDbEntity
  8
0
  6
Continuous
 62
     0
440
 16777216
100
AcDbLine
 10
0.0
 20
-0.05
 30
0.0
 11
0.0
 21
0.05
 31
0.0
  0
LINE
  5
242E
330
242A
100
AcDbEntity
  8
0
  6
CENTER2
 62
     0
440
 16777216
100
AcDbLine
 10
-4.0
 20
0.0
 30
0.0
 11
-0.1000000000000001
 21
0.0
 31
0.0
  0
LINE
  5
242F
330
242A
100
AcDbEntity
  8
0
  6
CENTER2
 62
     0
440
 16777216
100
AcDbLine
 10
0.1
 20
0.0
 30
0.0
 11
4.0
 21
0.0
 31
0.0
  0
LINE
  5
2430
330
242A
100
AcDbEntity
  8
0
  6
CENTER2
 62
     0
440
 16777216
100
AcDbLine
 10
0.0
 20
-4.0
 30
0.0
 11
0.0
 21
-0.1000000000000001
 31
0.0
  0
LINE
  5
2431
330
242A
100
AcDbEntity
  8
0
  6
CENTER2
 62
     0
440
 16777216
100
AcDbLine
 10
0.0
 20
0.1
 30
0.0
 11
0.0
 21
4.0
 31
0.0
  0
ENDBLK
  5
2432
330
242A
100
AcDbEntity
  8
0
100
AcDbBlockEnd
  0
BLOCK
  5
2439
330
2438
100
AcDbEntity
  8
0
100
AcDbBlockBegin
  2
*U145
 70
     1
 10
0.0
 20
0.0
 30
0.0
  3
*U145
  1

  0
LINE
  5
243A
330
2438
100
AcDbEntity
  8
0
  6
CENTER2
 62
     0
440
 16777216
100
AcDbLine
 10
-19.39098272216006
 20
0.0
 30
0.0
 11
19.21925490084186
 21
0.0
 31
0.0
  0
ENDBLK
  5
243B
330
2438
100
AcDbEntity
  8
0
100
AcDbBlockEnd
  0
BLOCK
  5
2441
330
2440
100
AcDbEntity
  8
0
100
AcDbBlockBegin
  2
*U146
 70
     1
 10
0.0
 20
0.0
 30
0.0
  3
*U146
  1

  0
LINE
  5
2442
330
2440
100
AcDbEntity
  8
0
  6
Continuous
 62
     0
440
 16777216
100
AcDbLine
 10
-0.05
 20
0.0
 30
0.0
 11
0.05
 21
0.0
 31
0.0
  0
LINE
  5
2443
330
2440
100
AcDbEntity
  8
0
  6
Continuous
 62
     0
440
 16777216
100
AcDbLine
 10
0.0
 20
-0.05
 30
0.0
 11
0.0
 21
0.05
 31
0.0
  0
LINE
  5
2444
330
2440
100
AcDbEntity
  8
0
  6
CENTER2
 62
     0
440
 16777216
100
AcDbLine
 10
-4.0
 20
0.0
 30
0.0
 11
-0.1000000000000001
 21
0.0
 31
0.0
  0
LINE
  5
2445
330
2440
100
AcDbEntity
  8
0
  6
CENTER2
 62
     0
440
 16777216
100
AcDbLine
 10
0.1
 20
0.0
 30
0.0
 11
4.0
 21
0.0
 31
0.0
  0
LINE
  5
2446
330
2440
100
AcDbEntity
  8
0
  6
CENTER2
 62
     0
440
 16777216
100
AcDbLine
 10
0.0
 20
-4.0
 30
0.0
 11
0.0
 21
-0.1000000000000001
 31
0.0
  0
LINE
  5
2447
330
2440
100
AcDbEntity
  8
0
  6
CENTER2
 62
     0
440
 16777216
100
AcDbLine
 10
0.0
 20
0.1
 30
0.0
 11
0.0
 21
4.0
 31
0.0
  0
ENDBLK
  5
2448
330
2440
100
AcDbEntity
  8
0
100
AcDbBlockEnd
  0
BLOCK
  5
244F
330
244E
100
AcDbEntity
  8
0
100
AcDbBlockBegin
  2
*U147
 70
     1
 10
0.0
 20
0.0
 30
0.0
  3
*U147
  1

  0
LINE
  5
2450
330
244E
100
AcDbEntity
  8
0
  6
CENTER2
 62
     0
440
 16777216
100
AcDbLine
 10
-19.39098272216006
 20
0.0
 30
0.0
 11
19.21925490084186
 21
0.0
 31
0.0
  0
ENDBLK
  5
2451
330
244E
100
AcDbEntity
  8
0
100
AcDbBlockEnd
  0
BLOCK
  5
2460
330
245F
100
AcDbEntity
  8
0
100
AcDbBlockBegin
  2
*D148
 70
     1
 10
0.0
 20
0.0
 30
0.0
  3
*D148
  1

  0
LINE
  5
2683
330
245F
100
AcDbEntity
  8
0
  6
Continuous
 62
     0
440
 16777216
370
    -2
100
AcDbLine
 10
3794.65963990092
 20
273.6420036211832
 30
0.0
 11
3794.65963990092
 21
284.8877699298032
 31
0.0
  0
LINE
  5
2684
330
245F
100
AcDbEntity
  8
0
  6
Continuous
 62
     0
440
 16777216
370
    -2
100
AcDbLine
 10
3818.059639900921
 20
273.6420036211832
 30
0.0
 11
3818.059639900921
 21
284.8877699298032
 31
0.0
  0
LINE
  5
2685
330
245F
100
AcDbEntity
  8
0
  6
Continuous
 62
     0
440
 16777216
370
    -2
100
AcDbLine
 10
3798.159639900921
 20
283.3877699298032
 30
0.0
 11
3814.559639900921
 21
283.3877699298032
 31
0.0
  0
INSERT
  5
2686
330
245F
100
AcDbEntity
  8
0
  6
Continuous
 62
     0
440
 16777216
370
    -2
100
AcDbBlockReference
  2
_FILLED
 10
3794.65963990092
 20
283.3877699298032
 30
0.0
 41
3.5
 42
3.5
 43
3.5
 50
180.0
  0
INSERT
  5
2687
330
245F
100
AcDbEntity
  8
0
  6
Continuous
 62
     0
440
 16777216
370
    -2
100
AcDbBlockReference
  2
_FILLED
 10
3818.059639900921
 20
283.3877699298032
 30
0.0
 41
3.5
 42
3.5
 43
3.5
  0
MTEXT
  5
2688
330
245F
100
AcDbEntity
  8
0
  6
Continuous
 62
     0
440
 16777216
100
AcDbMText
 10
3806.359639900921
 20
286.3461032631365
 30
0.0
 40
3.5
 41
0.0
 46
0.0
 71
     5
 72
     1
  1
\A1;23,4
 73
     1
 44
1.0
  0
POINT
  5
2689
330
245F
100
AcDbEntity
  8
DEFPOINTS
  6
Continuous
 62
     0
440
 16777216
100
AcDbPoint
 10
3794.65963990092
 20
272.6420036211832
 30
0.0
  0
POINT
  5
268A
330
245F
100
AcDbEntity
  8
DEFPOINTS
  6
Continuous
 62
     0
440
 16777216
100
AcDbPoint
 10
3818.059639900921
 20
272.6420036211832
 30
0.0
  0
POINT
  5
268B
330
245F
100
AcDbEntity
  8
DEFPOINTS
  6
Continuous
 62
     0
440
 16777216
100
AcDbPoint
 10
3818.059639900921
 20
283.3877699298032
 30
0.0
  0
ENDBLK
  5
2461
330
245F
100
AcDbEntity
  8
0
100
AcDbBlockEnd
  0
BLOCK
  5
246C
330
246B
100
AcDbEntity
  8
0
100
AcDbBlockBegin
  2
*D149
 70
     1
 10
0.0
 20
0.0
 30
0.0
  3
*D149
  1

  0
LINE
  5
268C
330
246B
100
AcDbEntity
  8
0
  6
Continuous
 62
     0
440
 16777216
370
    -2
100
AcDbLine
 10
3794.659639900923
 20
273.6420036211833
 30
0.0
 11
3783.486698308286
 21
273.6420036211833
 31
0.0
  0
LINE
  5
268D
330
246B
100
AcDbEntity
  8
0
  6
Continuous
 62
     0
440
 16777216
370
    -2
100
AcDbLine
 10
3794.659639900923
 20
242.1920036211834
 30
0.0
 11
3783.486698308286
 21
242.1920036211834
 31
0.0
  0
LINE
  5
268E
330
246B
100
AcDbEntity
  8
0
  6
Continuous
 62
     0
440
 16777216
370
    -2
100
AcDbLine
 10
3784.986698308286
 20
270.1420036211833
 30
0.0
 11
3784.986698308286
 21
245.6920036211833
 31
0.0
  0
INSERT
  5
268F
330
246B
100
AcDbEntity
  8
0
  6
Continuous
 62
     0
440
 16777216
370
    -2
100
AcDbBlockReference
  2
_FILLED
 10
3784.986698308286
 20
273.6420036211833
 30
0.0
 41
3.5
 42
3.5
 43
3.5
 50
90.0
  0
INSERT
  5
2690
330
246B
100
AcDbEntity
  8
0
  6
Continuous
 62
     0
440
 16777216
370
    -2
100
AcDbBlockReference
  2
_FILLED
 10
3784.986698308286
 20
242.1920036211834
 30
0.0
 41
3.5
 42
3.5
 43
3.5
 50
270.0
  0
MTEXT
  5
2691
330
246B
100
AcDbEntity
  8
0
  6
Continuous
 62
     0
440
 16777216
100
AcDbMText
 10
3782.028364974952
 20
257.9170036211822
 30
0.0
 40
3.5
 41
0.0
 46
0.0
 71
     5
 72
     1
  1
\A1;31,45
 11
0.0000000000000001
 21
1.0
 31
0.0
 73
     1
 44
1.0
  0
POINT
  5
2692
330
246B
100
AcDbEntity
  8
DEFPOINTS
  6
Continuous
 62
     0
440
 16777216
100
AcDbPoint
 10
3795.659639900922
 20
273.6420036211833
 30
0.0
  0
POINT
  5
2693
330
246B
100
AcDbEntity
  8
DEFPOINTS
  6
Continuous
 62
     0
440
 16777216
100
AcDbPoint
 10
3795.659639900922
 20
242.1920036211834
 30
0.0
  0
POINT
  5
2694
330
246B
100
AcDbEntity
  8
DEFPOINTS
  6
Continuous
 62
     0
440
 16777216
100
AcDbPoint
 10
3784.986698308286
 20
242.1920036211834
 30
0.0
  0
ENDBLK
  5
246D
330
246B
100
AcDbEntity
  8
0
100
AcDbBlockEnd
  0
BLOCK
  5
2478
330
2477
100
AcDbEntity
  8
0
100
AcDbBlockBegin
  2
*D150
 70
     1
 10
0.0
 20
0.0
 30
0.0
  3
*D150
  1

  0
LINE
  5
2695
330
2477
100
AcDbEntity
  8
0
  6
Continuous
 62
     0
440
 16777216
370
    -2
100
AcDbLine
 10
3841.276931499121
 20
274.6420036211832
 30
0.0
 11
3841.276931499121
 21
279.2584127393779
 31
0.0
  0
LINE
  5
2696
330
2477
100
AcDbEntity
  8
0
  6
Continuous
 62
     0
440
 16777216
370
    -2
100
AcDbLine
 10
3842.276931499121
 20
274.6420036211832
 30
0.0
 11
3842.276931499121
 21
279.2584127393779
 31
0.0
  0
LINE
  5
2697
330
2477
100
AcDbEntity
  8
0
  6
Continuous
 62
     0
440
 16777216
370
    -2
100
AcDbLine
 10
3837.776931499121
 20
277.7584127393779
 30
0.0
 11
3834.276931499121
 21
277.7584127393779
 31
0.0
  0
LINE
  5
2698
330
2477
100
AcDbEntity
  8
0
  6
Continuous
 62
     0
440
 16777216
370
    -2
100
AcDbLine
 10
3845.77693149912
 20
277.7584127393779
 30
0.0
 11
3851.860264832454
 21
277.7584127393779
 31
0.0
  0
INSERT
  5
2699
330
2477
100
AcDbEntity
  8
0
  6
Continuous
 62
     0
440
 16777216
370
    -2
100
AcDbBlockReference
  2
_FILLED
 10
3841.276931499121
 20
277.7584127393779
 30
0.0
 41
3.5
 42
3.5
 43
3.5
  0
INSERT
  5
269A
330
2477
100
AcDbEntity
  8
0
  6
Continuous
 62
     0
440
 16777216
370
    -2
100
AcDbBlockReference
  2
_FILLED
 10
3842.276931499121
 20
277.7584127393779
 30
0.0
 41
3.5
 42
3.5
 43
3.5
 50
180.0
  0
MTEXT
  5
269B
330
2477
100
AcDbEntity
  8
0
  6
Continuous
 62
     0
440
 16777216
100
AcDbMText
 10
3850.568598165787
 20
280.3834127393779
 30
0.0
 40
3.5
 41
0.0
 46
0.0
 71
     5
 72
     1
  1
\A1;1
 73
     1
 44
1.0
  0
POINT
  5
269C
330
2477
100
AcDbEntity
  8
DEFPOINTS
  6
Continuous
 62
     0
440
 16777216
100
AcDbPoint
 10
3841.276931499121
 20
273.6420036211832
 30
0.0
  0
POINT
  5
269D
330
2477
100
AcDbEntity
  8
DEFPOINTS
  6
Continuous
 62
     0
440
 16777216
100
AcDbPoint
 10
3842.276931499121
 20
273.6420036211832
 30
0.0
  0
POINT
  5
269E
330
2477
100
AcDbEntity
  8
DEFPOINTS
  6
Continuous
 62
     0
440
 16777216
100
AcDbPoint
 10
3842.276931499121
 20
277.7584127393779
 30
0.0
  0
ENDBLK
  5
2479
330
2477
100
AcDbEntity
  8
0
100
AcDbBlockEnd
  0
BLOCK
  5
26A4
330
26A3
100
AcDbEntity
  8
0
100
AcDbBlockBegin
  2
*U153
 70
     1
 10
0.0
 20
0.0
 30
0.0
  3
*U153
  1

  0
LINE
  5
26A8
330
26A3
100
AcDbEntity
  8
0
  6
Continuous
 62
     0
440
 16777216
100
AcDbLine
 10
-0.05
 20
0.0
 30
0.0
 11
0.05
 21
0.0
 31
0.0
  0
LINE
  5
26A9
330
26A3
100
AcDbEntity
  8
0
  6
Continuous
 62
     0
440
 16777216
100
AcDbLine
 10
0.0
 20
-0.05
 30
0.0
 11
0.0
 21
0.05
 31
0.0
  0
LINE
  5
26AA
330
26A3
100
AcDbEntity
  8
0
  6
CENTER2
 62
     0
440
 16777216
100
AcDbLine
 10
-4.0
 20
0.0
 30
0.0
 11
-0.1000000000000001
 21
0.0
 31
0.0
  0
LINE
  5
26AB
330
26A3
100
AcDbEntity
  8
0
  6
CENTER2
 62
     0
440
 16777216
100
AcDbLine
 10
0.1
 20
0.0
 30
0.0
 11
4.0
 21
0.0
 31
0.0
  0
LINE
  5
26AC
330
26A3
100
AcDbEntity
  8
0
  6
CENTER2
 62
     0
440
 16777216
100
AcDbLine
 10
0.0
 20
-4.0
 30
0.0
 11
0.0
 21
-0.1000000000000001
 31
0.0
  0
LINE
  5
26AD
330
26A3
100
AcDbEntity
  8
0
  6
CENTER2
 62
     0
440
 16777216
100
AcDbLine
 10
0.0
 20
0.1
 30
0.0
 11
0.0
 21
4.0
 31
0.0
  0
ENDBLK
  5
26A5
330
26A3
100
AcDbEntity
  8
0
100
AcDbBlockEnd
  0
BLOCK
  5
26B3
330
26B2
100
AcDbEntity
  8
0
100
AcDbBlockBegin
  2
*U154
 70
     1
 10
0.0
 20
0.0
 30
0.0
  3
*U154
  1

  0
LINE
  5
26B7
330
26B2
100
AcDbEntity
  8
0
  6
Continuous
 62
     0
440
 16777216
100
AcDbLine
 10
-0.05
 20
0.0
 30
0.0
 11
0.05
 21
0.0
 31
0.0
  0
LINE
  5
26B8
330
26B2
100
AcDbEntity
  8
0
  6
Continuous
 62
     0
440
 16777216
100
AcDbLine
 10
0.0
 20
-0.05
 30
0.0
 11
0.0
 21
0.05
 31
0.0
  0
LINE
  5
26B9
330
26B2
100
AcDbEntity
  8
0
  6
CENTER2
 62
     0
440
 16777216
100
AcDbLine
 10
-4.0
 20
0.0
 30
0.0
 11
-0.1000000000000001
 21
0.0
 31
0.0
  0
LINE
  5
26BA
330
26B2
100
AcDbEntity
  8
0
  6
CENTER2
 62
     0
440
 16777216
100
AcDbLine
 10
0.1
 20
0.0
 30
0.0
 11
4.0
 21
0.0
 31
0.0
  0
LINE
  5
26BB
330
26B2
100
AcDbEntity
  8
0
  6
CENTER2
 62
     0
440
 16777216
100
AcDbLine
 10
0.0
 20
-4.0
 30
0.0
 11
0.0
 21
-0.1000000000000001
 31
0.0
  0
LINE
  5
26BC
330
26B2
100
AcDbEntity
  8
0
  6
CENTER2
 62
     0
440
 16777216
100
AcDbLine
 10
0.0
 20
0.1
 30
0.0
 11
0.0
 21
4.0
 31
0.0
  0
ENDBLK
  5
26B4
330
26B2
100
AcDbEntity
  8
0
100
AcDbBlockEnd
  0
BLOCK
  5
26C2
330
26C1
100
AcDbEntity
  8
0
100
AcDbBlockBegin
  2
*U155
 70
     1
 10
0.0
 20
0.0
 30
0.0
  3
*U155
  1

  0
LINE
  5
26C6
330
26C1
100
AcDbEntity
  8
0
  6
Continuous
 62
     0
440
 16777216
100
AcDbLine
 10
-0.115
 20
0.0
 30
0.0
 11
0.115
 21
0.0
 31
0.0
  0
LINE
  5
26C7
330
26C1
100
AcDbEntity
  8
0
  6
Continuous
 62
     0
440
 16777216
100
AcDbLine
 10
0.0
 20
-0.115
 30
0.0
 11
0.0
 21
0.115
 31
0.0
  0
LINE
  5
26C8
330
26C1
100
AcDbEntity
  8
0
  6
CENTER2
 62
     0
440
 16777216
100
AcDbLine
 10
-4.65
 20
0.0
 30
0.0
 11
-0.2300000000000004
 21
0.0
 31
0.0
  0
LINE
  5
26C9
330
26C1
100
AcDbEntity
  8
0
  6
CENTER2
 62
     0
440
 16777216
100
AcDbLine
 10
0.23
 20
0.0
 30
0.0
 11
4.65
 21
0.0
 31
0.0
  0
LINE
  5
26CA
330
26C1
100
AcDbEntity
  8
0
  6
CENTER2
 62
     0
440
 16777216
100
AcDbLine
 10
0.0
 20
-4.65
 30
0.0
 11
0.0
 21
-0.2300000000000004
 31
0.0
  0
LINE
  5
26CB
330
26C1
100
AcDbEntity
  8
0
  6
CENTER2
 62
     0
440
 16777216
100
AcDbLine
 10
0.0
 20
0.23
 30
0.0
 11
0.0
 21
4.65
 31
0.0
  0
ENDBLK
  5
26C3
330
26C1
100
AcDbEntity
  8
0
100
AcDbBlockEnd
  0
BLOCK
  5
26D1
330
26D0
100
AcDbEntity
  8
0
100
AcDbBlockBegin
  2
*U156
 70
     1
 10
0.0
 20
0.0
 30
0.0
  3
*U156
  1

  0
LINE
  5
26D5
330
26D0
100
AcDbEntity
  8
0
  6
Continuous
 62
     0
440
 16777216
100
AcDbLine
 10
-0.115
 20
0.0
 30
0.0
 11
0.115
 21
0.0
 31
0.0
  0
LINE
  5
26D6
330
26D0
100
AcDbEntity
  8
0
  6
Continuous
 62
     0
440
 16777216
100
AcDbLine
 10
0.0
 20
-0.115
 30
0.0
 11
0.0
 21
0.115
 31
0.0
  0
LINE
  5
26D7
330
26D0
100
AcDbEntity
  8
0
  6
CENTER2
 62
     0
440
 16777216
100
AcDbLine
 10
-4.65
 20
0.0
 30
0.0
 11
-0.2300000000000004
 21
0.0
 31
0.0
  0
LINE
  5
26D8
330
26D0
100
AcDbEntity
  8
0
  6
CENTER2
 62
     0
440
 16777216
100
AcDbLine
 10
0.23
 20
0.0
 30
0.0
 11
4.65
 21
0.0
 31
0.0
  0
LINE
  5
26D9
330
26D0
100
AcDbEntity
  8
0
  6
CENTER2
 62
     0
440
 16777216
100
AcDbLine
 10
0.0
 20
-4.65
 30
0.0
 11
0.0
 21
-0.2300000000000004
 31
0.0
  0
LINE
  5
26DA
330
26D0
100
AcDbEntity
  8
0
  6
CENTER2
 62
     0
440
 16777216
100
AcDbLine
 10
0.0
 20
0.23
 30
0.0
 11
0.0
 21
4.65
 31
0.0
  0
ENDBLK
  5
26D2
330
26D0
100
AcDbEntity
  8
0
100
AcDbBlockEnd
  0
BLOCK
  5
26E0
330
26DF
100
AcDbEntity
  8
0
100
AcDbBlockBegin
  2
*U157
 70
     1
 10
0.0
 20
0.0
 30
0.0
  3
*U157
  1

  0
LINE
  5
26E4
330
26DF
100
AcDbEntity
  8
0
  6
Continuous
 62
     0
440
 16777216
100
AcDbLine
 10
-0.05
 20
0.0
 30
0.0
 11
0.05
 21
0.0
 31
0.0
  0
LINE
  5
26E5
330
26DF
100
AcDbEntity
  8
0
  6
Continuous
 62
     0
440
 16777216
100
AcDbLine
 10
0.0
 20
-0.05
 30
0.0
 11
0.0
 21
0.05
 31
0.0
  0
LINE
  5
26E6
330
26DF
100
AcDbEntity
  8
0
  6
CENTER2
 62
     0
440
 16777216
100
AcDbLine
 10
-4.0
 20
0.0
 30
0.0
 11
-0.1000000000000001
 21
0.0
 31
0.0
  0
LINE
  5
26E7
330
26DF
100
AcDbEntity
  8
0
  6
CENTER2
 62
     0
440
 16777216
100
AcDbLine
 10
0.1
 20
0.0
 30
0.0
 11
4.0
 21
0.0
 31
0.0
  0
LINE
  5
26E8
330
26DF
100
AcDbEntity
  8
0
  6
CENTER2
 62
     0
440
 16777216
100
AcDbLine
 10
0.0
 20
-4.0
 30
0.0
 11
0.0
 21
-0.1000000000000001
 31
0.0
  0
LINE
  5
26E9
330
26DF
100
AcDbEntity
  8
0
  6
CENTER2
 62
     0
440
 16777216
100
AcDbLine
 10
0.0
 20
0.1
 30
0.0
 11
0.0
 21
4.0
 31
0.0
  0
ENDBLK
  5
26E1
330
26DF
100
AcDbEntity
  8
0
100
AcDbBlockEnd
  0
BLOCK
  5
26EF
330
26EE
100
AcDbEntity
  8
0
100
AcDbBlockBegin
  2
*U158
 70
     1
 10
0.0
 20
0.0
 30
0.0
  3
*U158
  1

  0
LINE
  5
26F3
330
26EE
100
AcDbEntity
  8
0
  6
Continuous
 62
     0
440
 16777216
100
AcDbLine
 10
-0.05
 20
0.0
 30
0.0
 11
0.05
 21
0.0
 31
0.0
  0
LINE
  5
26F4
330
26EE
100
AcDbEntity
  8
0
  6
Continuous
 62
     0
440
 16777216
100
AcDbLine
 10
0.0
 20
-0.05
 30
0.0
 11
0.0
 21
0.05
 31
0.0
  0
LINE
  5
26F5
330
26EE
100
AcDbEntity
  8
0
  6
CENTER2
 62
     0
440
 16777216
100
AcDbLine
 10
-4.0
 20
0.0
 30
0.0
 11
-0.1000000000000001
 21
0.0
 31
0.0
  0
LINE
  5
26F6
330
26EE
100
AcDbEntity
  8
0
  6
CENTER2
 62
     0
440
 16777216
100
AcDbLine
 10
0.1
 20
0.0
 30
0.0
 11
4.0
 21
0.0
 31
0.0
  0
LINE
  5
26F7
330
26EE
100
AcDbEntity
  8
0
  6
CENTER2
 62
     0
440
 16777216
100
AcDbLine
 10
0.0
 20
-4.0
 30
0.0
 11
0.0
 21
-0.1000000000000001
 31
0.0
  0
LINE
  5
26F8
330
26EE
100
AcDbEntity
  8
0
  6
CENTER2
 62
     0
440
 16777216
100
AcDbLine
 10
0.0
 20
0.1
 30
0.0
 11
0.0
 21
4.0
 31
0.0
  0
ENDBLK
  5
26F0
330
26EE
100
AcDbEntity
  8
0
100
AcDbBlockEnd
  0
BLOCK
  5
2700
330
26FF
100
AcDbEntity
  8
0
100
AcDbBlockBegin
  2
*U159
 70
     1
 10
0.0
 20
0.0
 30
0.0
  3
*U159
  1

  0
LINE
  5
2704
330
26FF
100
AcDbEntity
  8
0
  6
CENTER2
 62
     0
440
 16777216
100
AcDbLine
 10
0.0
 20
-15.72500000000002
 30
0.0
 11
0.0
 21
15.72499999999996
 31
0.0
  0
ENDBLK
  5
2701
330
26FF
100
AcDbEntity
  8
0
100
AcDbBlockEnd
  0
BLOCK
  5
270C
330
270B
100
AcDbEntity
  8
0
100
AcDbBlockBegin
  2
*U160
 70
     1
 10
0.0
 20
0.0
 30
0.0
  3
*U160
  1

  0
LINE
  5
2710
330
270B
100
AcDbEntity
  8
0
  6
CENTER2
 62
     0
440
 16777216
100
AcDbLine
 10
12.69999999999982
 20
0.0
 30
0.0
 11
-12.70000000000027
 21
0.0
 31
0.0
  0
ENDBLK
  5
270D
330
270B
100
AcDbEntity
  8
0
100
AcDbBlockEnd
  0
BLOCK
  5
2713
330
2712
100
AcDbEntity
  8
0
100
AcDbBlockBegin
  2
*D161
 70
     1
 10
0.0
 20
0.0
 30
0.0
  3
*D161
  1

  0
LINE
  5
277B
330
2712
100
AcDbEntity
  8
0
  6
Continuous
 62
     0
440
 16777216
370
    -2
100
AcDbLine
 10
3805.524531617185
 20
375.037620417362
 30
0.0
 11
3805.524531617185
 21
388.1341111241416
 31
0.0
  0
LINE
  5
277C
330
2712
100
AcDbEntity
  8
0
  6
Continuous
 62
     0
440
 16777216
370
    -2
100
AcDbLine
 10
3825.924531617185
 20
375.037620417362
 30
0.0
 11
3825.924531617185
 21
388.1341111241416
 31
0.0
  0
LINE
  5
277D
330
2712
100
AcDbEntity
  8
0
  6
Continuous
 62
     0
440
 16777216
370
    -2
100
AcDbLine
 10
3809.024531617185
 20
386.6341111241415
 30
0.0
 11
3822.424531617185
 21
386.6341111241415
 31
0.0
  0
INSERT
  5
277E
330
2712
100
AcDbEntity
  8
0
  6
Continuous
 62
     0
440
 16777216
370
    -2
100
AcDbBlockReference
  2
_FILLED
 10
3805.524531617185
 20
386.6341111241415
 30
0.0
 41
3.5
 42
3.5
 43
3.5
 50
180.0
  0
INSERT
  5
277F
330
2712
100
AcDbEntity
  8
0
  6
Continuous
 62
     0
440
 16777216
370
    -2
100
AcDbBlockReference
  2
_FILLED
 10
3825.924531617185
 20
386.6341111241415
 30
0.0
 41
3.5
 42
3.5
 43
3.5
  0
MTEXT
  5
2780
330
2712
100
AcDbEntity
  8
0
  6
Continuous
 62
     0
440
 16777216
100
AcDbMText
 10
3815.724531617185
 20
389.5924444574749
 30
0.0
 40
3.5
 41
0.0
 46
0.0
 71
     5
 72
     1
  1
\A1;20,4
 73
     1
 44
1.0
  0
POINT
  5
2781
330
2712
100
AcDbEntity
  8
DEFPOINTS
  6
Continuous
 62
     0
440
 16777216
100
AcDbPoint
 10
3805.524531617185
 20
374.037620417362
 30
0.0
  0
POINT
  5
2782
330
2712
100
AcDbEntity
  8
DEFPOINTS
  6
Continuous
 62
     0
440
 16777216
100
AcDbPoint
 10
3825.924531617185
 20
374.037620417362
 30
0.0
  0
POINT
  5
2783
330
2712
100
AcDbEntity
  8
DEFPOINTS
  6
Continuous
 62
     0
440
 16777216
100
AcDbPoint
 10
3825.924531617185
 20
386.6341111241415
 30
0.0
  0
ENDBLK
  5
2714
330
2712
100
AcDbEntity
  8
0
100
AcDbBlockEnd
  0
BLOCK
  5
272D
330
272C
100
AcDbEntity
  8
0
100
AcDbBlockBegin
  2
*D162
 70
     1
 10
0.0
 20
0.0
 30
0.0
  3
*D162
  1

  0
LINE
  5
2784
330
272C
100
AcDbEntity
  8
0
  6
Continuous
 62
     0
440
 16777216
370
    -2
100
AcDbLine
 10
3805.524531617186
 20
375.0376204173621
 30
0.0
 11
3792.192561200195
 21
375.0376204173621
 31
0.0
  0
LINE
  5
2785
330
272C
100
AcDbEntity
  8
0
  6
Continuous
 62
     0
440
 16777216
370
    -2
100
AcDbLine
 10
3805.524531617186
 20
348.5876204173621
 30
0.0
 11
3792.192561200195
 21
348.5876204173621
 31
0.0
  0
LINE
  5
2786
330
272C
100
AcDbEntity
  8
0
  6
Continuous
 62
     0
440
 16777216
370
    -2
100
AcDbLine
 10
3793.692561200195
 20
371.5376204173621
 30
0.0
 11
3793.692561200195
 21
352.0876204173621
 31
0.0
  0
INSERT
  5
2787
330
272C
100
AcDbEntity
  8
0
  6
Continuous
 62
     0
440
 16777216
370
    -2
100
AcDbBlockReference
  2
_FILLED
 10
3793.692561200195
 20
375.0376204173621
 30
0.0
 41
3.5
 42
3.5
 43
3.5
 50
90.0
  0
INSERT
  5
2788
330
272C
100
AcDbEntity
  8
0
  6
Continuous
 62
     0
440
 16777216
370
    -2
100
AcDbBlockReference
  2
_FILLED
 10
3793.692561200195
 20
348.5876204173621
 30
0.0
 41
3.5
 42
3.5
 43
3.5
 50
270.0
  0
MTEXT
  5
2789
330
272C
100
AcDbEntity
  8
0
  6
Continuous
 62
     0
440
 16777216
100
AcDbMText
 10
3790.734227866861
 20
361.812620417361
 30
0.0
 40
3.5
 41
0.0
 46
0.0
 71
     5
 72
     1
  1
\A1;26,45
 11
0.0000000000000001
 21
1.0
 31
0.0
 73
     1
 44
1.0
  0
POINT
  5
278A
330
272C
100
AcDbEntity
  8
DEFPOINTS
  6
Continuous
 62
     0
440
 16777216
100
AcDbPoint
 10
3806.524531617186
 20
375.0376204173621
 30
0.0
  0
POINT
  5
278B
330
272C
100
AcDbEntity
  8
DEFPOINTS
  6
Continuous
 62
     0
440
 16777216
100
AcDbPoint
 10
3806.524531617186
 20
348.5876204173621
 30
0.0
  0
POINT
  5
278C
330
272C
100
AcDbEntity
  8
DEFPOINTS
  6
Continuous
 62
     0
440
 16777216
100
AcDbPoint
 10
3793.692561200195
 20
348.5876204173621
 30
0.0
  0
ENDBLK
  5
272E
330
272C
100
AcDbEntity
  8
0
100
AcDbBlockEnd
  0
BLOCK
  5
2747
330
2746
100
AcDbEntity
  8
0
100
AcDbBlockBegin
  2
*D163
 70
     1
 10
0.0
 20
0.0
 30
0.0
  3
*D163
  1

  0
LINE
  5
2771
330
2746
100
AcDbEntity
  8
0
  6
Continuous
 62
     0
440
 16777216
370
    -2
100
AcDbLine
 10
3845.307445279918
 20
376.037620417362
 30
0.0
 11
3845.307445279918
 21
383.5333033301501
 31
0.0
  0
LINE
  5
2772
330
2746
100
AcDbEntity
  8
0
  6
Continuous
 62
     0
440
 16777216
370
    -2
100
AcDbLine
 10
3846.307445279918
 20
376.037620417362
 30
0.0
 11
3846.307445279918
 21
383.5333033301501
 31
0.0
  0
LINE
  5
2773
330
2746
100
AcDbEntity
  8
0
  6
Continuous
 62
     0
440
 16777216
370
    -2
100
AcDbLine
 10
3841.807445279918
 20
382.0333033301502
 30
0.0
 11
3838.307445279918
 21
382.0333033301502
 31
0.0
  0
LINE
  5
2774
330
2746
100
AcDbEntity
  8
0
  6
Continuous
 62
     0
440
 16777216
370
    -2
100
AcDbLine
 10
3849.807445279918
 20
382.0333033301502
 30
0.0
 11
3855.890778613252
 21
382.0333033301502
 31
0.0
  0
INSERT
  5
2775
330
2746
100
AcDbEntity
  8
0
  6
Continuous
 62
     0
440
 16777216
370
    -2
100
AcDbBlockReference
  2
_FILLED
 10
3845.307445279918
 20
382.0333033301502
 30
0.0
 41
3.5
 42
3.5
 43
3.5
  0
INSERT
  5
2776
330
2746
100
AcDbEntity
  8
0
  6
Continuous
 62
     0
440
 16777216
370
    -2
100
AcDbBlockReference
  2
_FILLED
 10
3846.307445279918
 20
382.0333033301502
 30
0.0
 41
3.5
 42
3.5
 43
3.5
 50
180.0
  0
MTEXT
  5
2777
330
2746
100
AcDbEntity
  8
0
  6
Continuous
 62
     0
440
 16777216
100
AcDbMText
 10
3854.599111946585
 20
384.6583033301501
 30
0.0
 40
3.5
 41
0.0
 46
0.0
 71
     5
 72
     1
  1
\A1;1
 73
     1
 44
1.0
  0
POINT
  5
2778
330
2746
100
AcDbEntity
  8
DEFPOINTS
  6
Continuous
 62
     0
440
 16777216
100
AcDbPoint
 10
3845.307445279918
 20
375.037620417362
 30
0.0
  0
POINT
  5
2779
330
2746
100
AcDbEntity
  8
DEFPOINTS
  6
Continuous
 62
     0
440
 16777216
100
AcDbPoint
 10
3846.307445279918
 20
375.037620417362
 30
0.0
  0
POINT
  5
277A
330
2746
100
AcDbEntity
  8
DEFPOINTS
  6
Continuous
 62
     0
440
 16777216
100
AcDbPoint
 10
3846.307445279918
 20
382.0333033301502
 30
0.0
  0
ENDBLK
  5
2748
330
2746
100
AcDbEntity
  8
0
100
AcDbBlockEnd
  0
ENDSEC
  0
SECTION
  2
ENTITIES
  0
LINE
  5
1ED9
330
20B
100
AcDbEntity
  8
0
  6
Continuous
 62
     7
100
AcDbLine
 10
3949.102105356678
 20
394.2159886286642
 30
0.0
 11
3949.512937850079
 21
394.8293816030641
 31
0.0
  0
LINE
  5
1EDA
330
20B
100
AcDbEntity
  8
0
  6
Continuous
 62
     7
100
AcDbLine
 10
3951.548554214578
 20
395.7056255498639
 30
0.0
 11
3951.137721721078
 21
395.092232575464
 31
0.0
  0
LINE
  5
1EDB
330
20B
100
AcDbEntity
  8
0
  6
Continuous
 62
     7
100
AcDbLine
 10
3953.777051740378
 20
395.4720191815642
 30
0.0
 11
3953.366219246979
 21
394.8586262071639
 31
0.0
  0
LINE
  5
1EDC
330
20B
100
AcDbEntity
  8
0
  6
Continuous
 62
     7
100
AcDbLine
 10
3953.996087138678
 20
395.6291136750639
 30
0.0
 11
3954.406919632079
 21
396.242506649464
 31
0.0
  0
LINE
  5
1EDD
330
20B
100
AcDbEntity
  8
0
  6
Continuous
 62
     7
100
AcDbLine
 10
3955.465440141678
 20
396.698153501864
 30
0.0
 11
3955.054607648179
 21
396.0847605274641
 31
0.0
  0
LINE
  5
1EDE
330
20B
100
AcDbEntity
  8
02___PRT_ALL_AXES
  6
Continuous
 62
     7
100
AcDbLine
 10
3955.671008486078
 20
390.8562103091639
 30
0.0
 11
3955.660563701377
 21
390.840290420064
 31
0.0
  0
LINE
  5
1EDF
330
20B
100
AcDbEntity
  8
02___PRT_ALL_AXES
  6
Continuous
 62
     7
100
AcDbLine
 10
3955.671002146379
 20
390.8562008438638
 30
0.0
 11
3957.533442783378
 21
393.636915661064
 31
0.0
  0
LINE
  5
1EE0
330
20B
100
AcDbEntity
  8
02___PRT_ALL_AXES
  6
Continuous
 62
     7
100
AcDbLine
 10
3955.118063141977
 20
389.446485968664
 30
0.0
 11
3955.800045081078
 21
390.464718306064
 31
0.0
  0
LINE
  5
1EE1
330
20B
100
AcDbEntity
  8
02___PRT_ALL_AXES
  6
Continuous
 62
     7
100
AcDbLine
 10
3955.969580266278
 20
388.885032865864
 30
0.0
 11
3955.973622068678
 21
388.891193697664
 31
0.0
  0
LINE
  5
1EE2
330
20B
100
AcDbEntity
  8
02___PRT_ALL_AXES
  6
Continuous
 62
     7
100
AcDbLine
 10
3957.058585610578
 20
389.926947317364
 30
0.0
 11
3957.065152732278
 21
389.9369589990642
 31
0.0
  0
LINE
  5
1EE3
330
20B
100
AcDbEntity
  8
02___PRT_ALL_AXES
  6
Continuous
 62
     7
100
AcDbLine
 10
3955.973622068678
 20
388.891193697664
 30
0.0
 11
3956.655604007778
 21
389.9094260351639
 31
0.0
  0
LINE
  5
1EE4
330
20B
100
AcDbEntity
  8
02___PRT_ALL_AXES
  6
Continuous
 62
     7
100
AcDbLine
 10
3957.058535271479
 20
389.9268721470642
 30
0.0
 11
3958.920975908478
 21
392.7075869642639
 31
0.0
  0
LINE
  5
1EE5
330
20B
100
AcDbEntity
  8
02___PRT_ALL_AXES
  6
Continuous
 62
     7
100
AcDbLine
 10
3958.075053563578
 20
390.6042018444641
 30
0.0
 11
3958.064608778978
 21
390.588281955464
 31
0.0
  0
LINE
  5
1EE6
330
20B
100
AcDbEntity
  8
02___PRT_ALL_AXES
  6
Continuous
 62
     7
100
AcDbLine
 10
3958.075047223879
 20
390.604192379264
 30
0.0
 11
3959.937487860879
 21
393.3849071964642
 31
0.0
  0
LINE
  5
1EE7
330
20B
100
AcDbEntity
  8
02___PRT_ALL_AXES
  6
Continuous
 62
     7
100
AcDbLine
 10
3957.522108219578
 20
389.1944775039639
 30
0.0
 11
3958.204090158678
 21
390.2127098414642
 31
0.0
  0
LINE
  5
1EE8
330
20B
100
AcDbEntity
  8
02___PRT_ALL_AXES
  6
Continuous
 62
     7
100
AcDbLine
 10
3958.373625343778
 20
388.633024401264
 30
0.0
 11
3958.377667146178
 21
388.6391852330641
 31
0.0
  0
LINE
  5
1EE9
330
20B
100
AcDbEntity
  8
02___PRT_ALL_AXES
  6
Continuous
 62
     7
100
AcDbLine
 10
3959.462630688078
 20
389.6749388527639
 30
0.0
 11
3959.469197809778
 21
389.6849505344639
 31
0.0
  0
LINE
  5
1EEA
330
20B
100
AcDbEntity
  8
02___PRT_ALL_AXES
  6
Continuous
 62
     7
100
AcDbLine
 10
3958.377667146178
 20
388.6391852330641
 30
0.0
 11
3959.059649085278
 21
389.6574175705641
 31
0.0
  0
LINE
  5
1EEB
330
20B
100
AcDbEntity
  8
02___PRT_ALL_AXES
  6
Continuous
 62
     7
100
AcDbLine
 10
3959.462580348978
 20
389.674863682364
 30
0.0
 11
3961.325020985978
 21
392.4555784996642
 31
0.0
  0
LINE
  5
1EEC
330
20B
100
AcDbEntity
  8
0
  6
Continuous
 62
     7
100
AcDbLine
 10
3971.055859224878
 20
387.074951851464
 30
0.0
 11
3967.207708300278
 21
387.4783413781639
 31
0.0
  0
LINE
  5
1EED
330
20B
100
AcDbEntity
  8
0
  6
Continuous
 62
     7
100
AcDbLine
 10
3965.327478063078
 20
387.6754399848641
 30
0.0
 11
3962.913029242578
 21
387.9285390410639
 31
0.0
  0
LINE
  5
1EEE
330
20B
100
AcDbEntity
  8
0
  6
Continuous
 62
     7
100
AcDbLine
 10
3962.506532154478
 20
387.971150848964
 30
0.0
 11
3960.508984165079
 21
388.1805475056639
 31
0.0
  0
LINE
  5
1EEF
330
20B
100
AcDbEntity
  8
0
  6
Continuous
 62
     7
100
AcDbLine
 10
3960.102487076978
 20
388.2231593135642
 30
0.0
 11
3958.104939087578
 21
388.432555970264
 31
0.0
  0
LINE
  5
1EF0
330
20B
100
AcDbEntity
  8
0
  6
Continuous
 62
     7
100
AcDbLine
 10
3957.698441999379
 20
388.4751677781639
 30
0.0
 11
3955.700894009979
 21
388.6845644348641
 31
0.0
  0
LINE
  5
1EF1
330
20B
100
AcDbEntity
  8
0
  6
Continuous
 62
     7
100
AcDbLine
 10
3955.294396921878
 20
388.7271762427642
 30
0.0
 11
3955.189161713079
 21
388.7382077178639
 31
0.0
  0
LINE
  5
1EF2
330
20B
100
AcDbEntity
  8
02___PRT_ALL_AXES
  6
Continuous
 62
     7
100
AcDbLine
 10
3960.479098641178
 20
390.352193379864
 30
0.0
 11
3960.468653856479
 21
390.3362734908639
 31
0.0
  0
LINE
  5
1EF3
330
20B
100
AcDbEntity
  8
02___PRT_ALL_AXES
  6
Continuous
 62
     7
100
AcDbLine
 10
3960.479092301478
 20
390.3521839145639
 30
0.0
 11
3962.341532938378
 21
393.132898731864
 31
0.0
  0
LINE
  5
1EF4
330
20B
100
AcDbEntity
  8
02___PRT_ALL_AXES
  6
Continuous
 62
     7
100
AcDbLine
 10
3959.926153297078
 20
388.9424690393639
 30
0.0
 11
3960.608135236178
 21
389.960701376864
 31
0.0
  0
LINE
  5
1EF5
330
20B
100
AcDbEntity
  8
0
  6
Continuous
 62
     7
100
AcDbLine
 10
3974.972745151877
 20
388.067479803364
 30
0.0
 11
3972.744247626078
 21
388.3010861717638
 31
0.0
  0
LINE
  5
1EF6
330
20B
100
AcDbEntity
  8
0
  6
Continuous
 62
     7
100
AcDbLine
 10
3953.449277311678
 20
390.3237170654642
 30
0.0
 11
3951.220779785879
 21
390.5573234337641
 31
0.0
  0
LINE
  5
1EF7
330
20B
100
AcDbEntity
  8
02___PRT_ALL_AXES
  6
Continuous
 62
     7
100
AcDbLine
 10
3960.777670421379
 20
388.3810159365639
 30
0.0
 11
3960.781712223777
 21
388.387176768464
 31
0.0
  0
LINE
  5
1EF8
330
20B
100
AcDbEntity
  8
02___PRT_ALL_AXES
  6
Continuous
 62
     7
100
AcDbLine
 10
3961.866675765678
 20
389.422930388164
 30
0.0
 11
3961.873242887278
 21
389.4329420698641
 31
0.0
  0
LINE
  5
1EF9
330
20B
100
AcDbEntity
  8
02___PRT_ALL_AXES
  6
Continuous
 62
     7
100
AcDbLine
 10
3960.781712223777
 20
388.387176768464
 30
0.0
 11
3961.463694162878
 21
389.4054091058639
 31
0.0
  0
LINE
  5
1EFA
330
20B
100
AcDbEntity
  8
02___PRT_ALL_AXES
  6
Continuous
 62
     7
100
AcDbLine
 10
3961.866625426578
 20
389.4228552177639
 30
0.0
 11
3963.729066063578
 21
392.2035700350641
 31
0.0
  0
LINE
  5
1EFB
330
20B
100
AcDbEntity
  8
02___PRT_ALL_AXES
  6
Continuous
 62
     7
100
AcDbLine
 10
3962.883143718677
 20
390.1001849152639
 30
0.0
 11
3962.872698933978
 21
390.084265026164
 31
0.0
  0
LINE
  5
1EFC
330
20B
100
AcDbEntity
  8
02___PRT_ALL_AXES
  6
Continuous
 62
     7
100
AcDbLine
 10
3962.883137378978
 20
390.1001754499641
 30
0.0
 11
3964.745578015977
 21
392.880890267264
 31
0.0
  0
LINE
  5
1EFD
330
20B
100
AcDbEntity
  8
02___PRT_ALL_AXES
  6
Continuous
 62
     7
100
AcDbLine
 10
3962.330198374579
 20
388.690460574764
 30
0.0
 11
3963.012180313678
 21
389.7086929122638
 31
0.0
  0
LINE
  5
1EFE
330
20B
100
AcDbEntity
  8
02___PRT_ALL_AXES
  6
Continuous
 62
     7
100
AcDbLine
 10
3963.181715498878
 20
388.1290074719641
 30
0.0
 11
3963.185757301277
 21
388.1351683037639
 31
0.0
  0
LINE
  5
1EFF
330
20B
100
AcDbEntity
  8
02___PRT_ALL_AXES
  6
Continuous
 62
     7
100
AcDbLine
 10
3964.270720843177
 20
389.1709219234639
 30
0.0
 11
3964.277287964878
 21
389.180933605264
 31
0.0
  0
LINE
  5
1F00
330
20B
100
AcDbEntity
  8
02___PRT_ALL_AXES
  6
Continuous
 62
     7
100
AcDbLine
 10
3963.185757301277
 20
388.1351683037639
 30
0.0
 11
3963.867739240378
 21
389.1534006412639
 31
0.0
  0
LINE
  5
1F01
330
20B
100
AcDbEntity
  8
02___PRT_ALL_AXES
  6
Continuous
 62
     7
100
AcDbLine
 10
3964.270670504078
 20
389.1708467531641
 30
0.0
 11
3966.133111141078
 21
391.9515615704641
 31
0.0
  0
LINE
  5
1F02
330
20B
100
AcDbEntity
  8
0
  6
Continuous
 62
     7
100
AcDbLine
 10
3951.137721721078
 20
395.092232575464
 30
0.0
 11
3953.366219246979
 21
394.8586262071639
 31
0.0
  0
LINE
  5
1F03
330
20B
100
AcDbEntity
  8
0
  6
Continuous
 62
     7
100
AcDbLine
 10
3972.661189561378
 20
392.835995313464
 30
0.0
 11
3974.889687087177
 21
392.6023889450639
 31
0.0
  0
LINE
  5
1F04
330
20B
100
AcDbEntity
  8
02___PRT_ALL_AXES
  6
Continuous
 62
     7
100
AcDbLine
 10
3965.327056667278
 20
387.671420062664
 30
0.0
 11
3965.316611882677
 21
387.6555001735638
 31
0.0
  0
LINE
  5
1F05
330
20B
100
AcDbEntity
  8
02___PRT_ALL_AXES
  6
Continuous
 62
     7
100
AcDbLine
 10
3965.327050327579
 20
387.6714105973642
 30
0.0
 11
3967.189490964578
 21
390.452125414564
 31
0.0
  0
LINE
  5
1F06
330
20B
100
AcDbEntity
  8
02___PRT_ALL_AXES
  6
Continuous
 62
     7
100
AcDbLine
 10
3964.774111323178
 20
386.2616957221638
 30
0.0
 11
3965.456093262377
 21
387.2799280596641
 31
0.0
  0
LINE
  5
1F07
330
20B
100
AcDbEntity
  8
0
  6
Continuous
 62
     7
100
AcDbLine
 10
3951.548554214578
 20
395.7056255498639
 30
0.0
 11
3953.777051740378
 21
395.4720191815642
 31
0.0
  0
LINE
  5
1F08
330
20B
100
AcDbEntity
  8
0
  6
Continuous
 62
     7
100
AcDbLine
 10
3973.072022054778
 20
393.4493882878638
 30
0.0
 11
3975.300519580578
 21
393.215781919464
 31
0.0
  0
LINE
  5
1F09
330
20B
100
AcDbEntity
  8
02___PRT_ALL_AXES
  6
Continuous
 62
     7
100
AcDbLine
 10
3965.625628447478
 20
385.7002426193639
 30
0.0
 11
3965.629670249878
 21
385.706403451164
 31
0.0
  0
LINE
  5
1F0A
330
20B
100
AcDbEntity
  8
02___PRT_ALL_AXES
  6
Continuous
 62
     7
100
AcDbLine
 10
3966.714633791778
 20
386.7421570708641
 30
0.0
 11
3966.721200913478
 21
386.752168752564
 31
0.0
  0
LINE
  5
1F0B
330
20B
100
AcDbEntity
  8
0
  6
Continuous
 62
     7
100
AcDbLine
 10
3971.332137653379
 20
395.0348976353641
 30
0.0
 11
3970.921305159978
 21
394.421504660964
 31
0.0
  0
LINE
  5
1F0C
330
20B
100
AcDbEntity
  8
02___PRT_ALL_AXES
  6
Continuous
 62
     7
100
AcDbLine
 10
3965.629670249878
 20
385.706403451164
 30
0.0
 11
3966.311652188977
 21
386.7246357886638
 31
0.0
  0
LINE
  5
1F0D
330
20B
100
AcDbEntity
  8
02___PRT_ALL_AXES
  6
Continuous
 62
     7
100
AcDbLine
 10
3966.714583452679
 20
386.742081900564
 30
0.0
 11
3968.577024089678
 21
389.522796717764
 31
0.0
  0
LINE
  5
1F0E
330
20B
100
AcDbEntity
  8
0
  6
Continuous
 62
     7
100
AcDbLine
 10
3955.054607648179
 20
396.0847605274641
 30
0.0
 11
3970.921305159978
 21
394.421504660964
 31
0.0
  0
LINE
  5
1F0F
330
20B
100
AcDbEntity
  8
0
  6
Continuous
 62
     7
100
AcDbLine
 10
3955.465440141678
 20
396.698153501864
 30
0.0
 11
3971.332137653379
 21
395.0348976353641
 31
0.0
  0
LINE
  5
1F10
330
20B
100
AcDbEntity
  8
0
  6
Continuous
 62
     7
100
AcDbLine
 10
3972.588720832178
 20
393.8898075510638
 30
0.0
 11
3972.177888338779
 21
393.2764145766642
 31
0.0
  0
LINE
  5
1F11
330
20B
100
AcDbEntity
  8
0
  6
Continuous
 62
     7
100
AcDbLine
 10
3973.072022054778
 20
393.4493882878638
 30
0.0
 11
3972.661189561378
 21
392.835995313464
 31
0.0
  0
LINE
  5
1F12
330
20B
100
AcDbEntity
  8
0
  6
Continuous
 62
     7
100
AcDbLine
 10
3975.300519580578
 20
393.215781919464
 30
0.0
 11
3974.889687087177
 21
392.6023889450639
 31
0.0
  0
LINE
  5
1F13
330
20B
100
AcDbEntity
  8
0
  6
Continuous
 62
     7
100
AcDbLine
 10
3972.466325799878
 20
388.245777538664
 30
0.0
 11
3972.275250847978
 21
387.960493304964
 31
0.0
  0
LINE
  5
1F14
330
20B
100
AcDbEntity
  8
0
  6
Continuous
 62
     7
100
AcDbLine
 10
3972.114379734378
 20
387.530598703764
 30
0.0
 11
3972.525212227878
 21
388.1439916781639
 31
0.0
  0
LINE
  5
1F15
330
20B
100
AcDbEntity
  8
0
  6
Continuous
 62
     7
100
AcDbLine
 10
3977.008361516379
 20
388.9437237502642
 30
0.0
 11
3977.419194009878
 21
389.5571167246639
 31
0.0
  0
ARC
  5
1F16
330
20B
100
AcDbEntity
  8
0
  6
Continuous
 62
     7
100
AcDbCircle
 10
3971.702819039878
 20
388.694527026764
 30
0.0
 40
0.9896565696999999
100
AcDbArc
 50
326.2018300254054
 51
336.2687352438992
  0
ARC
  5
1F17
330
20B
100
AcDbEntity
  8
02___PRT_ALL_AXES
  6
Continuous
 62
     7
100
AcDbCircle
 10
3956.276467633978
 20
390.4518732459637
 30
0.0
 40
0.9419366982999999
100
AcDbArc
 50
312.7676460284017
 51
326.1319622545999
  0
ARC
  5
1F18
330
20B
100
AcDbEntity
  8
02___PRT_ALL_AXES
  6
Continuous
 62
     7
100
AcDbCircle
 10
3958.680512711478
 20
390.199864781264
 30
0.0
 40
0.9419366982999999
100
AcDbArc
 50
312.7676460284017
 51
326.1319622546998
  0
ARC
  5
1F19
330
20B
100
AcDbEntity
  8
02___PRT_ALL_AXES
  6
Continuous
 62
     7
100
AcDbCircle
 10
3961.084557789078
 20
389.9478563166639
 30
0.0
 40
0.9419366982999999
100
AcDbArc
 50
312.7676460284017
 51
326.1319622546998
  0
ARC
  5
1F1A
330
20B
100
AcDbEntity
  8
02___PRT_ALL_AXES
  6
Continuous
 62
     7
100
AcDbCircle
 10
3965.932515815178
 20
387.267082999464
 30
0.0
 40
0.9419366982999999
100
AcDbArc
 50
312.7676460285072
 51
326.1319622546998
  0
ARC
  5
1F1B
330
20B
100
AcDbEntity
  8
02___PRT_ALL_AXES
  6
Continuous
 62
     7
100
AcDbCircle
 10
3963.488602866578
 20
389.6958478520641
 30
0.0
 40
0.9419366982999999
100
AcDbArc
 50
312.7676460284017
 51
326.1319622546998
  0
ARC
  5
1F1C
330
20B
100
AcDbEntity
  8
02___PRT_ALL_AXES
  6
Continuous
 62
     7
100
AcDbCircle
 10
3956.447091289678
 20
390.3369455175641
 30
0.0
 40
0.93378955
100
AcDbArc
 50
147.3867907910958
 51
153.5242524422994
  0
ARC
  5
1F1D
330
20B
100
AcDbEntity
  8
02___PRT_ALL_AXES
  6
Continuous
 62
     7
100
AcDbCircle
 10
3958.851136367278
 20
390.0849370529642
 30
0.0
 40
0.9337895501
100
AcDbArc
 50
147.3867907912949
 51
153.5242524420956
  0
ARC
  5
1F1E
330
20B
100
AcDbEntity
  8
02___PRT_ALL_AXES
  6
Continuous
 62
     7
100
AcDbCircle
 10
3961.255181444778
 20
389.8329285883639
 30
0.0
 40
0.9337895501
100
AcDbArc
 50
147.3867907911963
 51
153.5242524420956
  0
ARC
  5
1F1F
330
20B
100
AcDbEntity
  8
02___PRT_ALL_AXES
  6
Continuous
 62
     7
100
AcDbCircle
 10
3966.10313947088
 20
387.1521552710639
 30
0.0
 40
0.9337895501
100
AcDbArc
 50
147.3867907911963
 51
153.5242524420956
  0
ARC
  5
1F20
330
20B
100
AcDbEntity
  8
02___PRT_ALL_AXES
  6
Continuous
 62
     7
100
AcDbCircle
 10
3963.659226522278
 20
389.5809201236641
 30
0.0
 40
0.9337895501
100
AcDbArc
 50
147.3867907911963
 51
153.5242524420028
  0
ARC
  5
1F21
330
20B
100
AcDbEntity
  8
02___PRT_ALL_AXES
  6
Continuous
 62
     7
100
AcDbCircle
 10
3955.537774697079
 20
389.178358282664
 30
0.0
 40
0.5222312379999999
100
AcDbArc
 50
306.1818038415913
 51
316.0784096616002
  0
ARC
  5
1F22
330
20B
100
AcDbEntity
  8
02___PRT_ALL_AXES
  6
Continuous
 62
     7
100
AcDbCircle
 10
3957.941819774577
 20
388.9263498180639
 30
0.0
 40
0.5222312379999999
100
AcDbArc
 50
306.1818038416931
 51
316.0784096614957
  0
ARC
  5
1F23
330
20B
100
AcDbEntity
  8
02___PRT_ALL_AXES
  6
Continuous
 62
     7
100
AcDbCircle
 10
3960.345864852178
 20
388.6743413534641
 30
0.0
 40
0.5222312379999999
100
AcDbArc
 50
306.1818038416931
 51
316.0784096614957
  0
ARC
  5
1F24
330
20B
100
AcDbEntity
  8
02___PRT_ALL_AXES
  6
Continuous
 62
     7
100
AcDbCircle
 10
3965.193822878278
 20
385.993568036164
 30
0.0
 40
0.5222312379999999
100
AcDbArc
 50
306.1818038416931
 51
316.0784096616002
  0
ARC
  5
1F25
330
20B
100
AcDbEntity
  8
02___PRT_ALL_AXES
  6
Continuous
 62
     7
100
AcDbCircle
 10
3962.749909929678
 20
388.4223328887641
 30
0.0
 40
0.5222312379999999
100
AcDbArc
 50
306.1818038416931
 51
316.0784096614957
  0
ARC
  5
1F26
330
20B
100
AcDbEntity
  8
02___PRT_ALL_AXES
  6
Continuous
 62
     7
100
AcDbCircle
 10
3955.550758387978
 20
389.166211299464
 30
0.0
 40
0.5044532459000001
100
AcDbArc
 50
316.0492091700963
 51
326.1243401838024
  0
ARC
  5
1F27
330
20B
100
AcDbEntity
  8
02___PRT_ALL_AXES
  6
Continuous
 62
     7
100
AcDbCircle
 10
3957.954803465479
 20
388.9142028348642
 30
0.0
 40
0.5044532459000001
100
AcDbArc
 50
316.0492091702023
 51
326.1243401837024
  0
ARC
  5
1F28
330
20B
100
AcDbEntity
  8
02___PRT_ALL_AXES
  6
Continuous
 62
     7
100
AcDbCircle
 10
3960.358848543078
 20
388.6621943701641
 30
0.0
 40
0.5044532459000001
100
AcDbArc
 50
316.0492091702023
 51
326.1243401836024
  0
ARC
  5
1F29
330
20B
100
AcDbEntity
  8
02___PRT_ALL_AXES
  6
Continuous
 62
     7
100
AcDbCircle
 10
3965.206806569178
 20
385.9814210529639
 30
0.0
 40
0.5044532459000001
100
AcDbArc
 50
316.0492091702023
 51
326.1243401836024
  0
ARC
  5
1F2A
330
20B
100
AcDbEntity
  8
02___PRT_ALL_AXES
  6
Continuous
 62
     7
100
AcDbCircle
 10
3962.762893620578
 20
388.410185905564
 30
0.0
 40
0.5044532459000001
100
AcDbArc
 50
316.0492091700098
 51
326.1243401838024
  0
SPLINE
  5
1F2B
330
20B
100
AcDbEntity
  8
02___PRT_ALL_AXES
  6
Continuous
 62
     7
100
AcDbSpline
210
0.0
220
0.0
230
1.0
 70
     8
 71
     3
 72
     9
 73
     5
 74
     0
 42
0.0000001
 43
0.0000000001
 40
0.0
 40
0.0
 40
0.0
 40
0.0
 40
0.5027640316
 40
1.0
 40
1.0
 40
1.0
 40
1.0
 10
3955.611234645978
 20
390.753246604464
 30
0.0
 10
3955.562483677978
 20
390.655436156064
 30
0.0
 10
3955.498403757278
 20
390.4410430276641
 30
0.0
 10
3955.529192254878
 20
390.2183346989642
 30
0.0
 10
3955.565035155478
 20
390.116365956464
 30
0.0
  0
SPLINE
  5
1F2C
330
20B
100
AcDbEntity
  8
02___PRT_ALL_AXES
  6
Continuous
 62
     7
100
AcDbSpline
210
0.0
220
0.0
230
1.0
 70
     8
 71
     3
 72
     9
 73
     5
 74
     0
 42
0.0000001
 43
0.0000000001
 40
0.0
 40
0.0
 40
0.0
 40
0.0
 40
0.4974124959
 40
1.0
 40
1.0
 40
1.0
 40
1.0
 10
3956.414942216177
 20
389.5472772426639
 30
0.0
 10
3956.506501903778
 20
389.552114831664
 30
0.0
 10
3956.690494834878
 20
389.5939332222638
 30
0.0
 10
3956.847997568178
 20
389.697545148464
 30
0.0
 10
3956.916067962878
 20
389.760384878064
 30
0.0
  0
SPLINE
  5
1F2D
330
20B
100
AcDbEntity
  8
02___PRT_ALL_AXES
  6
Continuous
 62
     7
100
AcDbSpline
210
0.0
220
0.0
230
1.0
 70
     8
 71
     3
 72
    15
 73
    11
 74
     0
 42
0.0000001
 43
0.0000000001
 40
0.0
 40
0.0
 40
0.0
 40
0.0
 40
0.1253753612
 40
0.250449994
 40
0.3755034875
 40
0.5004659691
 40
0.625384758
 40
0.7501835423000001
 40
0.8753059247999999
 40
1.0
 40
1.0
 40
1.0
 40
1.0
 10
3955.846073574778
 20
388.7568404680637
 30
0.0
 10
3955.798633225779
 20
388.7221483865639
 30
0.0
 10
3955.690784958278
 20
388.669020052464
 30
0.0
 10
3955.512368240878
 20
388.6495763998642
 30
0.0
 10
3955.338066681778
 20
388.692033967864
 30
0.0
 10
3955.188426401178
 20
388.7907835321641
 30
0.0
 10
3955.081379319478
 20
388.9344645983639
 30
0.0
 10
3955.029264909478
 20
389.106047162264
 30
0.0
 10
3955.038930014278
 20
389.2847744622642
 30
0.0
 10
3955.085175234078
 20
389.3953398618639
 30
0.0
 10
3955.116771313478
 20
389.444516866064
 30
0.0
  0
SPLINE
  5
1F2E
330
20B
100
AcDbEntity
  8
02___PRT_ALL_AXES
  6
Continuous
 62
     7
100
AcDbSpline
210
0.0
220
0.0
230
1.0
 70
     8
 71
     3
 72
    15
 73
    11
 74
     0
 42
0.0000001
 43
0.0000000001
 40
0.0
 40
0.0
 40
0.0
 40
0.0
 40
0.1166105039
 40
0.2386176252
 40
0.3668796107
 40
0.4996293524000003
 40
0.6324773542000001
 40
0.7610297153
 40
0.8833525019999999
 40
1.0
 40
1.0
 40
1.0
 40
1.0
 10
3957.532764978878
 20
393.6358906888638
 30
0.0
 10
3957.585244098178
 20
393.7143896166642
 30
0.0
 10
3957.732145820879
 20
393.8511396494641
 30
0.0
 10
3958.021392937178
 20
393.9480350165642
 30
0.0
 10
3958.338126296578
 20
393.926788058764
 30
0.0
 10
3958.635087566479
 20
393.794848221464
 30
0.0
 10
3958.873732409279
 20
393.5740036484639
 30
0.0
 10
3959.018995086578
 20
393.2911306998639
 30
0.0
 10
3959.045127839078
 20
392.9868054847641
 30
0.0
 10
3958.978650522478
 20
392.797140569464
 30
0.0
 10
3958.927593369178
 20
392.7176738163641
 30
0.0
  0
SPLINE
  5
1F2F
330
20B
100
AcDbEntity
  8
02___PRT_ALL_AXES
  6
Continuous
 62
     7
100
AcDbSpline
210
0.0
220
0.0
230
1.0
 70
     8
 71
     3
 72
    15
 73
    11
 74
     0
 42
0.0000001
 43
0.0000000001
 40
0.0
 40
0.0
 40
0.0
 40
0.0
 40
0.1164731037
 40
0.2383467421
 40
0.3665071157
 40
0.4992502905
 40
0.6321979002
 40
0.7608736279000004
 40
0.8832912740000001
 40
1.0
 40
1.0
 40
1.0
 40
1.0
 10
3955.800045081078
 20
390.464718306064
 30
0.0
 10
3955.831318755578
 20
390.5133935104641
 30
0.0
 10
3955.920087030478
 20
390.5986078702643
 30
0.0
 10
3956.096599968678
 20
390.6603559425641
 30
0.0
 10
3956.290970777678
 20
390.6491602861641
 30
0.0
 10
3956.473757340978
 20
390.5695554299638
 30
0.0
 10
3956.621033270579
 20
390.4348246103642
 30
0.0
 10
3956.710996487878
 20
390.2615263587641
 30
0.0
 10
3956.727636786078
 20
390.0747104728639
 30
0.0
 10
3956.686940948178
 20
389.9581997082639
 30
0.0
 10
3956.655604007778
 20
389.9094260351639
 30
0.0
  0
SPLINE
  5
1F30
330
20B
100
AcDbEntity
  8
02___PRT_ALL_AXES
  6
Continuous
 62
     7
100
AcDbSpline
210
0.0
220
0.0
230
1.0
 70
     8
 71
     3
 72
    15
 73
    11
 74
     0
 42
0.0000001
 43
0.0000000001
 40
0.0
 40
0.0
 40
0.0
 40
0.0
 40
0.115028168
 40
0.2345902057
 40
0.3594334161
 40
0.4890959424
 40
0.6212963368
 40
0.752119552
 40
0.8787658693
 40
1.0
 40
1.0
 40
1.0
 40
1.0
 10
3955.118063141977
 20
389.446485968664
 30
0.0
 10
3955.145130703178
 20
389.4886146628642
 30
0.0
 10
3955.218755053678
 20
389.563628320764
 30
0.0
 10
3955.364268738178
 20
389.6296472797638
 30
0.0
 10
3955.529894772078
 20
389.640916584964
 30
0.0
 10
3955.695676760678
 20
389.599415812564
 30
0.0
 10
3955.844147818778
 20
389.509806509264
 30
0.0
 10
3955.959868988978
 20
389.3823442928638
 30
0.0
 10
3956.029678988978
 20
389.229947099564
 30
0.0
 10
3956.039249605378
 20
389.1197050006639
 30
0.0
 10
3956.033858461378
 20
389.0672047195639
 30
0.0
  0
SPLINE
  5
1F31
330
20B
100
AcDbEntity
  8
02___PRT_ALL_AXES
  6
Continuous
 62
     7
100
AcDbSpline
210
0.0
220
0.0
230
1.0
 70
     8
 71
     3
 72
     9
 73
     5
 74
     0
 42
0.0000001
 43
0.0000000001
 40
0.0
 40
0.0
 40
0.0
 40
0.0
 40
0.2556129122
 40
1.0
 40
1.0
 40
1.0
 40
1.0
 10
3956.033858461378
 20
389.0672047195639
 30
0.0
 10
3956.032231104878
 20
389.0513571224639
 30
0.0
 10
3956.022473964978
 20
388.9897789556637
 30
0.0
 10
3955.998699766278
 20
388.9302253137641
 30
0.0
 10
3955.973622068678
 20
388.891193697664
 30
0.0
  0
SPLINE
  5
1F32
330
20B
100
AcDbEntity
  8
02___PRT_ALL_AXES
  6
Continuous
 62
     7
100
AcDbSpline
210
0.0
220
0.0
230
1.0
 70
     8
 71
     3
 72
     8
 73
     4
 74
     0
 42
0.0000001
 43
0.0000000001
 40
0.0
 40
0.0
 40
0.0
 40
0.0
 40
1.0
 40
1.0
 40
1.0
 40
1.0
 10
3955.671014670679
 20
390.8562061585639
 30
0.0
 10
3955.697052422978
 20
390.8949793964642
 30
0.0
 10
3955.727817480978
 20
390.9308909659639
 30
0.0
 10
3955.761801227078
 20
390.962928967164
 30
0.0
  0
SPLINE
  5
1F33
330
20B
100
AcDbEntity
  8
02___PRT_ALL_AXES
  6
Continuous
 62
     7
100
AcDbSpline
210
0.0
220
0.0
230
1.0
 70
     8
 71
     3
 72
    15
 73
    11
 74
     0
 42
0.0000001
 43
0.0000000001
 40
0.0
 40
0.0
 40
0.0
 40
0.0
 40
0.1175762811
 40
0.2400538389
 40
0.3678275283
 40
0.4991905353
 40
0.6307288820000001
 40
0.7589678944
 40
0.8820123047
 40
1.0
 40
1.0
 40
1.0
 40
1.0
 10
3955.761801227078
 20
390.962928967164
 30
0.0
 10
3955.822845757978
 20
391.0204783833639
 30
0.0
 10
3955.971251068578
 20
391.1151805334641
 30
0.0
 10
3956.233623177677
 20
391.167653283564
 30
0.0
 10
3956.508260059278
 20
391.132733252564
 30
0.0
 10
3956.764874328378
 20
391.013914378364
 30
0.0
 10
3956.978088271678
 20
390.8276730304639
 30
0.0
 10
3957.122574290978
 20
390.590571699864
 30
0.0
 10
3957.182869293379
 20
390.3289183980641
 30
0.0
 10
3957.158113890378
 20
390.153964990864
 30
0.0
 10
3957.131005175678
 20
390.074260347864
 30
0.0
  0
SPLINE
  5
1F34
330
20B
100
AcDbEntity
  8
02___PRT_ALL_AXES
  6
Continuous
 62
     7
100
AcDbSpline
210
0.0
220
0.0
230
1.0
 70
     8
 71
     3
 72
     8
 73
     4
 74
     0
 42
0.0000001
 43
0.0000000001
 40
0.0
 40
0.0
 40
0.0
 40
0.0
 40
1.0
 40
1.0
 40
1.0
 40
1.0
 10
3957.131005175678
 20
390.074260347864
 30
0.0
 10
3957.114660805578
 20
390.0262048720639
 30
0.0
 10
3957.092590117278
 20
389.9796632973641
 30
0.0
 10
3957.065152732278
 20
389.9369589990642
 30
0.0
  0
SPLINE
  5
1F35
330
20B
100
AcDbEntity
  8
02___PRT_ALL_AXES
  6
Continuous
 62
     7
100
AcDbSpline
210
0.0
220
0.0
230
1.0
 70
     8
 71
     3
 72
     9
 73
     5
 74
     0
 42
0.0000001
 43
0.0000000001
 40
0.0
 40
0.0
 40
0.0
 40
0.0
 40
0.5027640316
 40
1.0
 40
1.0
 40
1.0
 40
1.0
 10
3958.015279723478
 20
390.5012381398639
 30
0.0
 10
3957.966528755579
 20
390.4034276914639
 30
0.0
 10
3957.902448834778
 20
390.1890345629642
 30
0.0
 10
3957.933237332378
 20
389.9663262343641
 30
0.0
 10
3957.969080233078
 20
389.8643574917638
 30
0.0
  0
SPLINE
  5
1F36
330
20B
100
AcDbEntity
  8
02___PRT_ALL_AXES
  6
Continuous
 62
     7
100
AcDbSpline
210
0.0
220
0.0
230
1.0
 70
     8
 71
     3
 72
     9
 73
     5
 74
     0
 42
0.0000001
 43
0.0000000001
 40
0.0
 40
0.0
 40
0.0
 40
0.0
 40
0.4974124959
 40
1.0
 40
1.0
 40
1.0
 40
1.0
 10
3958.818987293778
 20
389.2952687780641
 30
0.0
 10
3958.910546981278
 20
389.300106367064
 30
0.0
 10
3959.094539912378
 20
389.3419247576639
 30
0.0
 10
3959.252042645778
 20
389.4455366837639
 30
0.0
 10
3959.320113040378
 20
389.5083764134639
 30
0.0
  0
SPLINE
  5
1F37
330
20B
100
AcDbEntity
  8
02___PRT_ALL_AXES
  6
Continuous
 62
     7
100
AcDbSpline
210
0.0
220
0.0
230
1.0
 70
     8
 71
     3
 72
    15
 73
    11
 74
     0
 42
0.0000001
 43
0.0000000001
 40
0.0
 40
0.0
 40
0.0
 40
0.0
 40
0.1253753612
 40
0.250449994
 40
0.3755034875
 40
0.5004659691
 40
0.625384758
 40
0.7501835423000001
 40
0.8753059247999999
 40
1.0
 40
1.0
 40
1.0
 40
1.0
 10
3958.250118652278
 20
388.5048320034641
 30
0.0
 10
3958.202678303378
 20
388.4701399219641
 30
0.0
 10
3958.094830035778
 20
388.4170115877641
 30
0.0
 10
3957.916413318378
 20
388.397567935164
 30
0.0
 10
3957.742111759279
 20
388.4400255031639
 30
0.0
 10
3957.592471478678
 20
388.538775067564
 30
0.0
 10
3957.485424396978
 20
388.6824561336641
 30
0.0
 10
3957.433309987079
 20
388.8540386976639
 30
0.0
 10
3957.442975091878
 20
389.0327659976641
 30
0.0
 10
3957.489220311578
 20
389.143331397264
 30
0.0
 10
3957.520816390978
 20
389.192508401464
 30
0.0
  0
SPLINE
  5
1F38
330
20B
100
AcDbEntity
  8
02___PRT_ALL_AXES
  6
Continuous
 62
     7
100
AcDbSpline
210
0.0
220
0.0
230
1.0
 70
     8
 71
     3
 72
    15
 73
    11
 74
     0
 42
0.0000001
 43
0.0000000001
 40
0.0
 40
0.0
 40
0.0
 40
0.0
 40
0.1166105039
 40
0.2386176252
 40
0.3668796107
 40
0.4996293524000003
 40
0.6324773542000001
 40
0.7610297153
 40
0.8833525019999999
 40
1.0
 40
1.0
 40
1.0
 40
1.0
 10
3959.936810056478
 20
393.3838822241641
 30
0.0
 10
3959.989289175778
 20
393.4623811520639
 30
0.0
 10
3960.136190898378
 20
393.5991311848639
 30
0.0
 10
3960.425438014678
 20
393.696026551964
 30
0.0
 10
3960.742171374078
 20
393.6747795940639
 30
0.0
 10
3961.039132643978
 20
393.5428397568639
 30
0.0
 10
3961.277777486878
 20
393.3219951838639
 30
0.0
 10
3961.423040164078
 20
393.039122235164
 30
0.0
 10
3961.449172916578
 20
392.734797020164
 30
0.0
 10
3961.382695599978
 20
392.5451321047639
 30
0.0
 10
3961.331638446778
 20
392.465665351764
 30
0.0
  0
SPLINE
  5
1F39
330
20B
100
AcDbEntity
  8
02___PRT_ALL_AXES
  6
Continuous
 62
     7
100
AcDbSpline
210
0.0
220
0.0
230
1.0
 70
     8
 71
     3
 72
    15
 73
    11
 74
     0
 42
0.0000001
 43
0.0000000001
 40
0.0
 40
0.0
 40
0.0
 40
0.0
 40
0.1164731037
 40
0.2383467421
 40
0.3665071157
 40
0.4992502905
 40
0.6321979002
 40
0.7608736279000004
 40
0.8832912740000001
 40
1.0
 40
1.0
 40
1.0
 40
1.0
 10
3958.204090158678
 20
390.2127098414642
 30
0.0
 10
3958.235363833178
 20
390.261385045864
 30
0.0
 10
3958.324132107978
 20
390.3465994056642
 30
0.0
 10
3958.500645046278
 20
390.408347477964
 30
0.0
 10
3958.695015855178
 20
390.3971518215639
 30
0.0
 10
3958.877802418578
 20
390.317546965364
 30
0.0
 10
3959.025078348078
 20
390.1828161456639
 30
0.0
 10
3959.115041565378
 20
390.009517894164
 30
0.0
 10
3959.131681863578
 20
389.822702008264
 30
0.0
 10
3959.090986025678
 20
389.706191243664
 30
0.0
 10
3959.059649085278
 20
389.6574175705641
 30
0.0
  0
SPLINE
  5
1F3A
330
20B
100
AcDbEntity
  8
02___PRT_ALL_AXES
  6
Continuous
 62
     7
100
AcDbSpline
210
0.0
220
0.0
230
1.0
 70
     8
 71
     3
 72
    15
 73
    11
 74
     0
 42
0.0000001
 43
0.0000000001
 40
0.0
 40
0.0
 40
0.0
 40
0.0
 40
0.115028168
 40
0.2345902057
 40
0.3594334161
 40
0.4890959424
 40
0.6212963368
 40
0.752119552
 40
0.8787658693
 40
1.0
 40
1.0
 40
1.0
 40
1.0
 10
3957.522108219578
 20
389.1944775039639
 30
0.0
 10
3957.549175780678
 20
389.236606198264
 30
0.0
 10
3957.622800131278
 20
389.3116198561638
 30
0.0
 10
3957.768313815678
 20
389.3776388151641
 30
0.0
 10
3957.933939849678
 20
389.3889081203639
 30
0.0
 10
3958.099721838177
 20
389.3474073479642
 30
0.0
 10
3958.248192896278
 20
389.2577980446641
 30
0.0
 10
3958.363914066578
 20
389.1303358281638
 30
0.0
 10
3958.433724066578
 20
388.9779386349641
 30
0.0
 10
3958.443294682978
 20
388.8676965360642
 30
0.0
 10
3958.437903538979
 20
388.8151962549638
 30
0.0
  0
SPLINE
  5
1F3B
330
20B
100
AcDbEntity
  8
02___PRT_ALL_AXES
  6
Continuous
 62
     7
100
AcDbSpline
210
0.0
220
0.0
230
1.0
 70
     8
 71
     3
 72
     9
 73
     5
 74
     0
 42
0.0000001
 43
0.0000000001
 40
0.0
 40
0.0
 40
0.0
 40
0.0
 40
0.2556129122
 40
1.0
 40
1.0
 40
1.0
 40
1.0
 10
3958.437903538979
 20
388.8151962549638
 30
0.0
 10
3958.436276182379
 20
388.799348657764
 30
0.0
 10
3958.426519042478
 20
388.7377704910642
 30
0.0
 10
3958.402744843778
 20
388.678216849164
 30
0.0
 10
3958.377667146178
 20
388.6391852330641
 30
0.0
  0
SPLINE
  5
1F3C
330
20B
100
AcDbEntity
  8
02___PRT_ALL_AXES
  6
Continuous
 62
     7
100
AcDbSpline
210
0.0
220
0.0
230
1.0
 70
     8
 71
     3
 72
     8
 73
     4
 74
     0
 42
0.0000001
 43
0.0000000001
 40
0.0
 40
0.0
 40
0.0
 40
0.0
 40
1.0
 40
1.0
 40
1.0
 40
1.0
 10
3958.075059748178
 20
390.6041976939642
 30
0.0
 10
3958.101097500478
 20
390.6429709318642
 30
0.0
 10
3958.131862558478
 20
390.6788825013638
 30
0.0
 10
3958.165846304579
 20
390.710920502564
 30
0.0
  0
SPLINE
  5
1F3D
330
20B
100
AcDbEntity
  8
02___PRT_ALL_AXES
  6
Continuous
 62
     7
100
AcDbSpline
210
0.0
220
0.0
230
1.0
 70
     8
 71
     3
 72
    15
 73
    11
 74
     0
 42
0.0000001
 43
0.0000000001
 40
0.0
 40
0.0
 40
0.0
 40
0.0
 40
0.1175762811
 40
0.2400538389
 40
0.3678275283
 40
0.4991905353
 40
0.6307288820000001
 40
0.7589678944
 40
0.8820123047
 40
1.0
 40
1.0
 40
1.0
 40
1.0
 10
3958.165846304579
 20
390.710920502564
 30
0.0
 10
3958.226890835478
 20
390.7684699187641
 30
0.0
 10
3958.375296146078
 20
390.863172068864
 30
0.0
 10
3958.637668255278
 20
390.9156448188641
 30
0.0
 10
3958.912305136878
 20
390.8807247879638
 30
0.0
 10
3959.168919405878
 20
390.7619059137641
 30
0.0
 10
3959.382133349178
 20
390.5756645658641
 30
0.0
 10
3959.526619368478
 20
390.3385632352642
 30
0.0
 10
3959.586914370878
 20
390.076909933464
 30
0.0
 10
3959.562158967878
 20
389.901956526264
 30
0.0
 10
3959.535050253179
 20
389.8222518832642
 30
0.0
  0
SPLINE
  5
1F3E
330
20B
100
AcDbEntity
  8
02___PRT_ALL_AXES
  6
Continuous
 62
     7
100
AcDbSpline
210
0.0
220
0.0
230
1.0
 70
     8
 71
     3
 72
     8
 73
     4
 74
     0
 42
0.0000001
 43
0.0000000001
 40
0.0
 40
0.0
 40
0.0
 40
0.0
 40
1.0
 40
1.0
 40
1.0
 40
1.0
 10
3959.535050253179
 20
389.8222518832642
 30
0.0
 10
3959.518705883179
 20
389.7741964074642
 30
0.0
 10
3959.496635194778
 20
389.7276548327639
 30
0.0
 10
3959.469197809778
 20
389.6849505344639
 30
0.0
  0
SPLINE
  5
1F3F
330
20B
100
AcDbEntity
  8
02___PRT_ALL_AXES
  6
Continuous
 62
     7
100
AcDbSpline
210
0.0
220
0.0
230
1.0
 70
     8
 71
     3
 72
     9
 73
     5
 74
     0
 42
0.0000001
 43
0.0000000001
 40
0.0
 40
0.0
 40
0.0
 40
0.0
 40
0.5027640316
 40
1.0
 40
1.0
 40
1.0
 40
1.0
 10
3960.419324801078
 20
390.2492296752641
 30
0.0
 10
3960.370573833078
 20
390.1514192267638
 30
0.0
 10
3960.306493912278
 20
389.9370260983639
 30
0.0
 10
3960.337282409978
 20
389.7143177697639
 30
0.0
 10
3960.373125310578
 20
389.612349027164
 30
0.0
  0
SPLINE
  5
1F40
330
20B
100
AcDbEntity
  8
02___PRT_ALL_AXES
  6
Continuous
 62
     7
100
AcDbSpline
210
0.0
220
0.0
230
1.0
 70
     8
 71
     3
 72
     9
 73
     5
 74
     0
 42
0.0000001
 43
0.0000000001
 40
0.0
 40
0.0
 40
0.0
 40
0.0
 40
0.4974124959
 40
1.0
 40
1.0
 40
1.0
 40
1.0
 10
3961.223032371278
 20
389.0432603134641
 30
0.0
 10
3961.31459205878
 20
389.0480979024641
 30
0.0
 10
3961.498584989977
 20
389.0899162929642
 30
0.0
 10
3961.656087723279
 20
389.1935282191641
 30
0.0
 10
3961.724158117878
 20
389.2563679488639
 30
0.0
  0
SPLINE
  5
1F41
330
20B
100
AcDbEntity
  8
02___PRT_ALL_AXES
  6
Continuous
 62
     7
100
AcDbSpline
210
0.0
220
0.0
230
1.0
 70
     8
 71
     3
 72
    15
 73
    11
 74
     0
 42
0.0000001
 43
0.0000000001
 40
0.0
 40
0.0
 40
0.0
 40
0.0
 40
0.1253753612
 40
0.250449994
 40
0.3755034875
 40
0.5004659691
 40
0.625384758
 40
0.7501835423000001
 40
0.8753059247999999
 40
1.0
 40
1.0
 40
1.0
 40
1.0
 10
3960.654163729878
 20
388.252823538864
 30
0.0
 10
3960.606723380879
 20
388.2181314573638
 30
0.0
 10
3960.498875113279
 20
388.165003123164
 30
0.0
 10
3960.320458395978
 20
388.1455594705639
 30
0.0
 10
3960.146156836778
 20
388.188017038564
 30
0.0
 10
3959.996516556179
 20
388.2867666029642
 30
0.0
 10
3959.889469474478
 20
388.4304476690642
 30
0.0
 10
3959.837355064578
 20
388.6020302330641
 30
0.0
 10
3959.847020169378
 20
388.7807575329641
 30
0.0
 10
3959.893265389078
 20
388.891322932664
 30
0.0
 10
3959.924861468478
 20
388.9404999368639
 30
0.0
  0
SPLINE
  5
1F42
330
20B
100
AcDbEntity
  8
02___PRT_ALL_AXES
  6
Continuous
 62
     7
100
AcDbSpline
210
0.0
220
0.0
230
1.0
 70
     8
 71
     3
 72
    15
 73
    11
 74
     0
 42
0.0000001
 43
0.0000000001
 40
0.0
 40
0.0
 40
0.0
 40
0.0
 40
0.1166105039
 40
0.2386176252
 40
0.3668796107
 40
0.4996293524000003
 40
0.6324773542000001
 40
0.7610297153
 40
0.8833525019999999
 40
1.0
 40
1.0
 40
1.0
 40
1.0
 10
3962.340855133979
 20
393.131873759564
 30
0.0
 10
3962.393334253278
 20
393.2103726874641
 30
0.0
 10
3962.540235975878
 20
393.3471227202639
 30
0.0
 10
3962.829483092178
 20
393.4440180872641
 30
0.0
 10
3963.146216451678
 20
393.422771129464
 30
0.0
 10
3963.443177721478
 20
393.290831292264
 30
0.0
 10
3963.681822564378
 20
393.069986719264
 30
0.0
 10
3963.827085241677
 20
392.787113770564
 30
0.0
 10
3963.853217994179
 20
392.4827885555639
 30
0.0
 10
3963.786740677477
 20
392.2931236401641
 30
0.0
 10
3963.735683524279
 20
392.2136568871638
 30
0.0
  0
SPLINE
  5
1F43
330
20B
100
AcDbEntity
  8
02___PRT_ALL_AXES
  6
Continuous
 62
     7
100
AcDbSpline
210
0.0
220
0.0
230
1.0
 70
     8
 71
     3
 72
    15
 73
    11
 74
     0
 42
0.0000001
 43
0.0000000001
 40
0.0
 40
0.0
 40
0.0
 40
0.0
 40
0.1164731037
 40
0.2383467421
 40
0.3665071157
 40
0.4992502905
 40
0.6321979002
 40
0.7608736279000004
 40
0.8832912740000001
 40
1.0
 40
1.0
 40
1.0
 40
1.0
 10
3960.608135236178
 20
389.960701376864
 30
0.0
 10
3960.639408910678
 20
390.0093765812637
 30
0.0
 10
3960.728177185478
 20
390.0945909410642
 30
0.0
 10
3960.904690123778
 20
390.156339013364
 30
0.0
 10
3961.099060932678
 20
390.1451433569641
 30
0.0
 10
3961.281847496078
 20
390.0655385007638
 30
0.0
 10
3961.429123425578
 20
389.9308076810639
 30
0.0
 10
3961.519086642879
 20
389.7575094295642
 30
0.0
 10
3961.535726941178
 20
389.5706935436639
 30
0.0
 10
3961.495031103178
 20
389.4541827789638
 30
0.0
 10
3961.463694162878
 20
389.4054091058639
 30
0.0
  0
SPLINE
  5
1F44
330
20B
100
AcDbEntity
  8
02___PRT_ALL_AXES
  6
Continuous
 62
     7
100
AcDbSpline
210
0.0
220
0.0
230
1.0
 70
     8
 71
     3
 72
    15
 73
    11
 74
     0
 42
0.0000001
 43
0.0000000001
 40
0.0
 40
0.0
 40
0.0
 40
0.0
 40
0.115028168
 40
0.2345902057
 40
0.3594334161
 40
0.4890959424
 40
0.6212963368
 40
0.752119552
 40
0.8787658693
 40
1.0
 40
1.0
 40
1.0
 40
1.0
 10
3959.926153297078
 20
388.9424690393639
 30
0.0
 10
3959.953220858178
 20
388.9845977336642
 30
0.0
 10
3960.026845208778
 20
389.0596113915639
 30
0.0
 10
3960.172358893279
 20
389.125630350564
 30
0.0
 10
3960.337984927178
 20
389.1368996557639
 30
0.0
 10
3960.503766915678
 20
389.0953988833639
 30
0.0
 10
3960.652237973878
 20
389.0057895800638
 30
0.0
 10
3960.767959144078
 20
388.8783273635642
 30
0.0
 10
3960.837769144078
 20
388.725930170364
 30
0.0
 10
3960.847339760479
 20
388.615688071464
 30
0.0
 10
3960.841948616478
 20
388.5631877902642
 30
0.0
  0
SPLINE
  5
1F45
330
20B
100
AcDbEntity
  8
02___PRT_ALL_AXES
  6
Continuous
 62
     7
100
AcDbSpline
210
0.0
220
0.0
230
1.0
 70
     8
 71
     3
 72
     9
 73
     5
 74
     0
 42
0.0000001
 43
0.0000000001
 40
0.0
 40
0.0
 40
0.0
 40
0.0
 40
0.2556129122
 40
1.0
 40
1.0
 40
1.0
 40
1.0
 10
3960.841948616478
 20
388.5631877902642
 30
0.0
 10
3960.840321259878
 20
388.547340193164
 30
0.0
 10
3960.830564120078
 20
388.4857620263639
 30
0.0
 10
3960.806789921379
 20
388.4262083845642
 30
0.0
 10
3960.781712223777
 20
388.387176768464
 30
0.0
  0
SPLINE
  5
1F46
330
20B
100
AcDbEntity
  8
02___PRT_ALL_AXES
  6
Continuous
 62
     7
100
AcDbSpline
210
0.0
220
0.0
230
1.0
 70
     8
 71
     3
 72
     8
 73
     4
 74
     0
 42
0.0000001
 43
0.0000000001
 40
0.0
 40
0.0
 40
0.0
 40
0.0
 40
1.0
 40
1.0
 40
1.0
 40
1.0
 10
3960.479104825678
 20
390.3521892293642
 30
0.0
 10
3960.505142577978
 20
390.3909624672639
 30
0.0
 10
3960.535907635978
 20
390.426874036764
 30
0.0
 10
3960.569891382178
 20
390.4589120378639
 30
0.0
  0
SPLINE
  5
1F47
330
20B
100
AcDbEntity
  8
02___PRT_ALL_AXES
  6
Continuous
 62
     7
100
AcDbSpline
210
0.0
220
0.0
230
1.0
 70
     8
 71
     3
 72
    15
 73
    11
 74
     0
 42
0.0000001
 43
0.0000000001
 40
0.0
 40
0.0
 40
0.0
 40
0.0
 40
0.1175762811
 40
0.2400538389
 40
0.3678275283
 40
0.4991905353
 40
0.6307288820000001
 40
0.7589678944
 40
0.8820123047
 40
1.0
 40
1.0
 40
1.0
 40
1.0
 10
3960.569891382178
 20
390.4589120378639
 30
0.0
 10
3960.630935913078
 20
390.516461454164
 30
0.0
 10
3960.779341223578
 20
390.611163604264
 30
0.0
 10
3961.041713332778
 20
390.6636363542641
 30
0.0
 10
3961.316350214378
 20
390.6287163233639
 30
0.0
 10
3961.572964483478
 20
390.5098974490642
 30
0.0
 10
3961.786178426778
 20
390.323656101264
 30
0.0
 10
3961.930664445978
 20
390.0865547706639
 30
0.0
 10
3961.990959448379
 20
389.8249014688642
 30
0.0
 10
3961.966204045378
 20
389.6499480616639
 30
0.0
 10
3961.939095330779
 20
389.5702434186639
 30
0.0
  0
SPLINE
  5
1F48
330
20B
100
AcDbEntity
  8
02___PRT_ALL_AXES
  6
Continuous
 62
     7
100
AcDbSpline
210
0.0
220
0.0
230
1.0
 70
     8
 71
     3
 72
     8
 73
     4
 74
     0
 42
0.0000001
 43
0.0000000001
 40
0.0
 40
0.0
 40
0.0
 40
0.0
 40
1.0
 40
1.0
 40
1.0
 40
1.0
 10
3961.939095330779
 20
389.5702434186639
 30
0.0
 10
3961.922750960678
 20
389.522187942864
 30
0.0
 10
3961.900680272378
 20
389.4756463681639
 30
0.0
 10
3961.873242887278
 20
389.4329420698641
 30
0.0
  0
SPLINE
  5
1F49
330
20B
100
AcDbEntity
  8
02___PRT_ALL_AXES
  6
Continuous
 62
     7
100
AcDbSpline
210
0.0
220
0.0
230
1.0
 70
     8
 71
     3
 72
     9
 73
     5
 74
     0
 42
0.0000001
 43
0.0000000001
 40
0.0
 40
0.0
 40
0.0
 40
0.0
 40
0.5027640316
 40
1.0
 40
1.0
 40
1.0
 40
1.0
 10
3965.267282827178
 20
387.5684563579641
 30
0.0
 10
3965.218531859178
 20
387.4706459095642
 30
0.0
 10
3965.154451938478
 20
387.256252781164
 30
0.0
 10
3965.185240436078
 20
387.0335444524639
 30
0.0
 10
3965.221083336778
 20
386.9315757099639
 30
0.0
  0
SPLINE
  5
1F4A
330
20B
100
AcDbEntity
  8
02___PRT_ALL_AXES
  6
Continuous
 62
     7
100
AcDbSpline
210
0.0
220
0.0
230
1.0
 70
     8
 71
     3
 72
     9
 73
     5
 74
     0
 42
0.0000001
 43
0.0000000001
 40
0.0
 40
0.0
 40
0.0
 40
0.0
 40
0.4974124959
 40
1.0
 40
1.0
 40
1.0
 40
1.0
 10
3966.070990397478
 20
386.362486996164
 30
0.0
 10
3966.162550084978
 20
386.3673245851639
 30
0.0
 10
3966.346543016078
 20
386.409142975764
 30
0.0
 10
3966.504045749378
 20
386.5127549019639
 30
0.0
 10
3966.572116144078
 20
386.5755946315641
 30
0.0
  0
SPLINE
  5
1F4B
330
20B
100
AcDbEntity
  8
02___PRT_ALL_AXES
  6
Continuous
 62
     7
100
AcDbSpline
210
0.0
220
0.0
230
1.0
 70
     8
 71
     3
 72
    15
 73
    11
 74
     0
 42
0.0000001
 43
0.0000000001
 40
0.0
 40
0.0
 40
0.0
 40
0.0
 40
0.1253753612
 40
0.250449994
 40
0.3755034875
 40
0.5004659691
 40
0.625384758
 40
0.7501835423000001
 40
0.8753059247999999
 40
1.0
 40
1.0
 40
1.0
 40
1.0
 10
3965.502121755978
 20
385.5720502216641
 30
0.0
 10
3965.454681406978
 20
385.537358140164
 30
0.0
 10
3965.346833139479
 20
385.484229805964
 30
0.0
 10
3965.168416422078
 20
385.4647861533639
 30
0.0
 10
3964.994114862978
 20
385.5072437213639
 30
0.0
 10
3964.844474582378
 20
385.605993285664
 30
0.0
 10
3964.737427500678
 20
385.749674351864
 30
0.0
 10
3964.685313090678
 20
385.9212569157642
 30
0.0
 10
3964.694978195478
 20
386.0999842157639
 30
0.0
 10
3964.741223415277
 20
386.2105496153641
 30
0.0
 10
3964.772819494678
 20
386.2597266195641
 30
0.0
  0
SPLINE
  5
1F4C
330
20B
100
AcDbEntity
  8
02___PRT_ALL_AXES
  6
Continuous
 62
     7
100
AcDbSpline
210
0.0
220
0.0
230
1.0
 70
     8
 71
     3
 72
    15
 73
    11
 74
     0
 42
0.0000001
 43
0.0000000001
 40
0.0
 40
0.0
 40
0.0
 40
0.0
 40
0.1166105039
 40
0.2386176252
 40
0.3668796107
 40
0.4996293524000003
 40
0.6324773542000001
 40
0.7610297153
 40
0.8833525019999999
 40
1.0
 40
1.0
 40
1.0
 40
1.0
 10
3967.188813160177
 20
390.4511004423641
 30
0.0
 10
3967.241292279478
 20
390.529599370164
 30
0.0
 10
3967.388194002078
 20
390.6663494029642
 30
0.0
 10
3967.677441118379
 20
390.7632447700641
 30
0.0
 10
3967.994174477778
 20
390.7419978122641
 30
0.0
 10
3968.291135747679
 20
390.610057974964
 30
0.0
 10
3968.529780590478
 20
390.389213401964
 30
0.0
 10
3968.675043267778
 20
390.106340453364
 30
0.0
 10
3968.701176020278
 20
389.8020152382642
 30
0.0
 10
3968.634698703679
 20
389.6123503229639
 30
0.0
 10
3968.583641550478
 20
389.5328835698639
 30
0.0
  0
SPLINE
  5
1F4D
330
20B
100
AcDbEntity
  8
02___PRT_ALL_AXES
  6
Continuous
 62
     7
100
AcDbSpline
210
0.0
220
0.0
230
1.0
 70
     8
 71
     3
 72
    15
 73
    11
 74
     0
 42
0.0000001
 43
0.0000000001
 40
0.0
 40
0.0
 40
0.0
 40
0.0
 40
0.1164731037
 40
0.2383467421
 40
0.3665071157
 40
0.4992502905
 40
0.6321979002
 40
0.7608736279000004
 40
0.8832912740000001
 40
1.0
 40
1.0
 40
1.0
 40
1.0
 10
3965.456093262377
 20
387.2799280596641
 30
0.0
 10
3965.487366936778
 20
387.3286032639642
 30
0.0
 10
3965.576135211678
 20
387.4138176238639
 30
0.0
 10
3965.752648149978
 20
387.475565696064
 30
0.0
 10
3965.947018958878
 20
387.464370039664
 30
0.0
 10
3966.129805522178
 20
387.3847651834639
 30
0.0
 10
3966.277081451778
 20
387.2500343638639
 30
0.0
 10
3966.367044669078
 20
387.0767361122639
 30
0.0
 10
3966.383684967278
 20
386.8899202264641
 30
0.0
 10
3966.342989129378
 20
386.7734094617643
 30
0.0
 10
3966.311652188977
 20
386.7246357886638
 30
0.0
  0
SPLINE
  5
1F4E
330
20B
100
AcDbEntity
  8
02___PRT_ALL_AXES
  6
Continuous
 62
     7
100
AcDbSpline
210
0.0
220
0.0
230
1.0
 70
     8
 71
     3
 72
    15
 73
    11
 74
     0
 42
0.0000001
 43
0.0000000001
 40
0.0
 40
0.0
 40
0.0
 40
0.0
 40
0.115028168
 40
0.2345902057
 40
0.3594334161
 40
0.4890959424
 40
0.6212963368
 40
0.752119552
 40
0.8787658693
 40
1.0
 40
1.0
 40
1.0
 40
1.0
 10
3964.774111323178
 20
386.2616957221638
 30
0.0
 10
3964.801178884378
 20
386.303824416364
 30
0.0
 10
3964.874803234978
 20
386.3788380742639
 30
0.0
 10
3965.020316919378
 20
386.4448570332638
 30
0.0
 10
3965.185942953379
 20
386.4561263384639
 30
0.0
 10
3965.351724941879
 20
386.4146255661639
 30
0.0
 10
3965.500195999978
 20
386.3250162627641
 30
0.0
 10
3965.615917170179
 20
386.197554046364
 30
0.0
 10
3965.685727170278
 20
386.045156853064
 30
0.0
 10
3965.695297786678
 20
385.934914754164
 30
0.0
 10
3965.689906642678
 20
385.882414473064
 30
0.0
  0
SPLINE
  5
1F4F
330
20B
100
AcDbEntity
  8
02___PRT_ALL_AXES
  6
Continuous
 62
     7
100
AcDbSpline
210
0.0
220
0.0
230
1.0
 70
     8
 71
     3
 72
     9
 73
     5
 74
     0
 42
0.0000001
 43
0.0000000001
 40
0.0
 40
0.0
 40
0.0
 40
0.0
 40
0.2556129122
 40
1.0
 40
1.0
 40
1.0
 40
1.0
 10
3965.689906642678
 20
385.882414473064
 30
0.0
 10
3965.688279286078
 20
385.866566875964
 30
0.0
 10
3965.678522146178
 20
385.804988709164
 30
0.0
 10
3965.654747947477
 20
385.7454350672639
 30
0.0
 10
3965.629670249878
 20
385.706403451164
 30
0.0
  0
SPLINE
  5
1F50
330
20B
100
AcDbEntity
  8
02___PRT_ALL_AXES
  6
Continuous
 62
     7
100
AcDbSpline
210
0.0
220
0.0
230
1.0
 70
     8
 71
     3
 72
     8
 73
     4
 74
     0
 42
0.0000001
 43
0.0000000001
 40
0.0
 40
0.0
 40
0.0
 40
0.0
 40
1.0
 40
1.0
 40
1.0
 40
1.0
 10
3965.327062851878
 20
387.671415912164
 30
0.0
 10
3965.353100604178
 20
387.7101891499639
 30
0.0
 10
3965.383865662178
 20
387.746100719464
 30
0.0
 10
3965.417849408278
 20
387.7781387206641
 30
0.0
  0
SPLINE
  5
1F51
330
20B
100
AcDbEntity
  8
02___PRT_ALL_AXES
  6
Continuous
 62
     7
100
AcDbSpline
210
0.0
220
0.0
230
1.0
 70
     8
 71
     3
 72
    15
 73
    11
 74
     0
 42
0.0000001
 43
0.0000000001
 40
0.0
 40
0.0
 40
0.0
 40
0.0
 40
0.1175762811
 40
0.2400538389
 40
0.3678275283
 40
0.4991905353
 40
0.6307288820000001
 40
0.7589678944
 40
0.8820123047
 40
1.0
 40
1.0
 40
1.0
 40
1.0
 10
3965.417849408278
 20
387.7781387206641
 30
0.0
 10
3965.478893939178
 20
387.835688136864
 30
0.0
 10
3965.627299249778
 20
387.9303902869639
 30
0.0
 10
3965.889671358978
 20
387.9828630370639
 30
0.0
 10
3966.164308240577
 20
387.9479430061639
 30
0.0
 10
3966.420922509578
 20
387.829124131864
 30
0.0
 10
3966.634136452878
 20
387.642882783964
 30
0.0
 10
3966.778622472178
 20
387.4057814533639
 30
0.0
 10
3966.838917474579
 20
387.144128151564
 30
0.0
 10
3966.814162071578
 20
386.9691747443638
 30
0.0
 10
3966.787053356878
 20
386.8894701014639
 30
0.0
  0
SPLINE
  5
1F52
330
20B
100
AcDbEntity
  8
02___PRT_ALL_AXES
  6
Continuous
 62
     7
100
AcDbSpline
210
0.0
220
0.0
230
1.0
 70
     8
 71
     3
 72
     8
 73
     4
 74
     0
 42
0.0000001
 43
0.0000000001
 40
0.0
 40
0.0
 40
0.0
 40
0.0
 40
1.0
 40
1.0
 40
1.0
 40
1.0
 10
3966.787053356878
 20
386.8894701014639
 30
0.0
 10
3966.770708986878
 20
386.8414146256638
 30
0.0
 10
3966.748638298478
 20
386.7948730508641
 30
0.0
 10
3966.721200913478
 20
386.752168752564
 30
0.0
  0
SPLINE
  5
1F53
330
20B
100
AcDbEntity
  8
02___PRT_ALL_AXES
  6
Continuous
 62
     7
100
AcDbSpline
210
0.0
220
0.0
230
1.0
 70
     8
 71
     3
 72
     9
 73
     5
 74
     0
 42
0.0000001
 43
0.0000000001
 40
0.0
 40
0.0
 40
0.0
 40
0.0
 40
0.5027640316
 40
1.0
 40
1.0
 40
1.0
 40
1.0
 10
3962.823369878578
 20
389.997221210564
 30
0.0
 10
3962.774618910578
 20
389.899410762164
 30
0.0
 10
3962.710538989878
 20
389.6850176337641
 30
0.0
 10
3962.741327487478
 20
389.462309305064
 30
0.0
 10
3962.777170388078
 20
389.3603405625642
 30
0.0
  0
SPLINE
  5
1F54
330
20B
100
AcDbEntity
  8
02___PRT_ALL_AXES
  6
Continuous
 62
     7
100
AcDbSpline
210
0.0
220
0.0
230
1.0
 70
     8
 71
     3
 72
     9
 73
     5
 74
     0
 42
0.0000001
 43
0.0000000001
 40
0.0
 40
0.0
 40
0.0
 40
0.0
 40
0.4974124959
 40
1.0
 40
1.0
 40
1.0
 40
1.0
 10
3963.627077448779
 20
388.7912518488642
 30
0.0
 10
3963.718637136377
 20
388.7960894378642
 30
0.0
 10
3963.90263006748
 20
388.8379078283639
 30
0.0
 10
3964.060132800778
 20
388.9415197545639
 30
0.0
 10
3964.128203195478
 20
389.004359484164
 30
0.0
  0
SPLINE
  5
1F55
330
20B
100
AcDbEntity
  8
02___PRT_ALL_AXES
  6
Continuous
 62
     7
100
AcDbSpline
210
0.0
220
0.0
230
1.0
 70
     8
 71
     3
 72
    15
 73
    11
 74
     0
 42
0.0000001
 43
0.0000000001
 40
0.0
 40
0.0
 40
0.0
 40
0.0
 40
0.1253753612
 40
0.250449994
 40
0.3755034875
 40
0.5004659691
 40
0.625384758
 40
0.7501835423000001
 40
0.8753059247999999
 40
1.0
 40
1.0
 40
1.0
 40
1.0
 10
3963.058208807378
 20
388.0008150742638
 30
0.0
 10
3963.010768458378
 20
387.9661229927639
 30
0.0
 10
3962.902920190879
 20
387.9129946585639
 30
0.0
 10
3962.724503473478
 20
387.8935510059641
 30
0.0
 10
3962.550201914378
 20
387.9360085739642
 30
0.0
 10
3962.400561633778
 20
388.0347581382642
 30
0.0
 10
3962.293514552079
 20
388.1784392044639
 30
0.0
 10
3962.241400142079
 20
388.3500217684641
 30
0.0
 10
3962.251065246878
 20
388.5287490683641
 30
0.0
 10
3962.297310466679
 20
388.6393144679641
 30
0.0
 10
3962.328906546078
 20
388.688491472164
 30
0.0
  0
SPLINE
  5
1F56
330
20B
100
AcDbEntity
  8
02___PRT_ALL_AXES
  6
Continuous
 62
     7
100
AcDbSpline
210
0.0
220
0.0
230
1.0
 70
     8
 71
     3
 72
    15
 73
    11
 74
     0
 42
0.0000001
 43
0.0000000001
 40
0.0
 40
0.0
 40
0.0
 40
0.0
 40
0.1166105039
 40
0.2386176252
 40
0.3668796107
 40
0.4996293524000003
 40
0.6324773542000001
 40
0.7610297153
 40
0.8833525019999999
 40
1.0
 40
1.0
 40
1.0
 40
1.0
 10
3964.744900211478
 20
392.8798652949642
 30
0.0
 10
3964.797379330877
 20
392.9583642227639
 30
0.0
 10
3964.944281053478
 20
393.095114255564
 30
0.0
 10
3965.233528169778
 20
393.1920096226641
 30
0.0
 10
3965.550261529178
 20
393.1707626648639
 30
0.0
 10
3965.847222799078
 20
393.038822827664
 30
0.0
 10
3966.085867641878
 20
392.8179782545639
 30
0.0
 10
3966.231130319178
 20
392.5351053059639
 30
0.0
 10
3966.257263071678
 20
392.2307800909641
 30
0.0
 10
3966.190785755078
 20
392.041115175564
 30
0.0
 10
3966.139728601778
 20
391.9616484224641
 30
0.0
  0
SPLINE
  5
1F57
330
20B
100
AcDbEntity
  8
02___PRT_ALL_AXES
  6
Continuous
 62
     7
100
AcDbSpline
210
0.0
220
0.0
230
1.0
 70
     8
 71
     3
 72
    15
 73
    11
 74
     0
 42
0.0000001
 43
0.0000000001
 40
0.0
 40
0.0
 40
0.0
 40
0.0
 40
0.1164731037
 40
0.2383467421
 40
0.3665071157
 40
0.4992502905
 40
0.6321979002
 40
0.7608736279000004
 40
0.8832912740000001
 40
1.0
 40
1.0
 40
1.0
 40
1.0
 10
3963.012180313678
 20
389.7086929122638
 30
0.0
 10
3963.043453988177
 20
389.7573681165642
 30
0.0
 10
3963.132222263078
 20
389.8425824764641
 30
0.0
 10
3963.308735201278
 20
389.9043305487641
 30
0.0
 10
3963.503106010278
 20
389.8931348923639
 30
0.0
 10
3963.685892573578
 20
389.8135300361641
 30
0.0
 10
3963.833168503178
 20
389.678799216464
 30
0.0
 10
3963.923131720477
 20
389.505500964864
 30
0.0
 10
3963.939772018678
 20
389.3186850790641
 30
0.0
 10
3963.899076180778
 20
389.2021743143641
 30
0.0
 10
3963.867739240378
 20
389.1534006412639
 30
0.0
  0
SPLINE
  5
1F58
330
20B
100
AcDbEntity
  8
02___PRT_ALL_AXES
  6
Continuous
 62
     7
100
AcDbSpline
210
0.0
220
0.0
230
1.0
 70
     8
 71
     3
 72
    15
 73
    11
 74
     0
 42
0.0000001
 43
0.0000000001
 40
0.0
 40
0.0
 40
0.0
 40
0.0
 40
0.115028168
 40
0.2345902057
 40
0.3594334161
 40
0.4890959424
 40
0.6212963368
 40
0.752119552
 40
0.8787658693
 40
1.0
 40
1.0
 40
1.0
 40
1.0
 10
3962.330198374579
 20
388.690460574764
 30
0.0
 10
3962.357265935779
 20
388.7325892689639
 30
0.0
 10
3962.430890286278
 20
388.8076029269641
 30
0.0
 10
3962.576403970778
 20
388.8736218858639
 30
0.0
 10
3962.742030004778
 20
388.8848911911641
 30
0.0
 10
3962.907811993279
 20
388.843390418764
 30
0.0
 10
3963.056283051378
 20
388.7537811154641
 30
0.0
 10
3963.172004221578
 20
388.6263188989639
 30
0.0
 10
3963.241814221578
 20
388.4739217057638
 30
0.0
 10
3963.251384837978
 20
388.3636796068641
 30
0.0
 10
3963.245993693977
 20
388.3111793256641
 30
0.0
  0
SPLINE
  5
1F59
330
20B
100
AcDbEntity
  8
02___PRT_ALL_AXES
  6
Continuous
 62
     7
100
AcDbSpline
210
0.0
220
0.0
230
1.0
 70
     8
 71
     3
 72
     9
 73
     5
 74
     0
 42
0.0000001
 43
0.0000000001
 40
0.0
 40
0.0
 40
0.0
 40
0.0
 40
0.2556129122
 40
1.0
 40
1.0
 40
1.0
 40
1.0
 10
3963.245993693977
 20
388.3111793256641
 30
0.0
 10
3963.244366337478
 20
388.2953317285638
 30
0.0
 10
3963.234609197577
 20
388.2337535617642
 30
0.0
 10
3963.210834998879
 20
388.1741999198641
 30
0.0
 10
3963.185757301277
 20
388.1351683037639
 30
0.0
  0
SPLINE
  5
1F5A
330
20B
100
AcDbEntity
  8
02___PRT_ALL_AXES
  6
Continuous
 62
     7
100
AcDbSpline
210
0.0
220
0.0
230
1.0
 70
     8
 71
     3
 72
     8
 73
     4
 74
     0
 42
0.0000001
 43
0.0000000001
 40
0.0
 40
0.0
 40
0.0
 40
0.0
 40
1.0
 40
1.0
 40
1.0
 40
1.0
 10
3962.883149903279
 20
390.1001807647642
 30
0.0
 10
3962.909187655578
 20
390.1389540026641
 30
0.0
 10
3962.939952713578
 20
390.1748655720641
 30
0.0
 10
3962.973936459678
 20
390.206903573264
 30
0.0
  0
SPLINE
  5
1F5B
330
20B
100
AcDbEntity
  8
02___PRT_ALL_AXES
  6
Continuous
 62
     7
100
AcDbSpline
210
0.0
220
0.0
230
1.0
 70
     8
 71
     3
 72
    15
 73
    11
 74
     0
 42
0.0000001
 43
0.0000000001
 40
0.0
 40
0.0
 40
0.0
 40
0.0
 40
0.1175762811
 40
0.2400538389
 40
0.3678275283
 40
0.4991905353
 40
0.6307288820000001
 40
0.7589678944
 40
0.8820123047
 40
1.0
 40
1.0
 40
1.0
 40
1.0
 10
3962.973936459678
 20
390.206903573264
 30
0.0
 10
3963.034980990578
 20
390.2644529895639
 30
0.0
 10
3963.183386301178
 20
390.3591551396642
 30
0.0
 10
3963.445758410378
 20
390.411627889664
 30
0.0
 10
3963.720395291878
 20
390.3767078587641
 30
0.0
 10
3963.977009560978
 20
390.2578889844639
 30
0.0
 10
3964.190223504278
 20
390.0716476365639
 30
0.0
 10
3964.334709523578
 20
389.834546306064
 30
0.0
 10
3964.395004525978
 20
389.5728930042638
 30
0.0
 10
3964.370249122978
 20
389.3979395970638
 30
0.0
 10
3964.343140408278
 20
389.3182349540641
 30
0.0
  0
SPLINE
  5
1F5C
330
20B
100
AcDbEntity
  8
02___PRT_ALL_AXES
  6
Continuous
 62
     7
100
AcDbSpline
210
0.0
220
0.0
230
1.0
 70
     8
 71
     3
 72
     8
 73
     4
 74
     0
 42
0.0000001
 43
0.0000000001
 40
0.0
 40
0.0
 40
0.0
 40
0.0
 40
1.0
 40
1.0
 40
1.0
 40
1.0
 10
3964.343140408278
 20
389.3182349540641
 30
0.0
 10
3964.326796038179
 20
389.2701794782642
 30
0.0
 10
3964.304725349878
 20
389.2236379035642
 30
0.0
 10
3964.277287964878
 20
389.180933605264
 30
0.0
  0
SPLINE
  5
1F5D
330
20B
100
AcDbEntity
  8
0
  6
Continuous
 62
     7
100
AcDbSpline
210
0.0
220
0.0
230
1.0
 70
     8
 71
     3
 72
    18
 73
    14
 74
     0
 42
0.0000001
 43
0.0000000001
 40
0.0
 40
0.0
 40
0.0
 40
0.0
 40
0.1288754585
 40
0.2599871011
 40
0.3912352002
 40
0.5204814897
 40
0.6460552332000003
 40
0.7073171899
 40
0.767472648
 40
0.8266157106000001
 40
0.8849174701999999
 40
0.9426161686
 40
1.0
 40
1.0
 40
1.0
 40
1.0
 10
3975.300519580578
 20
393.215781919464
 30
0.0
 10
3975.514788538279
 20
393.193320780364
 30
0.0
 10
3975.942919579978
 20
393.0937239792638
 30
0.0
 10
3976.533277078078
 20
392.7997381245638
 30
0.0
 10
3977.042534675478
 20
392.3790559504641
 30
0.0
 10
3977.435832197578
 20
391.8599666446642
 30
0.0
 10
3977.646366336779
 20
391.368571289764
 30
0.0
 10
3977.731653475178
 20
390.9634939753642
 30
0.0
 10
3977.753476568278
 20
390.6614451461641
 30
0.0
 10
3977.733086643779
 20
390.3642448470638
 30
0.0
 10
3977.670768419578
 20
390.0770645468639
 30
0.0
 10
3977.567595010278
 20
389.8050866674639
 30
0.0
 10
3977.472563663777
 20
389.6368045231639
 30
0.0
 10
3977.419179145878
 20
389.557101683564
 30
0.0
  0
SPLINE
  5
1F5E
330
20B
100
AcDbEntity
  8
0
  6
Continuous
 62
     7
100
AcDbSpline
210
0.0
220
0.0
230
1.0
 70
     8
 71
     3
 72
    12
 73
     8
 74
     0
 42
0.0000001
 43
0.0000000001
 40
0.0
 40
0.0
 40
0.0
 40
0.0
 40
0.2416750393
 40
0.3668629081000001
 40
0.4938781627
 40
0.7489180489000004
 40
1.0
 40
1.0
 40
1.0
 40
1.0
 10
3972.588720832178
 20
393.8898075510638
 30
0.0
 10
3972.597842532877
 20
393.8343391536641
 30
0.0
 10
3972.627767429178
 20
393.752037373164
 30
0.0
 10
3972.692316651178
 20
393.6566361334639
 30
0.0
 10
3972.773365260078
 20
393.570247344764
 30
0.0
 10
3972.898274089278
 20
393.4877364357638
 30
0.0
 10
3973.01393885188
 20
393.4554769668641
 30
0.0
 10
3973.072022054778
 20
393.4493882878638
 30
0.0
  0
SPLINE
  5
1F5F
330
20B
100
AcDbEntity
  8
0
  6
Continuous
 62
     7
100
AcDbSpline
210
0.0
220
0.0
230
1.0
 70
     8
 71
     3
 72
    13
 73
     9
 74
     0
 42
0.0000001
 43
0.0000000001
 40
0.0
 40
0.0
 40
0.0
 40
0.0
 40
0.2508513058
 40
0.3786247631
 40
0.5064528254000003
 40
0.7576355257
 40
0.8802672242999999
 40
1.0
 40
1.0
 40
1.0
 40
1.0
 10
3971.332137653379
 20
395.0348976353641
 30
0.0
 10
3971.483147762377
 20
395.019067721864
 30
0.0
 10
3971.708859250578
 20
394.9560047063639
 30
0.0
 10
3971.977753719078
 20
394.8070152215641
 30
0.0
 10
3972.220869983777
 20
394.618358245164
 30
0.0
 10
3972.415178614978
 20
394.3769538157638
 30
0.0
 10
3972.539670039778
 20
394.1041925550637
 30
0.0
 10
3972.576960714578
 20
393.961319969064
 30
0.0
 10
3972.588720832178
 20
393.8898075510638
 30
0.0
  0
SPLINE
  5
1F60
330
20B
100
AcDbEntity
  8
0
  6
Continuous
 62
     7
100
AcDbSpline
210
0.0
220
0.0
230
1.0
 70
     8
 71
     3
 72
    13
 73
     9
 74
     0
 42
0.0000001
 43
0.0000000001
 40
0.0
 40
0.0
 40
0.0
 40
0.0
 40
0.1199691803
 40
0.2405583978
 40
0.362335815
 40
0.4857819812
 40
0.7383673017
 40
1.0
 40
1.0
 40
1.0
 40
1.0
 10
3950.223781260978
 20
393.4647547457639
 30
0.0
 10
3950.247589074079
 20
393.500297535364
 30
0.0
 10
3950.300671970378
 20
393.568147872864
 30
0.0
 10
3950.394642270778
 20
393.657455832464
 30
0.0
 10
3950.501534352478
 20
393.7330245189642
 30
0.0
 10
3950.659889566479
 20
393.8143586556638
 30
0.0
 10
3950.881899219579
 20
393.8752777580641
 30
0.0
 10
3951.067360466278
 20
393.8775336687638
 30
0.0
 10
3951.160147398578
 20
393.867807107264
 30
0.0
  0
SPLINE
  5
1F61
330
20B
100
AcDbEntity
  8
0
  6
Continuous
 62
     7
100
AcDbSpline
210
0.0
220
0.0
230
1.0
 70
     8
 71
     3
 72
     9
 73
     5
 74
     0
 42
0.0000001
 43
0.0000000001
 40
0.0
 40
0.0
 40
0.0
 40
0.0
 40
0.2534433043
 40
1.0
 40
1.0
 40
1.0
 40
1.0
 10
3953.777051740378
 20
395.4720191815642
 30
0.0
 10
3953.788501959678
 20
395.470818891164
 30
0.0
 10
3953.833821753079
 20
395.4675961181639
 30
0.0
 10
3953.879613306878
 20
395.4704913875641
 30
0.0
 10
3953.913019293878
 20
395.476334840964
 30
0.0
  0
SPLINE
  5
1F62
330
20B
100
AcDbEntity
  8
0
  6
Continuous
 62
     7
100
AcDbSpline
210
0.0
220
0.0
230
1.0
 70
     8
 71
     3
 72
    10
 73
     6
 74
     0
 42
0.0000001
 43
0.0000000001
 40
0.0
 40
0.0
 40
0.0
 40
0.0
 40
0.242368089
 40
0.4898497147
 40
1.0
 40
1.0
 40
1.0
 40
1.0
 10
3952.272848078879
 20
392.5366313673639
 30
0.0
 10
3952.225478324178
 20
392.5073868468641
 30
0.0
 10
3952.124154918478
 20
392.4568276079639
 30
0.0
 10
3951.903428192278
 20
392.3905662994641
 30
0.0
 10
3951.725725214379
 20
392.3829255011639
 30
0.0
 10
3951.609186601878
 20
392.3951418764642
 30
0.0
  0
SPLINE
  5
1F63
330
20B
100
AcDbEntity
  8
0
  6
Continuous
 62
     7
100
AcDbSpline
210
0.0
220
0.0
230
1.0
 70
     8
 71
     3
 72
    13
 73
     9
 74
     0
 42
0.0000001
 43
0.0000000001
 40
0.0
 40
0.0
 40
0.0
 40
0.0
 40
0.1199691803
 40
0.2405583978
 40
0.362335815
 40
0.4857819812
 40
0.7383673017
 40
1.0
 40
1.0
 40
1.0
 40
1.0
 10
3973.975746626978
 20
390.9749111153638
 30
0.0
 10
3973.999554440178
 20
391.0104539049639
 30
0.0
 10
3974.052637336478
 20
391.0783042424638
 30
0.0
 10
3974.146607636878
 20
391.1676122020639
 30
0.0
 10
3974.253499718578
 20
391.243180888564
 30
0.0
 10
3974.411854932578
 20
391.3245150252639
 30
0.0
 10
3974.633864585578
 20
391.3854341276639
 30
0.0
 10
3974.819325832378
 20
391.3876900383641
 30
0.0
 10
3974.912112764678
 20
391.3779634768641
 30
0.0
  0
SPLINE
  5
1F64
330
20B
100
AcDbEntity
  8
0
  6
Continuous
 62
     7
100
AcDbSpline
210
0.0
220
0.0
230
1.0
 70
     8
 71
     3
 72
    10
 73
     6
 74
     0
 42
0.0000001
 43
0.0000000001
 40
0.0
 40
0.0
 40
0.0
 40
0.0
 40
0.242368089
 40
0.4898497147
 40
1.0
 40
1.0
 40
1.0
 40
1.0
 10
3976.024813444876
 20
390.0467877368638
 30
0.0
 10
3975.977443690178
 20
390.017543216464
 30
0.0
 10
3975.876120284578
 20
389.9669839774642
 30
0.0
 10
3975.655393558279
 20
389.9007226690639
 30
0.0
 10
3975.477690580478
 20
389.8930818707642
 30
0.0
 10
3975.361151967878
 20
389.9052982460639
 30
0.0
  0
SPLINE
  5
1F65
330
20B
100
AcDbEntity
  8
0
  6
Continuous
 62
     7
100
AcDbSpline
210
0.0
220
0.0
230
1.0
 70
     8
 71
     3
 72
    13
 73
     9
 74
     0
 42
0.0000001
 43
0.0000000001
 40
0.0
 40
0.0
 40
0.0
 40
0.0
 40
0.1199668369
 40
0.2405576873
 40
0.3623356617
 40
0.4857841919000001
 40
0.738363971
 40
1.0
 40
1.0
 40
1.0
 40
1.0
 10
3954.406905996878
 20
396.242486644164
 30
0.0
 10
3954.433818986478
 20
396.2826669528642
 30
0.0
 10
3954.493836102978
 20
396.3593637880639
 30
0.0
 10
3954.600052702378
 20
396.4603392357639
 30
0.0
 10
3954.720889156778
 20
396.5457788126641
 30
0.0
 10
3954.899912378478
 20
396.637712263664
 30
0.0
 10
3955.150882413578
 20
396.7066044775638
 30
0.0
 10
3955.360544703179
 20
396.709149359864
 30
0.0
 10
3955.465440141678
 20
396.698153501864
 30
0.0
  0
SPLINE
  5
1F66
330
20B
100
AcDbEntity
  8
0
  6
Continuous
 62
     7
100
AcDbSpline
210
0.0
220
0.0
230
1.0
 70
     8
 71
     3
 72
     9
 73
     5
 74
     0
 42
0.0000001
 43
0.0000000001
 40
0.0
 40
0.0
 40
0.0
 40
0.0
 40
0.4968768639000001
 40
1.0
 40
1.0
 40
1.0
 40
1.0
 10
3953.773348364178
 20
395.0338835908639
 30
0.0
 10
3953.789727316978
 20
395.0583374595639
 30
0.0
 10
3953.817002729579
 20
395.1116038533639
 30
0.0
 10
3953.831303001778
 20
395.169674757964
 30
0.0
 10
3953.835216025078
 20
395.199219073964
 30
0.0
  0
SPLINE
  5
1F67
330
20B
100
AcDbEntity
  8
0
  6
Continuous
 62
     7
100
AcDbSpline
210
0.0
220
0.0
230
1.0
 70
     8
 71
     3
 72
    13
 73
     9
 74
     0
 42
0.0000001
 43
0.0000000001
 40
0.0
 40
0.0
 40
0.0
 40
0.0
 40
0.1199691929
 40
0.240557989
 40
0.3623363003
 40
0.4857806306000001
 40
0.7383735983
 40
1.0
 40
1.0
 40
1.0
 40
1.0
 10
3949.512952714079
 20
394.829396644064
 30
0.0
 10
3949.564707496678
 20
394.9066662964639
 30
0.0
 10
3949.680110294877
 20
395.0541665439642
 30
0.0
 10
3949.884389816478
 20
395.2483243135641
 30
0.0
 10
3950.116762023678
 20
395.4126138128641
 30
0.0
 10
3950.461023557478
 20
395.5894313014642
 30
0.0
 10
3950.943661104878
 20
395.721864344564
 30
0.0
 10
3951.346845078178
 20
395.7267700825639
 30
0.0
 10
3951.548554214578
 20
395.7056255498639
 30
0.0
  0
SPLINE
  5
1F68
330
20B
100
AcDbEntity
  8
0
  6
Continuous
 62
     7
100
AcDbSpline
210
0.0
220
0.0
230
1.0
 70
     8
 71
     3
 72
    13
 73
     9
 74
     0
 42
0.0000001
 43
0.0000000001
 40
0.0
 40
0.0
 40
0.0
 40
0.0
 40
0.119971164
 40
0.2405604845
 40
0.3623371657
 40
0.4857827451
 40
0.7383695672
 40
1.0
 40
1.0
 40
1.0
 40
1.0
 10
3972.114322002278
 20
387.5305188118641
 30
0.0
 10
3972.087405165878
 20
387.4903447739638
 30
0.0
 10
3972.027400263178
 20
387.4136490410638
 30
0.0
 10
3971.921168673878
 20
387.312707557764
 30
0.0
 10
3971.800339225178
 20
387.227291021664
 30
0.0
 10
3971.621336183979
 20
387.1353581943639
 30
0.0
 10
3971.370381088279
 20
387.066507025564
 30
0.0
 10
3971.160741980378
 20
387.0639573228642
 30
0.0
 10
3971.055859224878
 20
387.074951851464
 30
0.0
  0
SPLINE
  5
1F69
330
20B
100
AcDbEntity
  8
0
  6
Continuous
 62
     7
100
AcDbSpline
210
0.0
220
0.0
230
1.0
 70
     8
 71
     3
 72
    15
 73
    11
 74
     0
 42
0.0000001
 43
0.0000000001
 40
0.0
 40
0.0
 40
0.0
 40
0.0
 40
0.1265835704
 40
0.2552441987
 40
0.3846570338
 40
0.5133507369000001
 40
0.6399788854999999
 40
0.7635208871
 40
0.8834771162
 40
1.0
 40
1.0
 40
1.0
 40
1.0
 10
3975.361151967878
 20
389.9052982460639
 30
0.0
 10
3975.280299916578
 20
389.9137737116642
 30
0.0
 10
3975.118611839678
 20
389.947618227464
 30
0.0
 10
3974.889748373879
 20
390.0443193583639
 30
0.0
 10
3974.681878438278
 20
390.1829971665642
 30
0.0
 10
3974.504660875978
 20
390.357313520964
 30
0.0
 10
3974.366244696778
 20
390.5593279170639
 30
0.0
 10
3974.273179041078
 20
390.7799318758641
 30
0.0
 10
3974.230034080579
 20
391.008886419464
 30
0.0
 10
3974.236334584878
 20
391.162273652864
 30
0.0
 10
3974.248418454378
 20
391.236125428164
 30
0.0
  0
SPLINE
  5
1F6A
330
20B
100
AcDbEntity
  8
0
  6
Continuous
 62
     7
100
AcDbSpline
210
0.0
220
0.0
230
1.0
 70
     8
 71
     3
 72
    15
 73
    11
 74
     0
 42
0.0000001
 43
0.0000000001
 40
0.0
 40
0.0
 40
0.0
 40
0.0
 40
0.1265835704
 40
0.2552441987
 40
0.3846570338
 40
0.5133507369000001
 40
0.6399788854999999
 40
0.7635208871
 40
0.8834771162
 40
1.0
 40
1.0
 40
1.0
 40
1.0
 10
3951.609186601878
 20
392.3951418764642
 30
0.0
 10
3951.528334550479
 20
392.403617342064
 30
0.0
 10
3951.366646473578
 20
392.437461857864
 30
0.0
 10
3951.137783007878
 20
392.5341629888639
 30
0.0
 10
3950.929913072278
 20
392.672840796964
 30
0.0
 10
3950.752695509878
 20
392.8471571513641
 30
0.0
 10
3950.614279330778
 20
393.0491715475641
 30
0.0
 10
3950.521213674978
 20
393.269775506264
 30
0.0
 10
3950.478068714577
 20
393.498730049964
 30
0.0
 10
3950.484369218779
 20
393.6521172832641
 30
0.0
 10
3950.496453088278
 20
393.7259690585642
 30
0.0
  0
SPLINE
  5
1F6B
330
20B
100
AcDbEntity
  8
0
  6
Continuous
 62
     7
100
AcDbSpline
210
0.0
220
0.0
230
1.0
 70
     8
 71
     3
 72
    11
 73
     7
 74
     0
 42
0.0000001
 43
0.0000000001
 40
0.0
 40
0.0
 40
0.0
 40
0.0
 40
0.2619645493
 40
0.5148614548000002
 40
0.7597872021
 40
1.0
 40
1.0
 40
1.0
 40
1.0
 10
3972.744247626078
 20
388.3010861717638
 30
0.0
 10
3972.703903082878
 20
388.3053153629641
 30
0.0
 10
3972.623238485179
 20
388.3043193507639
 30
0.0
 10
3972.508476945778
 20
388.272860799964
 30
0.0
 10
3972.409244643279
 20
388.2132457491641
 30
0.0
 10
3972.357818640978
 20
388.156734201764
 30
0.0
 10
3972.337118508878
 20
388.1258287880641
 30
0.0
  0
SPLINE
  5
1F6C
330
20B
100
AcDbEntity
  8
0
  6
Continuous
 62
     7
100
AcDbSpline
210
0.0
220
0.0
230
1.0
 70
     8
 71
     3
 72
    15
 73
    11
 74
     0
 42
0.0000001
 43
0.0000000001
 40
0.0
 40
0.0
 40
0.0
 40
0.0
 40
0.1246896551
 40
0.2512509493
 40
0.3788246175
 40
0.5064441779
 40
0.6331383378000001
 40
0.7580336295000001
 40
0.8804524544999999
 40
1.0
 40
1.0
 40
1.0
 40
1.0
 10
3955.189161713079
 20
388.7382077178639
 30
0.0
 10
3955.113977768778
 20
388.7460890136639
 30
0.0
 10
3954.963553905578
 20
388.7747589097639
 30
0.0
 10
3954.746855936978
 20
388.8535558804639
 30
0.0
 10
3954.543497451078
 20
388.9660441639642
 30
0.0
 10
3954.359934156878
 20
389.1086718818639
 30
0.0
 10
3954.201913185178
 20
389.2769711225639
 30
0.0
 10
3954.074434122478
 20
389.4657203293641
 30
0.0
 10
3953.981591634778
 20
389.6689400149642
 30
0.0
 10
3953.944339535879
 20
389.8117800092642
 30
0.0
 10
3953.932578534278
 20
389.8832978022642
 30
0.0
  0
SPLINE
  5
1F6D
330
20B
100
AcDbEntity
  8
0
  6
Continuous
 62
     7
100
AcDbSpline
210
0.0
220
0.0
230
1.0
 70
     8
 71
     3
 72
    12
 73
     8
 74
     0
 42
0.0000001
 43
0.0000000001
 40
0.0
 40
0.0
 40
0.0
 40
0.0
 40
0.2416658715
 40
0.3668655811999999
 40
0.4938784849000001
 40
0.7489274676000001
 40
1.0
 40
1.0
 40
1.0
 40
1.0
 10
3953.932578534278
 20
389.8832978022642
 30
0.0
 10
3953.923457179778
 20
389.938764094164
 30
0.0
 10
3953.893532395877
 20
390.0210660753641
 30
0.0
 10
3953.828985193578
 20
390.1164692074639
 30
0.0
 10
3953.747929466778
 20
390.2028571153642
 30
0.0
 10
3953.623024067278
 20
390.2853714922641
 30
0.0
 10
3953.507358334478
 20
390.3176286149641
 30
0.0
 10
3953.449277311678
 20
390.3237170654642
 30
0.0
  0
SPLINE
  5
1F6E
330
20B
100
AcDbEntity
  8
0
  6
Continuous
 62
     7
100
AcDbSpline
210
0.0
220
0.0
230
1.0
 70
     8
 71
     3
 72
    18
 73
    14
 74
     0
 42
0.0000001
 43
0.0000000001
 40
0.0
 40
0.0
 40
0.0
 40
0.0
 40
0.1288748913
 40
0.2599875632
 40
0.3912356835
 40
0.5204819377000001
 40
0.6460557424
 40
0.7073177154000005
 40
0.7674728251000003
 40
0.8266156456999999
 40
0.8849173034999997
 40
0.9426158906999999
 40
1.0
 40
1.0
 40
1.0
 40
1.0
 10
3951.220779785879
 20
390.5573234337641
 30
0.0
 10
3951.006508126678
 20
390.5797848561639
 30
0.0
 10
3950.578369222778
 20
390.679384198864
 30
0.0
 10
3949.988001617678
 20
390.973378286664
 30
0.0
 10
3949.478741610978
 20
391.394077739864
 30
0.0
 10
3949.085440167979
 20
391.9131776801639
 30
0.0
 10
3948.874910679677
 20
392.4045862651638
 30
0.0
 10
3948.789636877079
 20
392.8096732110642
 30
0.0
 10
3948.76782465438
 20
393.1117270798639
 30
0.0
 10
3948.788226488778
 20
393.4089303041639
 30
0.0
 10
3948.850552622278
 20
393.6961133098641
 30
0.0
 10
3948.953737991878
 20
393.9680918193639
 30
0.0
 10
3949.048774223678
 20
394.1363756874638
 30
0.0
 10
3949.102165235778
 20
394.2160767002642
 30
0.0
  0
SPLINE
  5
1F6F
330
20B
100
AcDbEntity
  8
0
  6
Continuous
 62
     7
100
AcDbSpline
210
0.0
220
0.0
230
1.0
 70
     8
 71
     3
 72
     9
 73
     5
 74
     0
 42
0.0000001
 43
0.0000000001
 40
0.0
 40
0.0
 40
0.0
 40
0.0
 40
0.5031480192
 40
1.0
 40
1.0
 40
1.0
 40
1.0
 10
3953.835216025078
 20
395.199219073964
 30
0.0
 10
3953.845393130978
 20
395.2760587988641
 30
0.0
 10
3953.882586262778
 20
395.427084606664
 30
0.0
 10
3953.953540772078
 20
395.5656059057639
 30
0.0
 10
3953.996144870778
 20
395.629193567064
 30
0.0
  0
SPLINE
  5
1F70
330
20B
100
AcDbEntity
  8
0
  6
Continuous
 62
     7
100
AcDbSpline
210
0.0
220
0.0
230
1.0
 70
     8
 71
     3
 72
    15
 73
    11
 74
     0
 42
0.0000001
 43
0.0000000001
 40
0.0
 40
0.0
 40
0.0
 40
0.0
 40
0.1289969827
 40
0.2602251295
 40
0.3915937511
 40
0.5209585610000002
 40
0.6466473065000004
 40
0.7678965859
 40
0.8851402352999999
 40
1.0
 40
1.0
 40
1.0
 40
1.0
 10
3974.912112764678
 20
391.3779634768641
 30
0.0
 10
3975.010679789978
 20
391.367631006364
 30
0.0
 10
3975.207620985777
 20
391.3218169595642
 30
0.0
 10
3975.479187879178
 20
391.186574392864
 30
0.0
 10
3975.713440005678
 20
390.9930841170639
 30
0.0
 10
3975.894368010779
 20
390.754202219364
 30
0.0
 10
3976.009525575278
 20
390.4856941559639
 30
0.0
 10
3976.050232191079
 20
390.2053541005642
 30
0.0
 10
3976.012675718178
 20
389.9327649595638
 30
0.0
 10
3975.935796189178
 20
389.7682750311639
 30
0.0
 10
3975.886685612078
 20
389.6949576331639
 30
0.0
  0
SPLINE
  5
1F71
330
20B
100
AcDbEntity
  8
0
  6
Continuous
 62
     7
100
AcDbSpline
210
0.0
220
0.0
230
1.0
 70
     8
 71
     3
 72
    15
 73
    11
 74
     0
 42
0.0000001
 43
0.0000000001
 40
0.0
 40
0.0
 40
0.0
 40
0.0
 40
0.1289969827
 40
0.2602251295
 40
0.3915937511
 40
0.5209585610000002
 40
0.6466473065000004
 40
0.7678965859
 40
0.8851402352999999
 40
1.0
 40
1.0
 40
1.0
 40
1.0
 10
3951.160147398578
 20
393.867807107264
 30
0.0
 10
3951.258714423978
 20
393.8574746367638
 30
0.0
 10
3951.455655619778
 20
393.811660590064
 30
0.0
 10
3951.727222513179
 20
393.6764180232639
 30
0.0
 10
3951.961474639677
 20
393.4829277475639
 30
0.0
 10
3952.142402644778
 20
393.2440458497642
 30
0.0
 10
3952.257560209278
 20
392.975537786364
 30
0.0
 10
3952.298266824978
 20
392.695197730964
 30
0.0
 10
3952.260710352178
 20
392.422608589964
 30
0.0
 10
3952.183830823179
 20
392.2581186615641
 30
0.0
 10
3952.134720246078
 20
392.1848012635637
 30
0.0
  0
SPLINE
  5
1F72
330
20B
100
AcDbEntity
  8
0
  6
Continuous
 62
     7
100
AcDbSpline
210
0.0
220
0.0
230
1.0
 70
     8
 71
     3
 72
    13
 73
     9
 74
     0
 42
0.0000001
 43
0.0000000001
 40
0.0
 40
0.0
 40
0.0
 40
0.0
 40
0.1199689971
 40
0.2405582229
 40
0.3623364477
 40
0.4857807583
 40
0.7383754071
 40
1.0
 40
1.0
 40
1.0
 40
1.0
 10
3977.008301637278
 20
388.9436356786641
 30
0.0
 10
3976.956543666778
 20
388.8663724368639
 30
0.0
 10
3976.841141156678
 20
388.7188806543642
 30
0.0
 10
3976.636858381279
 20
388.5247407140641
 30
0.0
 10
3976.404488954878
 20
388.3604655777639
 30
0.0
 10
3976.060235810179
 20
388.1836602839642
 30
0.0
 10
3975.577614193778
 20
388.0512394710642
 30
0.0
 10
3975.174445519278
 20
388.0463361898641
 30
0.0
 10
3974.972745151877
 20
388.067479803364
 30
0.0
  0
SPLINE
  5
1F73
330
20B
100
AcDbEntity
  8
0
  6
Continuous
 62
     7
100
AcDbSpline
210
0.0
220
0.0
230
1.0
 70
     8
 71
     3
 72
    12
 73
     8
 74
     0
 42
0.0000001
 43
0.0000000001
 40
0.0
 40
0.0
 40
0.0
 40
0.0
 40
0.2416658715
 40
0.3668655811999999
 40
0.4938784849000001
 40
0.7489274676000001
 40
1.0
 40
1.0
 40
1.0
 40
1.0
 10
3972.177888338779
 20
393.2764145766642
 30
0.0
 10
3972.187009693278
 20
393.2209482847643
 30
0.0
 10
3972.216934477178
 20
393.1386463034641
 30
0.0
 10
3972.281481679478
 20
393.0432431714642
 30
0.0
 10
3972.362537406278
 20
392.9568552634642
 30
0.0
 10
3972.487442805778
 20
392.8743408865641
 30
0.0
 10
3972.603108538578
 20
392.8420837638638
 30
0.0
 10
3972.661189561378
 20
392.835995313464
 30
0.0
  0
SPLINE
  5
1F74
330
20B
100
AcDbEntity
  8
0
  6
Continuous
 62
     7
100
AcDbSpline
210
0.0
220
0.0
230
1.0
 70
     8
 71
     3
 72
    13
 73
     9
 74
     0
 42
0.0000001
 43
0.0000000001
 40
0.0
 40
0.0
 40
0.0
 40
0.0
 40
0.1199691803
 40
0.2405583978
 40
0.362335815
 40
0.4857819812
 40
0.7383673017
 40
1.0
 40
1.0
 40
1.0
 40
1.0
 10
3975.886685612078
 20
389.6949576331639
 30
0.0
 10
3975.862877798979
 20
389.659414843464
 30
0.0
 10
3975.809794902578
 20
389.591564506064
 30
0.0
 10
3975.715824602278
 20
389.5022565464639
 30
0.0
 10
3975.608932520578
 20
389.4266878599639
 30
0.0
 10
3975.450577306578
 20
389.3453537232638
 30
0.0
 10
3975.228567653477
 20
389.2844346207642
 30
0.0
 10
3975.043106406778
 20
389.282178710164
 30
0.0
 10
3974.950319474478
 20
389.2919052716639
 30
0.0
  0
SPLINE
  5
1F75
330
20B
100
AcDbEntity
  8
0
  6
Continuous
 62
     7
100
AcDbSpline
210
0.0
220
0.0
230
1.0
 70
     8
 71
     3
 72
    13
 73
     9
 74
     0
 42
0.0000001
 43
0.0000000001
 40
0.0
 40
0.0
 40
0.0
 40
0.0
 40
0.119971164
 40
0.2405604845
 40
0.3623371657
 40
0.4857827451
 40
0.7383695672
 40
1.0
 40
1.0
 40
1.0
 40
1.0
 10
3953.996144870778
 20
395.629193567064
 30
0.0
 10
3954.023061707178
 20
395.6693676049639
 30
0.0
 10
3954.083066609878
 20
395.746063337764
 30
0.0
 10
3954.189298199178
 20
395.8470048210638
 30
0.0
 10
3954.310127647878
 20
395.9324213572638
 30
0.0
 10
3954.489130689078
 20
396.0243541845638
 30
0.0
 10
3954.740085784778
 20
396.0932053533641
 30
0.0
 10
3954.949724892578
 20
396.0957550559639
 30
0.0
 10
3955.054607648179
 20
396.0847605274641
 30
0.0
  0
SPLINE
  5
1F76
330
20B
100
AcDbEntity
  8
0
  6
Continuous
 62
     7
100
AcDbSpline
210
0.0
220
0.0
230
1.0
 70
     8
 71
     3
 72
    15
 73
    11
 74
     0
 42
0.0000001
 43
0.0000000001
 40
0.0
 40
0.0
 40
0.0
 40
0.0
 40
0.1289969827
 40
0.2602251295
 40
0.3915937511
 40
0.5209585610000002
 40
0.6466473065000004
 40
0.7678965859
 40
0.8851402352999999
 40
1.0
 40
1.0
 40
1.0
 40
1.0
 10
3974.950319474478
 20
389.2919052716639
 30
0.0
 10
3974.851752449078
 20
389.3022377420638
 30
0.0
 10
3974.654811253279
 20
389.348051788864
 30
0.0
 10
3974.383244359879
 20
389.4832943555641
 30
0.0
 10
3974.148992233379
 20
389.6767846313639
 30
0.0
 10
3973.968064228279
 20
389.9156665291641
 30
0.0
 10
3973.852906663778
 20
390.1841745924642
 30
0.0
 10
3973.812200047979
 20
390.4645146479642
 30
0.0
 10
3973.849756520877
 20
390.737103788964
 30
0.0
 10
3973.926636049878
 20
390.9015937173639
 30
0.0
 10
3973.975746626978
 20
390.9749111153638
 30
0.0
  0
SPLINE
  5
1F77
330
20B
100
AcDbEntity
  8
0
  6
Continuous
 62
     7
100
AcDbSpline
210
0.0
220
0.0
230
1.0
 70
     8
 71
     3
 72
    18
 73
    14
 74
     0
 42
0.0000001
 43
0.0000000001
 40
0.0
 40
0.0
 40
0.0
 40
0.0
 40
0.1288748913
 40
0.2599875632
 40
0.3912356835
 40
0.5204819377000001
 40
0.6460557424
 40
0.7073177154000005
 40
0.7674728251000003
 40
0.8266156456999999
 40
0.8849173034999997
 40
0.9426158906999999
 40
1.0
 40
1.0
 40
1.0
 40
1.0
 10
3974.889687087177
 20
392.6023889450639
 30
0.0
 10
3975.103958746379
 20
392.5799275227642
 30
0.0
 10
3975.532097650178
 20
392.4803281800641
 30
0.0
 10
3976.122465255378
 20
392.186334092164
 30
0.0
 10
3976.631725262079
 20
391.765634638964
 30
0.0
 10
3977.025026705078
 20
391.2465346986641
 30
0.0
 10
3977.23555619338
 20
390.755126113664
 30
0.0
 10
3977.320829995978
 20
390.3500391678638
 30
0.0
 10
3977.342642218678
 20
390.0479852990642
 30
0.0
 10
3977.322240384278
 20
389.7507820747641
 30
0.0
 10
3977.259914250679
 20
389.4635990690639
 30
0.0
 10
3977.156728881178
 20
389.1916205595639
 30
0.0
 10
3977.061692649378
 20
389.0233366914642
 30
0.0
 10
3977.008301637278
 20
388.9436356786641
 30
0.0
  0
SPLINE
  5
1F78
330
20B
100
AcDbEntity
  8
0
  6
Continuous
 62
     7
100
AcDbSpline
210
0.0
220
0.0
230
1.0
 70
     8
 71
     3
 72
    15
 73
    11
 74
     0
 42
0.0000001
 43
0.0000000001
 40
0.0
 40
0.0
 40
0.0
 40
0.0
 40
0.1289969827
 40
0.2602251295
 40
0.3915937511
 40
0.5209585610000002
 40
0.6466473065000004
 40
0.7678965859
 40
0.8851402352999999
 40
1.0
 40
1.0
 40
1.0
 40
1.0
 10
3951.198354108379
 20
391.7817489020642
 30
0.0
 10
3951.099787083078
 20
391.792081372464
 30
0.0
 10
3950.902845887278
 20
391.8378954192638
 30
0.0
 10
3950.631278993878
 20
391.973137986064
 30
0.0
 10
3950.397026867378
 20
392.1666282617638
 30
0.0
 10
3950.216098862278
 20
392.4055101595639
 30
0.0
 10
3950.100941297778
 20
392.6740182228641
 30
0.0
 10
3950.060234681978
 20
392.9543582783639
 30
0.0
 10
3950.097791154878
 20
393.2269474193642
 30
0.0
 10
3950.174670683878
 20
393.3914373477641
 30
0.0
 10
3950.223781260978
 20
393.4647547457639
 30
0.0
  0
SPLINE
  5
1F79
330
20B
100
AcDbEntity
  8
0
  6
Continuous
 62
     7
100
AcDbSpline
210
0.0
220
0.0
230
1.0
 70
     8
 71
     3
 72
     9
 73
     5
 74
     0
 42
0.0000001
 43
0.0000000001
 40
0.0
 40
0.0
 40
0.0
 40
0.0
 40
0.4968768639000001
 40
1.0
 40
1.0
 40
1.0
 40
1.0
 10
3972.337118508878
 20
388.1258287880641
 30
0.0
 10
3972.320739556078
 20
388.1013749193641
 30
0.0
 10
3972.293464143379
 20
388.0481085254641
 30
0.0
 10
3972.279163871278
 20
387.990037620864
 30
0.0
 10
3972.275250847978
 20
387.960493304964
 30
0.0
  0
SPLINE
  5
1F7A
330
20B
100
AcDbEntity
  8
0
  6
Continuous
 62
     7
100
AcDbSpline
210
0.0
220
0.0
230
1.0
 70
     8
 71
     3
 72
     9
 73
     5
 74
     0
 42
0.0000001
 43
0.0000000001
 40
0.0
 40
0.0
 40
0.0
 40
0.0
 40
0.5031480192
 40
1.0
 40
1.0
 40
1.0
 40
1.0
 10
3972.275250847978
 20
387.960493304964
 30
0.0
 10
3972.265073742079
 20
387.883653580064
 30
0.0
 10
3972.227880610278
 20
387.7326277722641
 30
0.0
 10
3972.156926100978
 20
387.5941064731641
 30
0.0
 10
3972.114322002278
 20
387.5305188118641
 30
0.0
  0
SPLINE
  5
1F7B
330
20B
100
AcDbEntity
  8
0
  6
Continuous
 62
     7
100
AcDbSpline
210
0.0
220
0.0
230
1.0
 70
     8
 71
     3
 72
    13
 73
     9
 74
     0
 42
0.0000001
 43
0.0000000001
 40
0.0
 40
0.0
 40
0.0
 40
0.0
 40
0.1199689971
 40
0.2405582229
 40
0.3623364477
 40
0.4857807583
 40
0.7383754071
 40
1.0
 40
1.0
 40
1.0
 40
1.0
 10
3949.102165235778
 20
394.2160767002642
 30
0.0
 10
3949.153923206278
 20
394.2933399420639
 30
0.0
 10
3949.269325716278
 20
394.440831724564
 30
0.0
 10
3949.473608491778
 20
394.634971664864
 30
0.0
 10
3949.705977918078
 20
394.7992468011641
 30
0.0
 10
3950.050231062878
 20
394.9760520949639
 30
0.0
 10
3950.532852679278
 20
395.108472907864
 30
0.0
 10
3950.936021353778
 20
395.1133761889638
 30
0.0
 10
3951.137721721078
 20
395.092232575464
 30
0.0
  0
SPLINE
  5
1F7C
330
20B
100
AcDbEntity
  8
0
  6
Continuous
 62
     7
100
AcDbSpline
210
0.0
220
0.0
230
1.0
 70
     8
 71
     3
 72
    11
 73
     7
 74
     0
 42
0.0000001
 43
0.0000000001
 40
0.0
 40
0.0
 40
0.0
 40
0.0
 40
0.2619645493
 40
0.5148614548000002
 40
0.7597872021
 40
1.0
 40
1.0
 40
1.0
 40
1.0
 10
3953.366219246979
 20
394.8586262071639
 30
0.0
 10
3953.406563790178
 20
394.8543970159639
 30
0.0
 10
3953.487228387878
 20
394.8553930281642
 30
0.0
 10
3953.601989927278
 20
394.8868515788642
 30
0.0
 10
3953.701222229778
 20
394.946466629764
 30
0.0
 10
3953.752648232079
 20
395.002978177164
 30
0.0
 10
3953.773348364178
 20
395.0338835908639
 30
0.0
  0
SPLINE
  5
1F7D
330
20B
100
AcDbEntity
  8
0
  6
Continuous
 62
     7
100
AcDbSpline
210
0.0
220
0.0
230
1.0
 70
     8
 71
     3
 72
    13
 73
     9
 74
     0
 42
0.0000001
 43
0.0000000001
 40
0.0
 40
0.0
 40
0.0
 40
0.0
 40
0.1199691803
 40
0.2405583978
 40
0.362335815
 40
0.4857819812
 40
0.7383673017
 40
1.0
 40
1.0
 40
1.0
 40
1.0
 10
3952.134720246078
 20
392.1848012635637
 30
0.0
 10
3952.110912432878
 20
392.1492584738641
 30
0.0
 10
3952.057829536578
 20
392.0814081364642
 30
0.0
 10
3951.963859236178
 20
391.9921001768639
 30
0.0
 10
3951.856967154478
 20
391.9165314903641
 30
0.0
 10
3951.698611940478
 20
391.8351973536639
 30
0.0
 10
3951.476602287378
 20
391.774278251164
 30
0.0
 10
3951.291141040678
 20
391.772022340564
 30
0.0
 10
3951.198354108379
 20
391.7817489020642
 30
0.0
  0
SPLINE
  5
1F7E
330
20B
100
AcDbEntity
  8
0
  6
Continuous
 62
     7
100
AcDbSpline
210
0.0
220
0.0
230
1.0
 70
     8
 71
     3
 72
    15
 73
    11
 74
     0
 42
0.0000001
 43
0.0000000001
 40
0.0
 40
0.0
 40
0.0
 40
0.0
 40
0.1246896551
 40
0.2512509493
 40
0.3788246175
 40
0.5064441779
 40
0.6331383378000001
 40
0.7580336295000001
 40
0.8804524544999999
 40
1.0
 40
1.0
 40
1.0
 40
1.0
 10
3970.921305159978
 20
394.421504660964
 30
0.0
 10
3970.996489104278
 20
394.413623365164
 30
0.0
 10
3971.146912967478
 20
394.3849534690641
 30
0.0
 10
3971.363610936078
 20
394.3061564984641
 30
0.0
 10
3971.566969421978
 20
394.1936682149639
 30
0.0
 10
3971.750532716178
 20
394.0510404970641
 30
0.0
 10
3971.908553687878
 20
393.8827412562641
 30
0.0
 10
3972.036032750578
 20
393.693992049564
 30
0.0
 10
3972.128875238278
 20
393.4907723639639
 30
0.0
 10
3972.166127337178
 20
393.3479323695639
 30
0.0
 10
3972.177888338779
 20
393.2764145766642
 30
0.0
  0
LINE
  5
1F7F
102
{ACAD_REACTORS
330
2137
102
}
330
20B
100
AcDbEntity
  8
0
  6
Continuous
 62
     7
100
AcDbLine
 10
3972.231632352018
 20
353.6779621092985
 30
0.0
 11
3955.731632352018
 21
353.6779621092985
 31
0.0
  0
LINE
  5
1F80
330
20B
100
AcDbEntity
  8
0
  6
Continuous
 62
     7
100
AcDbLine
 10
3976.33163235202
 20
355.2279621092985
 30
0.0
 11
3974.014186699018
 21
355.2279621092985
 31
0.0
  0
LINE
  5
1F81
330
20B
100
AcDbEntity
  8
0
  6
Continuous
 62
     7
100
AcDbLine
 10
3953.949078005018
 20
355.2279621092985
 30
0.0
 11
3951.631632352018
 21
355.2279621092985
 31
0.0
  0
LINE
  5
1F82
330
20B
100
AcDbEntity
  8
0
  6
Continuous
 62
     7
100
AcDbLine
 10
3951.631632352018
 20
360.2279621092985
 30
0.0
 11
3953.949078005018
 21
360.2279621092985
 31
0.0
  0
LINE
  5
1F83
330
20B
100
AcDbEntity
  8
0
  6
Continuous
 62
     7
100
AcDbLine
 10
3974.014186699018
 20
360.2279621092985
 30
0.0
 11
3976.33163235202
 21
360.2279621092985
 31
0.0
  0
LINE
  5
1F84
102
{ACAD_REACTORS
330
2136
330
1FBB
102
}
330
20B
100
AcDbEntity
  8
0
  6
Continuous
 62
     7
100
AcDbLine
 10
3955.731632352018
 20
361.7779621092986
 30
0.0
 11
3972.231632352018
 21
361.7779621092986
 31
0.0
  0
LINE
  5
1F85
330
20B
100
AcDbEntity
  8
0
  6
Continuous
 62
     7
100
AcDbLine
 10
3997.730993164918
 20
353.6779621092985
 30
0.0
 11
3999.230993164918
 21
353.6779621092985
 31
0.0
  0
LINE
  5
1F86
330
20B
100
AcDbEntity
  8
0
  6
Continuous
 62
     7
100
AcDbLine
 10
3997.730993164918
 20
353.6779621092985
 30
0.0
 11
3997.730993164918
 21
361.7779621092986
 31
0.0
  0
LINE
  5
1F87
330
20B
100
AcDbEntity
  8
0
  6
Continuous
 62
     7
100
AcDbLine
 10
3997.730993164918
 20
354.7974065536985
 30
0.0
 11
3999.230993164918
 21
354.7974065537985
 31
0.0
  0
LINE
  5
1F88
330
20B
100
AcDbEntity
  8
0
  6
Continuous
 62
     7
100
AcDbLine
 10
3997.730993164918
 20
355.2279621092985
 30
0.0
 11
3999.230993164918
 21
355.2279621092985
 31
0.0
  0
LINE
  5
1F89
330
20B
100
AcDbEntity
  8
0
  6
Continuous
 62
     7
100
AcDbLine
 10
3999.230993164918
 20
353.6779621092985
 30
0.0
 11
3999.230993164918
 21
361.7779621092986
 31
0.0
  0
LINE
  5
1F8A
330
20B
100
AcDbEntity
  8
DEFAULT_2
  6
HIDDEN
 62
     8
100
AcDbLine
 10
3997.730993164918
 20
356.0279621092985
 30
0.0
 11
3999.230993164918
 21
356.0279621092985
 31
0.0
  0
LINE
  5
1F8B
330
20B
100
AcDbEntity
  8
DEFAULT_2
  6
HIDDEN
 62
     8
100
AcDbLine
 10
3997.730993164918
 20
356.5779621092985
 30
0.0
 11
3999.230993164918
 21
356.5779621092985
 31
0.0
  0
LINE
  5
1F8C
330
20B
100
AcDbEntity
  8
DEFAULT_2
  6
HIDDEN
 62
     8
100
AcDbLine
 10
3997.730993164918
 20
357.0279621092985
 30
0.0
 11
3999.230993164918
 21
357.0279621092985
 31
0.0
  0
LINE
  5
1F8D
330
20B
100
AcDbEntity
  8
DEFAULT_2
  6
HIDDEN
 62
     8
100
AcDbLine
 10
3997.730993164918
 20
358.4279621092986
 30
0.0
 11
3999.230993164918
 21
358.4279621092986
 31
0.0
  0
LINE
  5
1F8E
330
20B
100
AcDbEntity
  8
DEFAULT_2
  6
HIDDEN
 62
     8
100
AcDbLine
 10
3997.730993164918
 20
358.8779621092986
 30
0.0
 11
3999.230993164918
 21
358.8779621092986
 31
0.0
  0
LINE
  5
1F8F
330
20B
100
AcDbEntity
  8
DEFAULT_2
  6
HIDDEN
 62
     8
100
AcDbLine
 10
3997.730993164918
 20
359.4279621092986
 30
0.0
 11
3999.230993164918
 21
359.4279621092986
 31
0.0
  0
LINE
  5
1F90
330
20B
100
AcDbEntity
  8
0
  6
Continuous
 62
     7
100
AcDbLine
 10
3997.730993164918
 20
360.2279621092985
 30
0.0
 11
3999.230993164918
 21
360.2279621092985
 31
0.0
  0
LINE
  5
1F91
330
20B
100
AcDbEntity
  8
0
  6
Continuous
 62
     7
100
AcDbLine
 10
3997.730993164918
 20
360.6585176648985
 30
0.0
 11
3999.230993164918
 21
360.6585176648985
 31
0.0
  0
LINE
  5
1F92
102
{ACAD_REACTORS
330
1FBE
102
}
330
20B
100
AcDbEntity
  8
0
  6
Continuous
 62
     7
100
AcDbLine
 10
3997.730993164918
 20
361.7779621092986
 30
0.0
 11
3999.230993164918
 21
361.7779621092986
 31
0.0
  0
ARC
  5
1F93
102
{ACAD_REACTORS
330
1FB8
102
}
330
20B
100
AcDbEntity
  8
0
  6
Continuous
 62
     7
100
AcDbCircle
 10
3951.631632352018
 20
357.7279621092984
 30
0.0
 40
2.5
100
AcDbArc
 50
90.0
 51
270.0
  0
ARC
  5
1F94
102
{ACAD_REACTORS
330
1FB8
102
}
330
20B
100
AcDbEntity
  8
0
  6
Continuous
 62
     7
100
AcDbCircle
 10
3976.33163235202
 20
357.7279621092984
 30
0.0
 40
2.5
100
AcDbArc
 50
270.0
 51
90.0
  0
ARC
  5
1F95
330
20B
100
AcDbEntity
  8
0
  6
Continuous
 62
     7
100
AcDbCircle
 10
3972.231632352018
 20
360.4779621092985
 30
0.0
 40
1.3
100
AcDbArc
 50
7.983556145596335
 51
90.0
  0
ARC
  5
1F96
102
{ACAD_REACTORS
330
1FBB
102
}
330
20B
100
AcDbEntity
  8
0
  6
Continuous
 62
     7
100
AcDbCircle
 10
3955.731632352018
 20
360.4779621092985
 30
0.0
 40
1.3
100
AcDbArc
 50
90.0
 51
172.0164438545039
  0
ARC
  5
1F97
102
{ACAD_REACTORS
330
1FBB
102
}
330
20B
100
AcDbEntity
  8
0
  6
Continuous
 62
     7
100
AcDbCircle
 10
3955.731632352018
 20
354.9779621092984
 30
0.0
 40
1.3
100
AcDbArc
 50
187.9835561455963
 51
270.0
  0
ARC
  5
1F98
330
20B
100
AcDbEntity
  8
0
  6
Continuous
 62
     7
100
AcDbCircle
 10
3972.231632352018
 20
354.9779621092984
 30
0.0
 40
1.3
100
AcDbArc
 50
270.0
 51
352.0164438543972
  0
CIRCLE
  5
1F99
330
20B
100
AcDbEntity
  8
0
  6
Continuous
 62
     7
100
AcDbCircle
 10
3951.631632352018
 20
357.7279621092984
 30
0.0
 40
1.149999999999999
  0
CIRCLE
  5
1F9A
330
20B
100
AcDbEntity
  8
0
  6
Continuous
 62
     7
100
AcDbCircle
 10
3976.33163235202
 20
357.7279621092984
 30
0.0
 40
1.149999999999999
  0
CIRCLE
  5
1F9B
330
20B
100
AcDbEntity
  8
0
  6
Continuous
 62
     7
100
AcDbCircle
 10
3958.981632352017
 20
358.9279621092986
 30
0.0
 40
0.5
  0
CIRCLE
  5
1F9C
330
20B
100
AcDbEntity
  8
0
  6
Continuous
 62
     7
100
AcDbCircle
 10
3968.981632352019
 20
356.5279621092985
 30
0.0
 40
0.5
  0
CIRCLE
  5
1F9D
330
20B
100
AcDbEntity
  8
0
  6
Continuous
 62
     7
100
AcDbCircle
 10
3966.481632352019
 20
358.9279621092986
 30
0.0
 40
0.5
  0
CIRCLE
  5
1F9E
330
20B
100
AcDbEntity
  8
0
  6
Continuous
 62
     7
100
AcDbCircle
 10
3963.981632352018
 20
358.9279621092986
 30
0.0
 40
0.5
  0
CIRCLE
  5
1F9F
330
20B
100
AcDbEntity
  8
0
  6
Continuous
 62
     7
100
AcDbCircle
 10
3961.481632352018
 20
358.9279621092986
 30
0.0
 40
0.5
  0
ARC
  5
1FA0
330
20B
100
AcDbEntity
  8
0
  6
Continuous
 62
     7
100
AcDbCircle
 10
3974.014186699018
 20
360.7279621092985
 30
0.0
 40
0.5
100
AcDbArc
 50
187.9835561454959
 51
270.0
  0
ARC
  5
1FA1
330
20B
100
AcDbEntity
  8
0
  6
Continuous
 62
     7
100
AcDbCircle
 10
3953.949078005018
 20
360.7279621092985
 30
0.0
 40
0.5
100
AcDbArc
 50
270.0
 51
352.0164438543972
  0
ARC
  5
1FA2
330
20B
100
AcDbEntity
  8
0
  6
Continuous
 62
     7
100
AcDbCircle
 10
3953.949078005018
 20
354.7279621092985
 30
0.0
 40
0.5
100
AcDbArc
 50
7.983556145596335
 51
90.0
  0
ARC
  5
1FA3
330
20B
100
AcDbEntity
  8
0
  6
Continuous
 62
     7
100
AcDbCircle
 10
3974.014186699018
 20
354.7279621092985
 30
0.0
 40
0.5
100
AcDbArc
 50
90.0
 51
172.0164438545039
  0
INSERT
  5
1FA6
102
{ACAD_REACTORS
330
2138
102
}
330
20B
100
AcDbEntity
  8
0
  6
CENTER2
 62
   242
420
 13443111
100
AcDbBlockReference
  2
*U119
 10
3963.981632352018
 20
357.7279621092986
 30
0.0
  0
INSERT
  5
1FA7
102
{ACAD_REACTORS
330
2122
102
}
330
20B
100
AcDbEntity
  8
0
  6
CENTER2
 62
   242
420
 13443111
100
AcDbBlockReference
  2
*U120
 10
3963.981632352018
 20
354.0907477336932
 30
0.0
  0
INSERT
  5
1FAA
102
{ACAD_REACTORS
330
215C
102
}
330
20B
100
AcDbEntity
  8
0
  6
CENTER2
 62
   242
420
 13443111
100
AcDbBlockReference
  2
*U121
 10
3951.631632352018
 20
357.7279621092984
 30
0.0
  0
INSERT
  5
1FAB
102
{ACAD_REACTORS
330
20CF
102
}
330
20B
100
AcDbEntity
  8
0
  6
CENTER2
 62
   242
420
 13443111
100
AcDbBlockReference
  2
*U113
 10
3958.981632352017
 20
358.9279621092986
 30
0.0
  0
INSERT
  5
1FAC
102
{ACAD_REACTORS
330
20E1
102
}
330
20B
100
AcDbEntity
  8
0
  6
CENTER2
 62
   242
420
 13443111
100
AcDbBlockReference
  2
*U114
 10
3961.481632352018
 20
358.9279621092986
 30
0.0
  0
INSERT
  5
1FAD
102
{ACAD_REACTORS
330
20EE
102
}
330
20B
100
AcDbEntity
  8
0
  6
CENTER2
 62
   242
420
 13443111
100
AcDbBlockReference
  2
*U115
 10
3963.981632352018
 20
358.9279621092986
 30
0.0
  0
INSERT
  5
1FAE
102
{ACAD_REACTORS
330
20FB
102
}
330
20B
100
AcDbEntity
  8
0
  6
CENTER2
 62
   242
420
 13443111
100
AcDbBlockReference
  2
*U116
 10
3966.481632352019
 20
358.9279621092986
 30
0.0
  0
INSERT
  5
1FAF
102
{ACAD_REACTORS
330
2108
102
}
330
20B
100
AcDbEntity
  8
0
  6
CENTER2
 62
   242
420
 13443111
100
AcDbBlockReference
  2
*U117
 10
3968.981632352019
 20
356.5279621092985
 30
0.0
  0
INSERT
  5
1FB0
102
{ACAD_REACTORS
330
2115
102
}
330
20B
100
AcDbEntity
  8
0
  6
CENTER2
 62
   242
420
 13443111
100
AcDbBlockReference
  2
*U118
 10
3976.33163235202
 20
357.7279621092984
 30
0.0
  0
LINE
  5
1FB1
330
20B
100
AcDbEntity
  8
0
100
AcDbLine
 10
3775.010823623351
 20
411.3999858179714
 30
0.0
 11
4164.972518455199
 21
411.3999858179714
 31
0.0
  0
LINE
  5
1FB2
330
20B
100
AcDbEntity
  8
0
100
AcDbLine
 10
3775.010823623351
 20
411.3999858179714
 30
0.0
 11
3775.564946311796
 21
312.1958180889347
 31
0.0
  0
MTEXT
  5
1FB3
330
20B
100
AcDbEntity
  8
0
 62
     2
100
AcDbMText
 10
3784.025442471363
 20
333.7661913383806
 30
0.0
 40
10.0
 41
204.6923850670628
 46
69.9988478809646
 71
     1
 72
     5
  1
SS PCB
 73
     1
 44
1.0
1001
ACAD
1000
ACAD_MTEXT_COLUMN_INFO_BEGIN
1070
    75
1070
     2
1070
    79
1070
     0
1070
    76
1070
     1
1070
    78
1070
     0
1070
    48
1040
204.6923850670628
1070
    49
1040
1.0
1070
    50
1070
     1
1040
69.9988478809646
1000
ACAD_MTEXT_COLUMN_INFO_END
  0
LINE
  5
1FB4
330
20B
100
AcDbEntity
  8
0
100
AcDbLine
 10
3775.564946311796
 20
312.1958180889347
 30
0.0
 11
4164.972518455199
 21
312.1958180889347
 31
0.0
  0
LINE
  5
1FB5
330
20B
100
AcDbEntity
  8
0
100
AcDbLine
 10
3904.998055233967
 20
411.3999858179714
 30
0.0
 11
3904.998055233966
 21
312.1958180889347
 31
0.0
  0
DIMENSION
  5
1FB6
102
{ACAD_XDICTIONARY
360
1FB7
102
}
102
{ACAD_REACTORS
330
1FB8
102
}
330
20B
100
AcDbEntity
  8
0
  6
Continuous
 62
     2
100
AcDbDimension
280
     0
  2
*D125
 10
3978.831632352019
 20
373.2143122715699
 30
0.0
 11
3963.981632352018
 21
376.1726456049032
 31
0.0
 70
    32
 71
     5
 42
29.70000000000118
 73
     0
 74
     0
 75
     0
  3
DIMSTYLE_1
100
AcDbAlignedDimension
 13
3949.131632352018
 23
357.7279621092984
 33
0.0
 14
3978.831632352019
 24
357.7279621092984
 34
0.0
100
AcDbRotatedDimension
  0
DIMENSION
  5
1FB9
102
{ACAD_XDICTIONARY
360
1FBA
102
}
102
{ACAD_REACTORS
330
1FBB
102
}
330
20B
100
AcDbEntity
  8
0
  6
Continuous
 62
     2
100
AcDbDimension
280
     0
  2
*D126
 10
3931.406017892068
 20
353.6779621092986
 30
0.0
 11
3928.447684558733
 21
357.7279621092975
 31
0.0
 70
    32
 71
     5
 42
8.100000000000022
 73
     0
 74
     0
 75
     0
  3
DIMSTYLE_1
100
AcDbAlignedDimension
 13
3955.731632352018
 23
361.7779621092986
 33
0.0
 14
3955.731632352018
 24
353.6779621092985
 34
0.0
 50
90.0
100
AcDbRotatedDimension
  0
DIMENSION
  5
1FBC
102
{ACAD_XDICTIONARY
360
1FBD
102
}
102
{ACAD_REACTORS
330
1FBE
102
}
330
20B
100
AcDbEntity
  8
0
  6
Continuous
 62
     2
100
AcDbDimension
280
     0
  2
*D127
 10
3999.230993164918
 20
373.1716087480001
 30
0.0
 11
4010.439326498252
 21
376.1299420813334
 31
0.0
 70
    32
 71
     5
 42
1.5
 73
     0
 74
     0
 75
     0
  3
DIMSTYLE_1
100
AcDbAlignedDimension
 13
3997.730993164918
 23
361.7779621092986
 33
0.0
 14
3999.230993164918
 24
361.7779621092986
 34
0.0
100
AcDbRotatedDimension
  0
LINE
  5
1FBF
330
20B
100
AcDbEntity
  8
0
100
AcDbLine
 10
4034.985286844583
 20
411.3999858179714
 30
0.0
 11
4034.985286844582
 21
312.1958180889347
 31
0.0
  0
LINE
  5
1FC0
330
20B
100
AcDbEntity
  8
0
100
AcDbLine
 10
4164.972518455199
 20
411.3999858179714
 30
0.0
 11
4164.972518455199
 21
312.195818088935
 31
0.0
  0
MTEXT
  5
1FC1
330
20B
100
AcDbEntity
  8
0
 62
     2
100
AcDbMText
 10
3913.458551393534
 20
333.7661913383806
 30
0.0
 40
10.0
 41
204.6923850670628
 46
69.9988478809646
 71
     1
 72
     5
  1
Cybertel PCB
 73
     1
 44
1.0
1001
ACAD
1000
ACAD_MTEXT_COLUMN_INFO_BEGIN
1070
    75
1070
     2
1070
    79
1070
     0
1070
    76
1070
     1
1070
    78
1070
     0
1070
    48
1040
204.6923850670628
1070
    49
1040
1.0
1070
    50
1070
     1
1040
69.9988478809646
1000
ACAD_MTEXT_COLUMN_INFO_END
  0
MTEXT
  5
1FC2
330
20B
100
AcDbEntity
  8
0
 62
     2
100
AcDbMText
 10
4043.445783004149
 20
333.7661913383806
 30
0.0
 40
10.0
 41
204.6923850670628
 46
69.9988478809646
 71
     1
 72
     5
  1
AM PCB
 73
     1
 44
1.0
1001
ACAD
1000
ACAD_MTEXT_COLUMN_INFO_BEGIN
1070
    75
1070
     2
1070
    79
1070
     0
1070
    76
1070
     1
1070
    78
1070
     0
1070
    48
1040
204.6923850670628
1070
    49
1040
1.0
1070
    50
1070
     1
1040
69.9988478809646
1000
ACAD_MTEXT_COLUMN_INFO_END
  0
LINE
  5
2263
330
20B
100
AcDbEntity
  8
0
  6
Continuous
 62
     7
100
AcDbLine
 10
4071.985990145702
 20
367.9421933853918
 30
0.0
 11
4071.985990145702
 21
361.7921933853915
 31
0.0
  0
LINE
  5
2264
102
{ACAD_REACTORS
330
2297
102
}
330
20B
100
AcDbEntity
  8
0
  6
Continuous
 62
     7
100
AcDbLine
 10
4071.985990145702
 20
358.4921933853917
 30
0.0
 11
4071.985990145702
 21
352.3421933853918
 31
0.0
  0
LINE
  5
2265
102
{ACAD_REACTORS
330
229F
102
}
330
20B
100
AcDbEntity
  8
0
  6
Continuous
 62
     7
100
AcDbLine
 10
4072.985990145702
 20
351.3421933853915
 30
0.0
 11
4100.985990145701
 21
351.3421933853915
 31
0.0
  0
LINE
  5
2266
330
20B
100
AcDbEntity
  8
0
  6
Continuous
 62
     7
100
AcDbLine
 10
4101.485990145702
 20
358.9921933853916
 30
0.0
 11
4100.835990145703
 21
358.9921933853916
 31
0.0
  0
LINE
  5
2267
330
20B
100
AcDbEntity
  8
0
  6
Continuous
 62
     7
100
AcDbLine
 10
4072.485990145702
 20
358.9921933853916
 30
0.0
 11
4073.135990145702
 21
358.9921933853916
 31
0.0
  0
LINE
  5
2268
330
20B
100
AcDbEntity
  8
0
  6
Continuous
 62
     7
100
AcDbLine
 10
4101.485990145702
 20
361.2921933853916
 30
0.0
 11
4100.835990145703
 21
361.2921933853916
 31
0.0
  0
LINE
  5
2269
330
20B
100
AcDbEntity
  8
0
  6
Continuous
 62
     7
100
AcDbLine
 10
4072.485990145702
 20
361.2921933853916
 30
0.0
 11
4073.135990145702
 21
361.2921933853916
 31
0.0
  0
LINE
  5
226A
102
{ACAD_REACTORS
330
229E
102
}
330
20B
100
AcDbEntity
  8
0
  6
Continuous
 62
     7
100
AcDbLine
 10
4100.985990145701
 20
368.9421933853918
 30
0.0
 11
4072.985990145702
 21
368.9421933853918
 31
0.0
  0
LINE
  5
226B
102
{ACAD_REACTORS
330
2298
102
}
330
20B
100
AcDbEntity
  8
0
  6
Continuous
 62
     7
100
AcDbLine
 10
4101.985990145702
 20
352.3421933853918
 30
0.0
 11
4101.985990145702
 21
358.4921933853917
 31
0.0
  0
LINE
  5
226C
330
20B
100
AcDbEntity
  8
0
  6
Continuous
 62
     7
100
AcDbLine
 10
4101.985990145702
 20
361.7921933853915
 30
0.0
 11
4101.985990145702
 21
367.9421933853918
 31
0.0
  0
LINE
  5
226D
330
20B
100
AcDbEntity
  8
0
  6
Continuous
 62
     7
100
AcDbLine
 10
4127.363968098101
 20
351.3421933853915
 30
0.0
 11
4125.863968098101
 21
351.3421933853915
 31
0.0
  0
LINE
  5
226E
330
20B
100
AcDbEntity
  8
0
  6
Continuous
 62
     7
100
AcDbLine
 10
4127.363968098101
 20
352.3421933853918
 30
0.0
 11
4125.863968098101
 21
352.3421933853918
 31
0.0
  0
LINE
  5
226F
330
20B
100
AcDbEntity
  8
02___PRT_ALL_AXES
  6
HIDDEN
 62
     8
100
AcDbLine
 10
4125.863968098101
 20
360.3171933853918
 30
0.0
 11
4125.863968098101
 21
362.5871933853917
 31
0.0
  0
LINE
  5
2270
330
20B
100
AcDbEntity
  8
0
  6
Continuous
 62
     7
100
AcDbLine
 10
4125.863968098101
 20
351.3421933853915
 30
0.0
 11
4125.863968098101
 21
368.9421933853918
 31
0.0
  0
LINE
  5
2271
330
20B
100
AcDbEntity
  8
0
  6
Continuous
 62
     7
100
AcDbLine
 10
4127.363968098101
 20
351.3421933853915
 30
0.0
 11
4127.363968098101
 21
368.9421933853918
 31
0.0
  0
LINE
  5
2272
330
20B
100
AcDbEntity
  8
0
  6
Continuous
 62
     7
100
AcDbLine
 10
4127.363968098101
 20
358.4921933853917
 30
0.0
 11
4125.863968098101
 21
358.4921933853917
 31
0.0
  0
LINE
  5
2273
330
20B
100
AcDbEntity
  8
0
  6
Continuous
 62
     7
100
AcDbLine
 10
4127.363968098101
 20
358.9921933853916
 30
0.0
 11
4125.863968098101
 21
358.9921933853916
 31
0.0
  0
LINE
  5
2274
330
20B
100
AcDbEntity
  8
02___PRT_ALL_AXES
  6
HIDDEN
 62
     8
100
AcDbLine
 10
4125.863968098101
 20
360.3171933853918
 30
0.0
 11
4127.363968098101
 21
360.3171933853918
 31
0.0
  0
LINE
  5
2275
330
20B
100
AcDbEntity
  8
0
  6
Continuous
 62
     7
100
AcDbLine
 10
4125.863968098101
 20
361.2921933853916
 30
0.0
 11
4127.363968098101
 21
361.2921933853916
 31
0.0
  0
LINE
  5
2276
330
20B
100
AcDbEntity
  8
0
  6
Continuous
 62
     7
100
AcDbLine
 10
4125.863968098101
 20
361.7921933853915
 30
0.0
 11
4127.363968098101
 21
361.7921933853915
 31
0.0
  0
LINE
  5
2277
330
20B
100
AcDbEntity
  8
02___PRT_ALL_AXES
  6
HIDDEN
 62
     8
100
AcDbLine
 10
4125.863968098101
 20
362.5871933853917
 30
0.0
 11
4127.363968098101
 21
362.5871933853917
 31
0.0
  0
LINE
  5
2278
330
20B
100
AcDbEntity
  8
0
  6
Continuous
 62
     7
100
AcDbLine
 10
4127.363968098101
 20
367.9421933853916
 30
0.0
 11
4125.863968098101
 21
367.9421933853918
 31
0.0
  0
LINE
  5
2279
102
{ACAD_REACTORS
330
2292
102
}
330
20B
100
AcDbEntity
  8
0
  6
Continuous
 62
     7
100
AcDbLine
 10
4127.363968098101
 20
368.9421933853918
 30
0.0
 11
4125.863968098101
 21
368.9421933853918
 31
0.0
  0
ARC
  5
227A
330
20B
100
AcDbEntity
  8
0
  6
Continuous
 62
     7
100
AcDbCircle
 10
4100.835990145703
 20
360.1421933853917
 30
0.0
 40
1.149999999999999
100
AcDbArc
 50
90.0
 51
270.0
  0
ARC
  5
227B
330
20B
100
AcDbEntity
  8
0
  6
Continuous
 62
     7
100
AcDbCircle
 10
4073.135990145702
 20
360.1421933853917
 30
0.0
 40
1.149999999999999
100
AcDbArc
 50
270.0
 51
90.0
  0
CIRCLE
  5
227C
330
20B
100
AcDbEntity
  8
02___PRT_ALL_AXES
  6
Continuous
 62
     7
100
AcDbCircle
 10
4080.430990145702
 20
361.4521933853918
 30
0.0
 40
1.135
  0
CIRCLE
  5
227D
330
20B
100
AcDbEntity
  8
02___PRT_ALL_AXES
  6
Continuous
 62
     7
100
AcDbCircle
 10
4093.540990145704
 20
361.4521933853918
 30
0.0
 40
1.135
  0
ARC
  5
227E
330
20B
100
AcDbEntity
  8
0
  6
Continuous
 62
     7
100
AcDbCircle
 10
4100.985990145701
 20
352.3421933853918
 30
0.0
 40
1.0
100
AcDbArc
 50
270.0
 51
0.0
  0
ARC
  5
227F
102
{ACAD_REACTORS
330
228F
102
}
330
20B
100
AcDbEntity
  8
0
  6
Continuous
 62
     7
100
AcDbCircle
 10
4072.985990145702
 20
352.3421933853918
 30
0.0
 40
1.0
100
AcDbArc
 50
180.0
 51
270.0
  0
ARC
  5
2280
102
{ACAD_REACTORS
330
228C
330
228F
102
}
330
20B
100
AcDbEntity
  8
0
  6
Continuous
 62
     7
100
AcDbCircle
 10
4072.985990145702
 20
367.9421933853918
 30
0.0
 40
1.0
100
AcDbArc
 50
90.0
 51
180.0
  0
ARC
  5
2281
102
{ACAD_REACTORS
330
228C
102
}
330
20B
100
AcDbEntity
  8
0
  6
Continuous
 62
     7
100
AcDbCircle
 10
4100.985990145701
 20
367.9421933853918
 30
0.0
 40
1.0
100
AcDbArc
 50
0.0
 51
90.0
  0
ARC
  5
2282
330
20B
100
AcDbEntity
  8
0
  6
Continuous
 62
     7
100
AcDbCircle
 10
4101.485990145702
 20
361.7921933853915
 30
0.0
 40
0.5
100
AcDbArc
 50
270.0
 51
0.0
  0
ARC
  5
2283
330
20B
100
AcDbEntity
  8
0
  6
Continuous
 62
     7
100
AcDbCircle
 10
4101.485990145702
 20
358.4921933853917
 30
0.0
 40
0.5
100
AcDbArc
 50
0.0
 51
90.0
  0
ARC
  5
2284
330
20B
100
AcDbEntity
  8
0
  6
Continuous
 62
     7
100
AcDbCircle
 10
4072.485990145702
 20
358.4921933853917
 30
0.0
 40
0.5
100
AcDbArc
 50
90.0
 51
180.0
  0
ARC
  5
2285
330
20B
100
AcDbEntity
  8
0
  6
Continuous
 62
     7
100
AcDbCircle
 10
4072.485990145702
 20
361.7921933853915
 30
0.0
 40
0.5
100
AcDbArc
 50
180.0
 51
270.0
  0
INSERT
  5
2286
102
{ACAD_REACTORS
330
22A0
102
}
330
20B
100
AcDbEntity
  8
0
  6
CENTER2
 62
   242
420
 13443111
100
AcDbBlockReference
  2
*U131
 10
4086.985990145701
 20
360.1421933853917
 30
0.0
  0
INSERT
  5
2287
102
{ACAD_REACTORS
330
2299
102
}
330
20B
100
AcDbEntity
  8
0
  6
CENTER2
 62
   242
420
 13443111
100
AcDbBlockReference
  2
*U132
 10
4086.985990145701
 20
355.4171933853918
 30
0.0
  0
INSERT
  5
2288
102
{ACAD_REACTORS
330
22AD
102
}
330
20B
100
AcDbEntity
  8
0
  6
CENTER2
 62
   242
420
 13443111
100
AcDbBlockReference
  2
*U133
 10
4080.430990145702
 20
361.4521933853918
 30
0.0
  0
INSERT
  5
2289
102
{ACAD_REACTORS
330
22BA
102
}
330
20B
100
AcDbEntity
  8
0
  6
CENTER2
 62
   242
420
 13443111
100
AcDbBlockReference
  2
*U134
 10
4093.540990145704
 20
361.4521933853918
 30
0.0
  0
DIMENSION
  5
228A
102
{ACAD_XDICTIONARY
360
228B
102
}
102
{ACAD_REACTORS
330
228C
102
}
330
20B
100
AcDbEntity
  8
0
  6
Continuous
 62
     2
100
AcDbDimension
280
     0
  2
*D136
 10
4101.985990145702
 20
381.2109825823111
 30
0.0
 11
4086.985990145701
 21
383.8359825823111
 31
0.0
 70
    32
 71
     5
 42
30.0
 73
     0
 74
     0
 75
     0
  3
DIMSTYLE_1
100
AcDbAlignedDimension
 13
4071.985990145702
 23
367.9421933853918
 33
0.0
 14
4101.985990145702
 24
367.9421933853918
 34
0.0
100
AcDbRotatedDimension
  0
DIMENSION
  5
228D
102
{ACAD_XDICTIONARY
360
228E
102
}
102
{ACAD_REACTORS
330
228F
102
}
330
20B
100
AcDbEntity
  8
0
  6
Continuous
 62
     2
100
AcDbDimension
280
     0
  2
*D135
 10
4057.448731531472
 20
351.3421933853916
 30
0.0
 11
4054.490398198137
 21
360.1421933853905
 31
0.0
 70
    32
 71
     5
 42
17.60000000000025
 73
     0
 74
     0
 75
     0
  3
DIMSTYLE_1
100
AcDbAlignedDimension
 13
4072.985990145702
 23
368.9421933853918
 33
0.0
 14
4072.985990145702
 24
351.3421933853915
 34
0.0
 50
90.0
100
AcDbRotatedDimension
  0
DIMENSION
  5
2290
102
{ACAD_XDICTIONARY
360
2291
102
}
102
{ACAD_REACTORS
330
2292
102
}
330
20B
100
AcDbEntity
  8
0
  6
Continuous
 62
     2
100
AcDbDimension
280
     0
  2
*D137
 10
4127.363968098101
 20
373.075464400152
 30
0.0
 11
4138.572301431433
 21
376.0337977334854
 31
0.0
 70
    32
 71
     5
 42
1.5
 73
     0
 74
     0
 75
     0
  3
DIMSTYLE_1
100
AcDbAlignedDimension
 13
4125.863968098101
 23
368.9421933853918
 33
0.0
 14
4127.363968098101
 24
368.9421933853918
 34
0.0
100
AcDbRotatedDimension
  0
LINE
  5
2559
102
{ACAD_REACTORS
330
270A
102
}
330
20B
100
AcDbEntity
  8
0
  6
Continuous
 62
     7
100
AcDbLine
 10
3806.524531617185
 20
348.587620417362
 30
0.0
 11
3824.924531617185
 21
348.587620417362
 31
0.0
  0
LINE
  5
255A
102
{ACAD_REACTORS
330
26FE
102
}
330
20B
100
AcDbEntity
  8
0
  6
Continuous
 62
     7
100
AcDbLine
 10
3805.524531617185
 20
374.037620417362
 30
0.0
 11
3805.524531617185
 21
349.587620417362
 31
0.0
  0
LINE
  5
255B
102
{ACAD_REACTORS
330
26FC
102
}
330
20B
100
AcDbEntity
  8
0
  6
Continuous
 62
     7
100
AcDbLine
 10
3825.924531617185
 20
349.587620417362
 30
0.0
 11
3825.924531617185
 21
374.037620417362
 31
0.0
  0
LINE
  5
255C
102
{ACAD_REACTORS
330
2708
102
}
330
20B
100
AcDbEntity
  8
0
  6
Continuous
 62
     7
100
AcDbLine
 10
3824.924531617185
 20
375.037620417362
 30
0.0
 11
3806.524531617185
 21
375.037620417362
 31
0.0
  0
LINE
  5
255D
330
20B
100
AcDbEntity
  8
0
  6
Continuous
 62
     7
100
AcDbLine
 10
3845.307445279918
 20
348.587620417362
 30
0.0
 11
3846.307445279918
 21
348.587620417362
 31
0.0
  0
LINE
  5
255E
330
20B
100
AcDbEntity
  8
0
  6
Continuous
 62
     7
100
AcDbLine
 10
3845.307445279918
 20
349.587620417362
 30
0.0
 11
3846.307445279918
 21
349.587620417362
 31
0.0
  0
LINE
  5
255F
330
20B
100
AcDbEntity
  8
06___PRT_ALL_SURFS
  6
HIDDEN
 62
     8
100
AcDbLine
 10
3845.307445279918
 20
351.587620417362
 30
0.0
 11
3846.307445279918
 21
351.587620417362
 31
0.0
  0
LINE
  5
2560
330
20B
100
AcDbEntity
  8
06___PRT_ALL_SURFS
  6
HIDDEN
 62
     8
100
AcDbLine
 10
3845.307445279918
 20
352.587620417362
 30
0.0
 11
3846.307445279918
 21
352.587620417362
 31
0.0
  0
LINE
  5
2561
330
20B
100
AcDbEntity
  8
02___PRT_ALL_AXES
  6
HIDDEN
 62
     8
100
AcDbLine
 10
3845.307445279918
 20
360.662620417362
 30
0.0
 11
3846.307445279918
 21
360.662620417362
 31
0.0
  0
LINE
  5
2562
330
20B
100
AcDbEntity
  8
02___PRT_ALL_AXES
  6
HIDDEN
 62
     8
100
AcDbLine
 10
3845.307445279918
 20
362.962620417362
 30
0.0
 11
3846.307445279918
 21
362.962620417362
 31
0.0
  0
LINE
  5
2563
330
20B
100
AcDbEntity
  8
06___PRT_ALL_SURFS
  6
HIDDEN
 62
     8
100
AcDbLine
 10
3845.307445279918
 20
372.037620417362
 30
0.0
 11
3845.307445279918
 21
371.037620417362
 31
0.0
  0
LINE
  5
2564
330
20B
100
AcDbEntity
  8
02___PRT_ALL_AXES
  6
HIDDEN
 62
     8
100
AcDbLine
 10
3845.307445279918
 20
362.962620417362
 30
0.0
 11
3845.307445279918
 21
360.662620417362
 31
0.0
  0
LINE
  5
2565
330
20B
100
AcDbEntity
  8
06___PRT_ALL_SURFS
  6
HIDDEN
 62
     8
100
AcDbLine
 10
3845.307445279918
 20
352.587620417362
 30
0.0
 11
3845.307445279918
 21
351.587620417362
 31
0.0
  0
LINE
  5
2566
330
20B
100
AcDbEntity
  8
0
  6
Continuous
 62
     7
100
AcDbLine
 10
3845.307445279918
 20
348.587620417362
 30
0.0
 11
3845.307445279918
 21
375.037620417362
 31
0.0
  0
LINE
  5
2567
330
20B
100
AcDbEntity
  8
02___PRT_ALL_AXES
  6
HIDDEN
 62
     8
100
AcDbLine
 10
3846.307445279918
 20
362.962620417362
 30
0.0
 11
3846.307445279918
 21
360.662620417362
 31
0.0
  0
LINE
  5
2568
330
20B
100
AcDbEntity
  8
0
  6
Continuous
 62
     7
100
AcDbLine
 10
3846.307445279918
 20
348.587620417362
 30
0.0
 11
3846.307445279918
 21
375.037620417362
 31
0.0
  0
LINE
  5
2569
330
20B
100
AcDbEntity
  8
DEFAULT_2
  6
HIDDEN
 62
     8
100
AcDbLine
 10
3845.307445279918
 20
371.037620417362
 30
0.0
 11
3846.307445279918
 21
371.037620417362
 31
0.0
  0
LINE
  5
256A
330
20B
100
AcDbEntity
  8
DEFAULT_2
  6
HIDDEN
 62
     8
100
AcDbLine
 10
3845.307445279918
 20
372.037620417362
 30
0.0
 11
3846.307445279918
 21
372.037620417362
 31
0.0
  0
LINE
  5
256B
330
20B
100
AcDbEntity
  8
0
  6
Continuous
 62
     7
100
AcDbLine
 10
3845.307445279918
 20
374.037620417362
 30
0.0
 11
3846.307445279918
 21
374.037620417362
 31
0.0
  0
LINE
  5
256C
102
{ACAD_REACTORS
330
275E
102
}
330
20B
100
AcDbEntity
  8
0
  6
Continuous
 62
     7
100
AcDbLine
 10
3845.307445279918
 20
375.037620417362
 30
0.0
 11
3846.307445279918
 21
375.037620417362
 31
0.0
  0
CIRCLE
  5
256D
102
{ACAD_REACTORS
330
26CF
102
}
330
20B
100
AcDbEntity
  8
02___PRT_ALL_AXES
  6
Continuous
 62
     7
100
AcDbCircle
 10
3810.924531617184
 20
361.812620417362
 30
0.0
 40
1.149999999999999
  0
CIRCLE
  5
256E
102
{ACAD_REACTORS
330
26C0
102
}
330
20B
100
AcDbEntity
  8
02___PRT_ALL_AXES
  6
Continuous
 62
     7
100
AcDbCircle
 10
3820.524531617185
 20
361.812620417362
 30
0.0
 40
1.149999999999999
  0
ARC
  5
256F
330
20B
100
AcDbEntity
  8
0
  6
Continuous
 62
     7
100
AcDbCircle
 10
3824.924531617185
 20
349.587620417362
 30
0.0
 40
1.0
100
AcDbArc
 50
270.0
 51
0.0
  0
ARC
  5
2570
102
{ACAD_REACTORS
330
2744
102
}
330
20B
100
AcDbEntity
  8
0
  6
Continuous
 62
     7
100
AcDbCircle
 10
3806.524531617185
 20
349.587620417362
 30
0.0
 40
1.0
100
AcDbArc
 50
180.0
 51
270.0
  0
ARC
  5
2571
102
{ACAD_REACTORS
330
272A
330
2744
102
}
330
20B
100
AcDbEntity
  8
0
  6
Continuous
 62
     7
100
AcDbCircle
 10
3806.524531617185
 20
374.037620417362
 30
0.0
 40
1.0
100
AcDbArc
 50
90.0
 51
180.0
  0
ARC
  5
2572
102
{ACAD_REACTORS
330
272A
102
}
330
20B
100
AcDbEntity
  8
0
  6
Continuous
 62
     7
100
AcDbCircle
 10
3824.924531617185
 20
374.037620417362
 30
0.0
 40
1.0
100
AcDbArc
 50
0.0
 51
90.0
  0
CIRCLE
  5
2573
102
{ACAD_REACTORS
330
26B1
102
}
330
20B
100
AcDbEntity
  8
06___PRT_ALL_SURFS
  6
Continuous
 62
     7
100
AcDbCircle
 10
3820.524531617185
 20
371.537620417362
 30
0.0
 40
0.5
  0
CIRCLE
  5
2574
102
{ACAD_REACTORS
330
26A2
102
}
330
20B
100
AcDbEntity
  8
06___PRT_ALL_SURFS
  6
Continuous
 62
     7
100
AcDbCircle
 10
3810.924531617184
 20
371.537620417362
 30
0.0
 40
0.5
  0
CIRCLE
  5
2575
102
{ACAD_REACTORS
330
26DE
102
}
330
20B
100
AcDbEntity
  8
06___PRT_ALL_SURFS
  6
Continuous
 62
     7
100
AcDbCircle
 10
3810.924531617184
 20
352.087620417362
 30
0.0
 40
0.5
  0
CIRCLE
  5
2576
102
{ACAD_REACTORS
330
26ED
102
}
330
20B
100
AcDbEntity
  8
06___PRT_ALL_SURFS
  6
Continuous
 62
     7
100
AcDbCircle
 10
3820.524531617185
 20
352.087620417362
 30
0.0
 40
0.5
  0
LINE
  5
25FF
330
20B
100
AcDbEntity
  8
0
  6
Continuous
 62
     7
100
AcDbLine
 10
3871.745204872305
 20
399.6070946816761
 30
0.0
 11
3872.194328110005
 21
399.968346811776
 31
0.0
  0
LINE
  5
2600
330
20B
100
AcDbEntity
  8
0
  6
Continuous
 62
     7
100
AcDbLine
 10
3872.346203461305
 20
399.7473528341761
 30
0.0
 11
3872.795326699005
 21
400.108604964276
 31
0.0
  0
LINE
  5
2601
330
20B
100
AcDbEntity
  8
06___PRT_ALL_SURFS
  6
Continuous
 62
     7
100
AcDbLine
 10
3875.290116772005
 20
396.2645245714761
 30
0.0
 11
3875.739240009706
 21
396.6257767014761
 31
0.0
  0
LINE
  5
2602
330
20B
100
AcDbEntity
  8
06___PRT_ALL_SURFS
  6
Continuous
 62
     7
100
AcDbLine
 10
3870.281889418405
 20
391.9153218889761
 30
0.0
 11
3875.446806651805
 21
396.0697213847761
 31
0.0
  0
LINE
  5
2603
330
20B
100
AcDbEntity
  8
06___PRT_ALL_SURFS
  6
Continuous
 62
     7
100
AcDbLine
 10
3869.100091399305
 20
390.5797390682761
 30
0.0
 11
3870.469917274205
 21
391.6815580649761
 31
0.0
  0
LINE
  5
2604
330
20B
100
AcDbEntity
  8
06___PRT_ALL_SURFS
  6
Continuous
 62
     7
100
AcDbLine
 10
3869.664174966705
 20
389.8784475960761
 30
0.0
 11
3871.034000841705
 21
390.980266592776
 31
0.0
  0
LINE
  5
2605
330
20B
100
AcDbEntity
  8
06___PRT_ALL_SURFS
  6
Continuous
 62
     7
100
AcDbLine
 10
3871.222028697505
 20
390.7465027686761
 30
0.0
 11
3876.386945930905
 21
394.900902264376
 31
0.0
  0
LINE
  5
2606
330
20B
100
AcDbEntity
  8
06___PRT_ALL_SURFS
  6
Continuous
 62
     7
100
AcDbLine
 10
3876.543635810705
 20
394.7060990776761
 30
0.0
 11
3876.992759048405
 21
395.0673512077761
 31
0.0
  0
LINE
  5
2607
330
20B
100
AcDbEntity
  8
0
  6
Continuous
 62
     7
100
AcDbLine
 10
3874.576840389805
 20
375.158215987276
 30
0.0
 11
3881.182394252205
 21
374.010724519776
 31
0.0
  0
LINE
  5
2608
330
20B
100
AcDbEntity
  8
0
  6
Continuous
 62
     7
100
AcDbLine
 10
3883.150584706005
 20
373.6688180272761
 30
0.0
 11
3889.460590007905
 21
372.5726681215761
 31
0.0
  0
LINE
  5
2609
330
20B
100
AcDbEntity
  8
0
  6
Continuous
 62
     7
100
AcDbLine
 10
3871.478866025405
 20
398.9830275556761
 30
0.0
 11
3871.646138684806
 21
393.0126553423761
 31
0.0
  0
LINE
  5
260A
330
20B
100
AcDbEntity
  8
0
  6
Continuous
 62
     7
100
AcDbLine
 10
3871.698883569005
 20
391.1300608293761
 30
0.0
 11
3872.108720771905
 21
376.5019640650761
 31
0.0
  0
LINE
  5
260B
330
20B
100
AcDbEntity
  8
06___PRT_ALL_SURFS
  6
Continuous
 62
     7
100
AcDbLine
 10
3883.863861088205
 20
394.7751266114761
 30
0.0
 11
3884.312984325905
 21
395.136378741576
 31
0.0
  0
LINE
  5
260C
330
20B
100
AcDbEntity
  8
06___PRT_ALL_SURFS
  6
Continuous
 62
     7
100
AcDbLine
 10
3878.855633734605
 20
390.4259239290761
 30
0.0
 11
3884.020550968105
 21
394.580323424776
 31
0.0
  0
LINE
  5
260D
330
20B
100
AcDbEntity
  8
06___PRT_ALL_SURFS
  6
Continuous
 62
     7
100
AcDbLine
 10
3877.673835715505
 20
389.090341108276
 30
0.0
 11
3879.043661590405
 21
390.192160104976
 31
0.0
  0
LINE
  5
260E
330
20B
100
AcDbEntity
  8
0
  6
Continuous
 62
     7
100
AcDbLine
 10
3888.779213400705
 20
396.8926734109761
 30
0.0
 11
3889.228336638405
 21
397.2539255410761
 31
0.0
  0
LINE
  5
260F
330
20B
100
AcDbEntity
  8
06___PRT_ALL_SURFS
  6
Continuous
 62
     7
100
AcDbLine
 10
3878.237919282905
 20
388.3890496361761
 30
0.0
 11
3879.607745157905
 21
389.4908686327761
 31
0.0
  0
LINE
  5
2610
330
20B
100
AcDbEntity
  8
06___PRT_ALL_SURFS
  6
Continuous
 62
     7
100
AcDbLine
 10
3879.795773013705
 20
389.2571048087761
 30
0.0
 11
3884.960690247105
 21
393.4115043044761
 31
0.0
  0
LINE
  5
2611
330
20B
100
AcDbEntity
  8
06___PRT_ALL_SURFS
  6
Continuous
 62
     7
100
AcDbLine
 10
3885.117380126905
 20
393.2167011177761
 30
0.0
 11
3885.566503364605
 21
393.5779532477761
 31
0.0
  0
LINE
  5
2612
330
20B
100
AcDbEntity
  8
0
  6
Continuous
 62
     7
100
AcDbLine
 10
3889.698072697305
 20
395.8180568907761
 30
0.0
 11
3890.147195935005
 21
396.1793090207761
 31
0.0
  0
LINE
  5
2613
330
20B
100
AcDbEntity
  8
06___PRT_ALL_SURFS
  6
Continuous
 62
     7
100
AcDbLine
 10
3875.791166866905
 20
378.3808155778761
 30
0.0
 11
3876.240290104605
 21
378.7420677079761
 31
0.0
  0
LINE
  5
2614
330
20B
100
AcDbEntity
  8
06___PRT_ALL_SURFS
  6
Continuous
 62
     7
100
AcDbLine
 10
3870.782939513405
 20
374.0316128954761
 30
0.0
 11
3875.947856746805
 21
378.1860123911761
 31
0.0
  0
LINE
  5
2615
330
20B
100
AcDbEntity
  8
06___PRT_ALL_SURFS
  6
Continuous
 62
     7
100
AcDbLine
 10
3869.601141494205
 20
372.6960300746761
 30
0.0
 11
3870.970967369205
 21
373.7978490713761
 31
0.0
  0
LINE
  5
2616
330
20B
100
AcDbEntity
  8
06___PRT_ALL_SURFS
  6
Continuous
 62
     7
100
AcDbLine
 10
3870.165225061605
 20
371.9947386025761
 30
0.0
 11
3871.535050936605
 21
373.0965575991761
 31
0.0
  0
LINE
  5
2617
330
20B
100
AcDbEntity
  8
06___PRT_ALL_SURFS
  6
Continuous
 62
     7
100
AcDbLine
 10
3871.723078792405
 20
372.8627937751761
 30
0.0
 11
3876.887996025806
 21
377.0171932708761
 31
0.0
  0
LINE
  5
2618
330
20B
100
AcDbEntity
  8
06___PRT_ALL_SURFS
  6
Continuous
 62
     7
100
AcDbLine
 10
3877.044685905604
 20
376.8223900841761
 30
0.0
 11
3877.493809143305
 21
377.1836422141761
 31
0.0
  0
LINE
  5
2619
330
20B
100
AcDbEntity
  8
06___PRT_ALL_SURFS
  6
Continuous
 62
     7
100
AcDbLine
 10
3884.364911183105
 20
376.8914176179761
 30
0.0
 11
3884.814034420805
 21
377.2526697480761
 31
0.0
  0
LINE
  5
261A
330
20B
100
AcDbEntity
  8
06___PRT_ALL_SURFS
  6
Continuous
 62
     7
100
AcDbLine
 10
3879.356683829604
 20
372.5422149355761
 30
0.0
 11
3884.521601063005
 21
376.6966144312761
 31
0.0
  0
LINE
  5
261B
330
20B
100
AcDbEntity
  8
06___PRT_ALL_SURFS
  6
Continuous
 62
     7
100
AcDbLine
 10
3878.174885810405
 20
371.2066321147761
 30
0.0
 11
3879.544711685405
 21
372.3084511114761
 31
0.0
  0
LINE
  5
261C
330
20B
100
AcDbEntity
  8
0
  6
Continuous
 62
     7
100
AcDbLine
 10
3890.327927443905
 20
373.3369934001761
 30
0.0
 11
3889.698072697305
 21
395.8180568907761
 31
0.0
  0
LINE
  5
261D
330
20B
100
AcDbEntity
  8
06___PRT_ALL_SURFS
  6
Continuous
 62
     7
100
AcDbLine
 10
3878.738969377805
 20
370.5053406425761
 30
0.0
 11
3880.108795252805
 21
371.6071596392761
 31
0.0
  0
LINE
  5
261E
330
20B
100
AcDbEntity
  8
06___PRT_ALL_SURFS
  6
Continuous
 62
     7
100
AcDbLine
 10
3880.296823108605
 20
371.3733958151761
 30
0.0
 11
3885.461740342005
 21
375.527795310976
 31
0.0
  0
LINE
  5
261F
330
20B
100
AcDbEntity
  8
0
  6
Continuous
 62
     7
100
AcDbLine
 10
3890.777050681605
 20
373.6982455302761
 30
0.0
 11
3890.147195935005
 21
396.1793090207761
 31
0.0
  0
LINE
  5
2620
330
20B
100
AcDbEntity
  8
06___PRT_ALL_SURFS
  6
Continuous
 62
     7
100
AcDbLine
 10
3885.618430221805
 20
375.3329921241761
 30
0.0
 11
3886.067553459504
 21
375.6942442542761
 31
0.0
  0
LINE
  5
2621
330
20B
100
AcDbEntity
  8
0
  6
Continuous
 62
     7
100
AcDbLine
 10
3888.779213400705
 20
396.8926734109761
 30
0.0
 11
3872.346203461305
 21
399.7473528341761
 31
0.0
  0
LINE
  5
2622
330
20B
100
AcDbEntity
  8
0
  6
Continuous
 62
     7
100
AcDbLine
 10
3890.327927443905
 20
373.3369934001761
 30
0.0
 11
3890.777050681605
 21
373.6982455302761
 31
0.0
  0
LINE
  5
2623
330
20B
100
AcDbEntity
  8
0
  6
Continuous
 62
     7
100
AcDbLine
 10
3890.061588597005
 20
372.7129262740761
 30
0.0
 11
3890.510711834605
 21
373.074178404176
 31
0.0
  0
LINE
  5
2624
330
20B
100
AcDbEntity
  8
0
  6
Continuous
 62
     7
100
AcDbLine
 10
3889.228336638405
 20
397.2539255410761
 30
0.0
 11
3872.795326699005
 21
400.108604964276
 31
0.0
  0
ARC
  5
2625
330
20B
100
AcDbEntity
  8
06___PRT_ALL_SURFS
  6
Continuous
 62
     7
100
AcDbCircle
 10
3876.206413702205
 20
377.864564271276
 30
0.0
 40
0.6625349517
100
AcDbArc
 50
128.7616484512956
 51
131.5952535787038
  0
ARC
  5
2626
330
20B
100
AcDbEntity
  8
06___PRT_ALL_SURFS
  6
Continuous
 62
     7
100
AcDbCircle
 10
3869.883203911104
 20
372.3453044344761
 30
0.0
 40
0.4499248069
100
AcDbArc
 50
128.8128144549931
 51
308.8157784698083
  0
ARC
  5
2627
330
20B
100
AcDbEntity
  8
06___PRT_ALL_SURFS
  6
Continuous
 62
     7
100
AcDbCircle
 10
3877.955898208604
 20
388.7396133678761
 30
0.0
 40
0.4499231227
100
AcDbArc
 50
128.8127622801906
 51
308.8159385511079
  0
ARC
  5
2628
330
20B
100
AcDbEntity
  8
06___PRT_ALL_SURFS
  6
Continuous
 62
     7
100
AcDbCircle
 10
3878.456948338305
 20
370.8559032149761
 30
0.0
 40
0.4499221976
100
AcDbArc
 50
128.8127345417064
 51
308.8160276464973
  0
ARC
  5
2629
330
20B
100
AcDbEntity
  8
06___PRT_ALL_SURFS
  6
Continuous
 62
     7
100
AcDbCircle
 10
3869.382153980105
 20
390.2290079038761
 30
0.0
 40
0.4499204000000001
100
AcDbArc
 50
128.8126824358071
 51
308.8162031559063
  0
SPLINE
  5
262A
330
20B
100
AcDbEntity
  8
06___PRT_ALL_SURFS
  6
Continuous
 62
     7
100
AcDbSpline
210
0.0
220
0.0
230
1.0
 70
     8
 71
     3
 72
     9
 73
     5
 74
     0
 42
0.0000001
 43
0.0000000001
 40
0.0
 40
0.0
 40
0.0
 40
0.0
 40
0.513275635
 40
1.0
 40
1.0
 40
1.0
 40
1.0
 10
3875.526842909505
 20
377.849065162976
 30
0.0
 10
3875.533965963805
 20
377.9472321810761
 30
0.0
 10
3875.579660128805
 20
378.138465463076
 30
0.0
 10
3875.696781865705
 20
378.2980807184761
 30
0.0
 10
3875.766580425205
 20
378.3600430808761
 30
0.0
  0
SPLINE
  5
262B
330
20B
100
AcDbEntity
  8
06___PRT_ALL_SURFS
  6
Continuous
 62
     7
100
AcDbSpline
210
0.0
220
0.0
230
1.0
 70
     8
 71
     3
 72
     9
 73
     5
 74
     0
 42
0.0000001
 43
0.0000000001
 40
0.0
 40
0.0
 40
0.0
 40
0.0
 40
0.5135705983
 40
1.0
 40
1.0
 40
1.0
 40
1.0
 10
3876.468473385305
 20
376.678186921276
 30
0.0
 10
3876.571211131106
 20
376.6633273138761
 30
0.0
 10
3876.779051485306
 20
376.6689692643761
 30
0.0
 10
3876.967574756605
 20
376.7604670448761
 30
0.0
 10
3877.044240286505
 20
376.8220249824761
 30
0.0
  0
SPLINE
  5
262C
330
20B
100
AcDbEntity
  8
06___PRT_ALL_SURFS
  6
Continuous
 62
     7
100
AcDbSpline
210
0.0
220
0.0
230
1.0
 70
     8
 71
     3
 72
    14
 73
    10
 74
     0
 42
0.0000001
 43
0.0000000001
 40
0.0
 40
0.0
 40
0.0
 40
0.0
 40
0.1106598193
 40
0.22574538
 40
0.3477980617
 40
0.4767634736
 40
0.6103456354
 40
0.7448625992000001
 40
1.0
 40
1.0
 40
1.0
 40
1.0
 10
3877.493363524205
 20
377.183277112476
 30
0.0
 10
3877.557018844105
 20
377.2343886122761
 30
0.0
 10
3877.668126244105
 20
377.3642620675761
 30
0.0
 10
3877.758180751806
 20
377.6094732486761
 30
0.0
 10
3877.768115117805
 20
377.8833988143761
 30
0.0
 10
3877.699369258905
 20
378.1620147151761
 30
0.0
 10
3877.558281730305
 20
378.4224668344761
 30
0.0
 10
3877.298279462105
 20
378.710362579876
 30
0.0
 10
3877.026713416405
 20
378.850118412876
 30
0.0
 10
3876.841270719005
 20
378.8823289827761
 30
0.0
  0
SPLINE
  5
262D
330
20B
100
AcDbEntity
  8
06___PRT_ALL_SURFS
  6
Continuous
 62
     7
100
AcDbSpline
210
0.0
220
0.0
230
1.0
 70
     8
 71
     3
 72
     9
 73
     5
 74
     0
 42
0.0000001
 43
0.0000000001
 40
0.0
 40
0.0
 40
0.0
 40
0.0
 40
0.2461488721
 40
1.0
 40
1.0
 40
1.0
 40
1.0
 10
3871.272343331605
 20
372.7575978190761
 30
0.0
 10
3871.262457981705
 20
372.759314860276
 30
0.0
 10
3871.222458660605
 20
372.7671966802761
 30
0.0
 10
3871.183168368005
 20
372.7785958030761
 30
0.0
 10
3871.154222442505
 20
372.7889080892761
 30
0.0
  0
SPLINE
  5
262E
330
20B
100
AcDbEntity
  8
06___PRT_ALL_SURFS
  6
Continuous
 62
     7
100
AcDbSpline
210
0.0
220
0.0
230
1.0
 70
     8
 71
     3
 72
     9
 73
     5
 74
     0
 42
0.0000001
 43
0.0000000001
 40
0.0
 40
0.0
 40
0.0
 40
0.0
 40
0.5199528069000001
 40
1.0
 40
1.0
 40
1.0
 40
1.0
 10
3870.588822281805
 20
373.491439322376
 30
0.0
 10
3870.575808964405
 20
373.593543942676
 30
0.0
 10
3870.590526095105
 20
373.7994059571761
 30
0.0
 10
3870.709173592905
 20
373.9723886462761
 30
0.0
 10
3870.783273727705
 20
374.031886721776
 30
0.0
  0
SPLINE
  5
262F
330
20B
100
AcDbEntity
  8
06___PRT_ALL_SURFS
  6
Continuous
 62
     7
100
AcDbSpline
210
0.0
220
0.0
230
1.0
 70
     8
 71
     3
 72
     9
 73
     5
 74
     0
 42
0.0000001
 43
0.0000000001
 40
0.0
 40
0.0
 40
0.0
 40
0.0
 40
0.514295642
 40
1.0
 40
1.0
 40
1.0
 40
1.0
 10
3871.272343331605
 20
372.7575978190761
 30
0.0
 10
3871.352273760305
 20
372.7437142598761
 30
0.0
 10
3871.514824087805
 20
372.7443358042761
 30
0.0
 10
3871.663002484405
 20
372.8145505409761
 30
0.0
 10
3871.722744578005
 20
372.8625199488761
 30
0.0
  0
SPLINE
  5
2630
330
20B
100
AcDbEntity
  8
06___PRT_ALL_SURFS
  6
Continuous
 62
     7
100
AcDbSpline
210
0.0
220
0.0
230
1.0
 70
     8
 71
     3
 72
     9
 73
     5
 74
     0
 42
0.0000001
 43
0.0000000001
 40
0.0
 40
0.0
 40
0.0
 40
0.0
 40
0.485704358
 40
1.0
 40
1.0
 40
1.0
 40
1.0
 10
3876.240735723805
 20
378.7424328096761
 30
0.0
 10
3876.320391848605
 20
378.8063920201761
 30
0.0
 10
3876.517963044105
 20
378.900011669076
 30
0.0
 10
3876.734696814006
 20
378.900840395076
 30
0.0
 10
3876.841270719005
 20
378.8823289827761
 30
0.0
  0
SPLINE
  5
2631
330
20B
100
AcDbEntity
  8
06___PRT_ALL_SURFS
  6
Continuous
 62
     7
100
AcDbSpline
210
0.0
220
0.0
230
1.0
 70
     8
 71
     3
 72
    13
 73
     9
 74
     0
 42
0.0000001
 43
0.0000000001
 40
0.0
 40
0.0
 40
0.0
 40
0.0
 40
0.1108829641
 40
0.2262005941
 40
0.3484993942
 40
0.477724864
 40
0.7443481163
 40
1.0
 40
1.0
 40
1.0
 40
1.0
 10
3871.722744578005
 20
372.8625199488761
 30
0.0
 10
3871.770486068005
 20
372.9008535737761
 30
0.0
 10
3871.853817685405
 20
372.9982620063761
 30
0.0
 10
3871.921353500905
 20
373.182154537376
 30
0.0
 10
3871.928824483905
 20
373.387661965576
 30
0.0
 10
3871.859392191105
 20
373.6682741948761
 30
0.0
 10
3871.643515857705
 20
373.973956582376
 30
0.0
 10
3871.372756997205
 20
374.1126509240761
 30
0.0
 10
3871.233674974205
 20
374.136808851576
 30
0.0
  0
SPLINE
  5
2632
330
20B
100
AcDbEntity
  8
06___PRT_ALL_SURFS
  6
Continuous
 62
     7
100
AcDbSpline
210
0.0
220
0.0
230
1.0
 70
     8
 71
     3
 72
    12
 73
     8
 74
     0
 42
0.0000001
 43
0.0000000001
 40
0.0
 40
0.0
 40
0.0
 40
0.0
 40
0.1111220062
 40
0.2267432564
 40
0.4764309493
 40
0.7436928057
 40
1.0
 40
1.0
 40
1.0
 40
1.0
 10
3870.165221911805
 20
371.9947425196761
 30
0.0
 10
3870.193834825805
 20
372.017747018876
 30
0.0
 10
3870.243706885505
 20
372.0762573948761
 30
0.0
 10
3870.299103310805
 20
372.2265434545761
 30
0.0
 10
3870.270646775205
 20
372.4461123206761
 30
0.0
 10
3870.117464625305
 20
372.6610050093761
 30
0.0
 10
3869.955015417205
 20
372.7446557695761
 30
0.0
 10
3869.871582770705
 20
372.7591476483761
 30
0.0
  0
SPLINE
  5
2633
330
20B
100
AcDbEntity
  8
06___PRT_ALL_SURFS
  6
Continuous
 62
     7
100
AcDbSpline
210
0.0
220
0.0
230
1.0
 70
     8
 71
     3
 72
    14
 73
    10
 74
     0
 42
0.0000001
 43
0.0000000001
 40
0.0
 40
0.0
 40
0.0
 40
0.0
 40
0.1106598193
 40
0.22574538
 40
0.3477980617
 40
0.4767634736
 40
0.6103456354
 40
0.7448625992000001
 40
1.0
 40
1.0
 40
1.0
 40
1.0
 10
3877.044240286505
 20
376.8220249824761
 30
0.0
 10
3877.107895606405
 20
376.873136482276
 30
0.0
 10
3877.219003006405
 20
377.0030099374761
 30
0.0
 10
3877.309057514105
 20
377.248221118576
 30
0.0
 10
3877.318991880105
 20
377.5221466843761
 30
0.0
 10
3877.250246021305
 20
377.800762585076
 30
0.0
 10
3877.109158492605
 20
378.0612147043761
 30
0.0
 10
3876.849156224405
 20
378.349110449776
 30
0.0
 10
3876.577590178705
 20
378.4888662827761
 30
0.0
 10
3876.392147481305
 20
378.5210768527761
 30
0.0
  0
SPLINE
  5
2634
330
20B
100
AcDbEntity
  8
06___PRT_ALL_SURFS
  6
Continuous
 62
     7
100
AcDbSpline
210
0.0
220
0.0
230
1.0
 70
     8
 71
     3
 72
     9
 73
     5
 74
     0
 42
0.0000001
 43
0.0000000001
 40
0.0
 40
0.0
 40
0.0
 40
0.0
 40
0.4859489593000001
 40
1.0
 40
1.0
 40
1.0
 40
1.0
 10
3869.601144644105
 20
372.6960261575761
 30
0.0
 10
3869.637019147605
 20
372.7248689025761
 30
0.0
 10
3869.726000364305
 20
372.7670336691761
 30
0.0
 10
3869.823607802806
 20
372.7674806864761
 30
0.0
 10
3869.871582770705
 20
372.7591476483761
 30
0.0
  0
SPLINE
  5
2635
330
20B
100
AcDbEntity
  8
06___PRT_ALL_SURFS
  6
Continuous
 62
     7
100
AcDbSpline
210
0.0
220
0.0
230
1.0
 70
     8
 71
     3
 72
     9
 73
     5
 74
     0
 42
0.0000001
 43
0.0000000001
 40
0.0
 40
0.0
 40
0.0
 40
0.0
 40
0.4859570518
 40
1.0
 40
1.0
 40
1.0
 40
1.0
 10
3870.971293344105
 20
373.798104337576
 30
0.0
 10
3871.007156966705
 20
373.8268573151761
 30
0.0
 10
3871.096043993306
 20
373.8688645838761
 30
0.0
 10
3871.193502645005
 20
373.8692877038761
 30
0.0
 10
3871.241408645605
 20
373.8609666450761
 30
0.0
  0
SPLINE
  5
2636
330
20B
100
AcDbEntity
  8
06___PRT_ALL_SURFS
  6
Continuous
 62
     7
100
AcDbSpline
210
0.0
220
0.0
230
1.0
 70
     8
 71
     3
 72
    12
 73
     8
 74
     0
 42
0.0000001
 43
0.0000000001
 40
0.0
 40
0.0
 40
0.0
 40
0.0
 40
0.1111205568
 40
0.2267307702
 40
0.476399325
 40
0.7436731069000001
 40
1.0
 40
1.0
 40
1.0
 40
1.0
 10
3871.534724961705
 20
373.096302333076
 30
0.0
 10
3871.563380581905
 20
373.1192764318761
 30
0.0
 10
3871.613348226205
 20
373.1777434359761
 30
0.0
 10
3871.668917859905
 20
373.3280285363761
 30
0.0
 10
3871.640584053205
 20
373.5477146602761
 30
0.0
 10
3871.487400694405
 20
373.7627519502761
 30
0.0
 10
3871.324881222605
 20
373.8464678304761
 30
0.0
 10
3871.241408645605
 20
373.8609666450761
 30
0.0
  0
SPLINE
  5
2637
330
20B
100
AcDbEntity
  8
06___PRT_ALL_SURFS
  6
Continuous
 62
     7
100
AcDbSpline
210
0.0
220
0.0
230
1.0
 70
     8
 71
     3
 72
     9
 73
     5
 74
     0
 42
0.0000001
 43
0.0000000001
 40
0.0
 40
0.0
 40
0.0
 40
0.0
 40
0.485704358
 40
1.0
 40
1.0
 40
1.0
 40
1.0
 10
3875.791612486105
 20
378.3811806795761
 30
0.0
 10
3875.871268611005
 20
378.4451398901761
 30
0.0
 10
3876.068839806405
 20
378.5387595390761
 30
0.0
 10
3876.285573576405
 20
378.5395882649761
 30
0.0
 10
3876.392147481305
 20
378.5210768527761
 30
0.0
  0
SPLINE
  5
2638
330
20B
100
AcDbEntity
  8
06___PRT_ALL_SURFS
  6
Continuous
 62
     7
100
AcDbSpline
210
0.0
220
0.0
230
1.0
 70
     8
 71
     3
 72
    13
 73
     9
 74
     0
 42
0.0000001
 43
0.0000000001
 40
0.0
 40
0.0
 40
0.0
 40
0.0
 40
0.1108829641
 40
0.2262005941
 40
0.3484993942
 40
0.477724864
 40
0.7443481163
 40
1.0
 40
1.0
 40
1.0
 40
1.0
 10
3876.887661811405
 20
377.0169194445761
 30
0.0
 10
3876.935403301405
 20
377.0552530694761
 30
0.0
 10
3877.018734918904
 20
377.1526615020761
 30
0.0
 10
3877.086270734305
 20
377.3365540330761
 30
0.0
 10
3877.093741717305
 20
377.5420614613761
 30
0.0
 10
3877.024309424505
 20
377.8226736905761
 30
0.0
 10
3876.808433091205
 20
378.1283560780761
 30
0.0
 10
3876.537674230604
 20
378.267050419876
 30
0.0
 10
3876.398592207605
 20
378.291208347276
 30
0.0
  0
SPLINE
  5
2639
330
20B
100
AcDbEntity
  8
06___PRT_ALL_SURFS
  6
Continuous
 62
     7
100
AcDbSpline
210
0.0
220
0.0
230
1.0
 70
     8
 71
     3
 72
     9
 73
     5
 74
     0
 42
0.0000001
 43
0.0000000001
 40
0.0
 40
0.0
 40
0.0
 40
0.0
 40
0.485704358
 40
1.0
 40
1.0
 40
1.0
 40
1.0
 10
3870.783273727705
 20
374.031886721776
 30
0.0
 10
3870.843015821405
 20
374.079856129676
 30
0.0
 10
3870.991194218005
 20
374.1500708662761
 30
0.0
 10
3871.153744545405
 20
374.1506924107761
 30
0.0
 10
3871.233674974205
 20
374.136808851576
 30
0.0
  0
SPLINE
  5
263A
330
20B
100
AcDbEntity
  8
06___PRT_ALL_SURFS
  6
Continuous
 62
     7
100
AcDbSpline
210
0.0
220
0.0
230
1.0
 70
     8
 71
     3
 72
     9
 73
     5
 74
     0
 42
0.0000001
 43
0.0000000001
 40
0.0
 40
0.0
 40
0.0
 40
0.0
 40
0.485704358
 40
1.0
 40
1.0
 40
1.0
 40
1.0
 10
3875.948190961205
 20
378.186286217476
 30
0.0
 10
3876.007933054805
 20
378.2342556253761
 30
0.0
 10
3876.156111451404
 20
378.3044703620761
 30
0.0
 10
3876.318661778805
 20
378.3050919064761
 30
0.0
 10
3876.398592207605
 20
378.291208347276
 30
0.0
  0
SPLINE
  5
263B
330
20B
100
AcDbEntity
  8
06___PRT_ALL_SURFS
  6
Continuous
 62
     7
100
AcDbSpline
210
0.0
220
0.0
230
1.0
 70
     8
 71
     3
 72
     9
 73
     5
 74
     0
 42
0.0000001
 43
0.0000000001
 40
0.0
 40
0.0
 40
0.0
 40
0.0
 40
0.5134752819
 40
1.0
 40
1.0
 40
1.0
 40
1.0
 10
3884.100610510505
 20
376.3600834960761
 30
0.0
 10
3884.108176037105
 20
376.4636533753761
 30
0.0
 10
3884.158441976405
 20
376.6655379021761
 30
0.0
 10
3884.288497658804
 20
376.8300101129761
 30
0.0
 10
3884.365193033805
 20
376.8916498605761
 30
0.0
  0
SPLINE
  5
263C
330
20B
100
AcDbEntity
  8
06___PRT_ALL_SURFS
  6
Continuous
 62
     7
100
AcDbSpline
210
0.0
220
0.0
230
1.0
 70
     8
 71
     3
 72
     9
 73
     5
 74
     0
 42
0.0000001
 43
0.0000000001
 40
0.0
 40
0.0
 40
0.0
 40
0.0
 40
0.5136426649
 40
1.0
 40
1.0
 40
1.0
 40
1.0
 10
3885.042856145005
 20
375.188707788976
 30
0.0
 10
3885.145550731805
 20
375.173954961976
 30
0.0
 10
3885.353234462206
 20
375.1796740577761
 30
0.0
 10
3885.541575945205
 20
375.2712189475761
 30
0.0
 10
3885.618148371205
 20
375.3327598815761
 30
0.0
  0
SPLINE
  5
263D
330
20B
100
AcDbEntity
  8
06___PRT_ALL_SURFS
  6
Continuous
 62
     7
100
AcDbSpline
210
0.0
220
0.0
230
1.0
 70
     8
 71
     3
 72
    13
 73
     9
 74
     0
 42
0.0000001
 43
0.0000000001
 40
0.0
 40
0.0
 40
0.0
 40
0.0
 40
0.110852506
 40
0.2260820719
 40
0.3482249701
 40
0.4772711456
 40
0.7437950702
 40
1.0
 40
1.0
 40
1.0
 40
1.0
 10
3886.067271608905
 20
375.6940120116761
 30
0.0
 10
3886.130455694405
 20
375.744792793176
 30
0.0
 10
3886.240871780005
 20
375.8735419287761
 30
0.0
 10
3886.331030492005
 20
376.116537017076
 30
0.0
 10
3886.342298530405
 20
376.388279764176
 30
0.0
 10
3886.252818554605
 20
376.7601433129761
 30
0.0
 10
3885.970115821405
 20
377.167187406376
 30
0.0
 10
3885.613926026505
 20
377.3551148792761
 30
0.0
 10
3885.429893767005
 20
377.390219729276
 30
0.0
  0
SPLINE
  5
263E
330
20B
100
AcDbEntity
  8
06___PRT_ALL_SURFS
  6
Continuous
 62
     7
100
AcDbSpline
210
0.0
220
0.0
230
1.0
 70
     8
 71
     3
 72
     8
 73
     4
 74
     0
 42
0.0000001
 43
0.0000000001
 40
0.0
 40
0.0
 40
0.0
 40
0.0
 40
1.0
 40
1.0
 40
1.0
 40
1.0
 10
3879.834928599005
 20
371.2702333292761
 30
0.0
 10
3879.798540016106
 20
371.2771745891761
 30
0.0
 10
3879.762630763305
 20
371.2871356809761
 30
0.0
 10
3879.727740592105
 20
371.2995850187761
 30
0.0
  0
SPLINE
  5
263F
330
20B
100
AcDbEntity
  8
06___PRT_ALL_SURFS
  6
Continuous
 62
     7
100
AcDbSpline
210
0.0
220
0.0
230
1.0
 70
     8
 71
     3
 72
     9
 73
     5
 74
     0
 42
0.0000001
 43
0.0000000001
 40
0.0
 40
0.0
 40
0.0
 40
0.0
 40
0.5199648861
 40
1.0
 40
1.0
 40
1.0
 40
1.0
 10
3879.162622098805
 20
372.001642981876
 30
0.0
 10
3879.149554215605
 20
372.1037841778761
 30
0.0
 10
3879.164158639305
 20
372.3097411910761
 30
0.0
 10
3879.282794867906
 20
372.4828349807761
 30
0.0
 10
3879.356895217505
 20
372.5423891174761
 30
0.0
  0
SPLINE
  5
2640
330
20B
100
AcDbEntity
  8
06___PRT_ALL_SURFS
  6
Continuous
 62
     7
100
AcDbSpline
210
0.0
220
0.0
230
1.0
 70
     8
 71
     3
 72
     9
 73
     5
 74
     0
 42
0.0000001
 43
0.0000000001
 40
0.0
 40
0.0
 40
0.0
 40
0.0
 40
0.5148438986000001
 40
1.0
 40
1.0
 40
1.0
 40
1.0
 10
3879.834928599005
 20
371.2702333292761
 30
0.0
 10
3879.916603752405
 20
371.2546534846761
 30
0.0
 10
3880.083195333705
 20
371.2529224459761
 30
0.0
 10
3880.235538391005
 20
371.3241372572761
 30
0.0
 10
3880.296611720605
 20
371.373221633276
 30
0.0
  0
SPLINE
  5
2641
330
20B
100
AcDbEntity
  8
06___PRT_ALL_SURFS
  6
Continuous
 62
     7
100
AcDbSpline
210
0.0
220
0.0
230
1.0
 70
     8
 71
     3
 72
     9
 73
     5
 74
     0
 42
0.0000001
 43
0.0000000001
 40
0.0
 40
0.0
 40
0.0
 40
0.0
 40
0.4851561014
 40
1.0
 40
1.0
 40
1.0
 40
1.0
 10
3884.814316271505
 20
377.2529019906761
 30
0.0
 10
3884.895747377705
 20
377.318347825376
 30
0.0
 10
3885.098871454106
 20
377.4133009069761
 30
0.0
 10
3885.320993562405
 20
377.4109928554761
 30
0.0
 10
3885.429893767005
 20
377.390219729276
 30
0.0
  0
SPLINE
  5
2642
330
20B
100
AcDbEntity
  8
06___PRT_ALL_SURFS
  6
Continuous
 62
     7
100
AcDbSpline
210
0.0
220
0.0
230
1.0
 70
     8
 71
     3
 72
    13
 73
     9
 74
     0
 42
0.0000001
 43
0.0000000001
 40
0.0
 40
0.0
 40
0.0
 40
0.0
 40
0.110852506
 40
0.2260820719
 40
0.3482249701
 40
0.4772711456
 40
0.7437950702
 40
1.0
 40
1.0
 40
1.0
 40
1.0
 10
3880.296611720605
 20
371.373221633276
 30
0.0
 10
3880.343999784705
 20
371.411307219376
 30
0.0
 10
3880.426811849005
 20
371.5078690710761
 30
0.0
 10
3880.494430882905
 20
371.6901153872761
 30
0.0
 10
3880.502881911705
 20
371.893922447676
 30
0.0
 10
3880.435771929905
 20
372.1728201092761
 30
0.0
 10
3880.223744880005
 20
372.478103179276
 30
0.0
 10
3879.956602533805
 20
372.6190487839761
 30
0.0
 10
3879.818578339205
 20
372.645377421476
 30
0.0
  0
SPLINE
  5
2643
330
20B
100
AcDbEntity
  8
06___PRT_ALL_SURFS
  6
Continuous
 62
     7
100
AcDbSpline
210
0.0
220
0.0
230
1.0
 70
     8
 71
     3
 72
    12
 73
     8
 74
     0
 42
0.0000001
 43
0.0000000001
 40
0.0
 40
0.0
 40
0.0
 40
0.0
 40
0.1110879916
 40
0.2266119426
 40
0.4759838872000001
 40
0.7431407839000001
 40
1.0
 40
1.0
 40
1.0
 40
1.0
 10
3878.738967167205
 20
370.505343391976
 30
0.0
 10
3878.767382245205
 20
370.5281865338761
 30
0.0
 10
3878.816944330105
 20
370.5861962805761
 30
0.0
 10
3878.872468967805
 20
370.7351018371761
 30
0.0
 10
3878.845542393905
 20
370.953093364876
 30
0.0
 10
3878.695123978805
 20
371.1677265908761
 30
0.0
 10
3878.534829399205
 20
371.2527338799761
 30
0.0
 10
3878.452022516205
 20
371.2685296063761
 30
0.0
  0
SPLINE
  5
2644
330
20B
100
AcDbEntity
  8
06___PRT_ALL_SURFS
  6
Continuous
 62
     7
100
AcDbSpline
210
0.0
220
0.0
230
1.0
 70
     8
 71
     3
 72
    13
 73
     9
 74
     0
 42
0.0000001
 43
0.0000000001
 40
0.0
 40
0.0
 40
0.0
 40
0.0
 40
0.110852506
 40
0.2260820719
 40
0.3482249701
 40
0.4772711456
 40
0.7437950702
 40
1.0
 40
1.0
 40
1.0
 40
1.0
 10
3885.618148371205
 20
375.3327598815761
 30
0.0
 10
3885.681332456705
 20
375.3835406630761
 30
0.0
 10
3885.791748542305
 20
375.5122897987761
 30
0.0
 10
3885.881907254305
 20
375.7552848869761
 30
0.0
 10
3885.893175292705
 20
376.0270276341761
 30
0.0
 10
3885.803695317005
 20
376.398891182976
 30
0.0
 10
3885.520992583705
 20
376.8059352762761
 30
0.0
 10
3885.164802788806
 20
376.9938627491761
 30
0.0
 10
3884.980770529305
 20
377.028967599176
 30
0.0
  0
SPLINE
  5
2645
330
20B
100
AcDbEntity
  8
06___PRT_ALL_SURFS
  6
Continuous
 62
     7
100
AcDbSpline
210
0.0
220
0.0
230
1.0
 70
     8
 71
     3
 72
     9
 73
     5
 74
     0
 42
0.0000001
 43
0.0000000001
 40
0.0
 40
0.0
 40
0.0
 40
0.0
 40
0.4853850101
 40
1.0
 40
1.0
 40
1.0
 40
1.0
 10
3878.174888021105
 20
371.206629365376
 30
0.0
 10
3878.211563477705
 20
371.2361131014761
 30
0.0
 10
3878.303012233105
 20
371.2788567712761
 30
0.0
 10
3878.403015174105
 20
371.2778779422761
 30
0.0
 10
3878.452022516205
 20
371.2685296063761
 30
0.0
  0
SPLINE
  5
2646
330
20B
100
AcDbEntity
  8
06___PRT_ALL_SURFS
  6
Continuous
 62
     7
100
AcDbSpline
210
0.0
220
0.0
230
1.0
 70
     8
 71
     3
 72
     9
 73
     5
 74
     0
 42
0.0000001
 43
0.0000000001
 40
0.0
 40
0.0
 40
0.0
 40
0.0
 40
0.4853944460000001
 40
1.0
 40
1.0
 40
1.0
 40
1.0
 10
3879.545083980505
 20
372.3087453965761
 30
0.0
 10
3879.581748157905
 20
372.3381250514761
 30
0.0
 10
3879.673088358905
 20
372.3806860192761
 30
0.0
 10
3879.772919906405
 20
372.3796818966761
 30
0.0
 10
3879.821848391205
 20
372.3703486030761
 30
0.0
  0
SPLINE
  5
2647
330
20B
100
AcDbEntity
  8
06___PRT_ALL_SURFS
  6
Continuous
 62
     7
100
AcDbSpline
210
0.0
220
0.0
230
1.0
 70
     8
 71
     3
 72
    12
 73
     8
 74
     0
 42
0.0000001
 43
0.0000000001
 40
0.0
 40
0.0
 40
0.0
 40
0.0
 40
0.1110863936
 40
0.2265978533
 40
0.4759478716
 40
0.7431181415000001
 40
1.0
 40
1.0
 40
1.0
 40
1.0
 10
3880.108422957605
 20
371.6068653541761
 30
0.0
 10
3880.136886789904
 20
371.6296739272761
 30
0.0
 10
3880.186557606105
 20
371.6876345351761
 30
0.0
 10
3880.242280019305
 20
371.8365384885761
 30
0.0
 10
3880.215493954505
 20
372.0546632821761
 30
0.0
 10
3880.065075124305
 20
372.2694617979761
 30
0.0
 10
3879.904700981905
 20
372.3545441577761
 30
0.0
 10
3879.821848391205
 20
372.3703486030761
 30
0.0
  0
SPLINE
  5
2648
330
20B
100
AcDbEntity
  8
06___PRT_ALL_SURFS
  6
Continuous
 62
     7
100
AcDbSpline
210
0.0
220
0.0
230
1.0
 70
     8
 71
     3
 72
     9
 73
     5
 74
     0
 42
0.0000001
 43
0.0000000001
 40
0.0
 40
0.0
 40
0.0
 40
0.0
 40
0.4851561014
 40
1.0
 40
1.0
 40
1.0
 40
1.0
 10
3884.365193033805
 20
376.8916498605761
 30
0.0
 10
3884.446624140005
 20
376.957095695276
 30
0.0
 10
3884.649748216406
 20
377.052048776976
 30
0.0
 10
3884.871870324705
 20
377.0497407253761
 30
0.0
 10
3884.980770529305
 20
377.028967599176
 30
0.0
  0
SPLINE
  5
2649
330
20B
100
AcDbEntity
  8
06___PRT_ALL_SURFS
  6
Continuous
 62
     7
100
AcDbSpline
210
0.0
220
0.0
230
1.0
 70
     8
 71
     3
 72
    13
 73
     9
 74
     0
 42
0.0000001
 43
0.0000000001
 40
0.0
 40
0.0
 40
0.0
 40
0.0
 40
0.110852506
 40
0.2260820719
 40
0.3482249701
 40
0.4772711456
 40
0.7437950702
 40
1.0
 40
1.0
 40
1.0
 40
1.0
 10
3885.461528954005
 20
375.5276211289761
 30
0.0
 10
3885.508917018105
 20
375.565706715076
 30
0.0
 10
3885.591729082405
 20
375.6622685668761
 30
0.0
 10
3885.659348116305
 20
375.844514882976
 30
0.0
 10
3885.667799145105
 20
376.048321943376
 30
0.0
 10
3885.600689163305
 20
376.3272196049761
 30
0.0
 10
3885.388662113405
 20
376.6325026749761
 30
0.0
 10
3885.121519767205
 20
376.7734482796761
 30
0.0
 10
3884.983495572605
 20
376.7997769171761
 30
0.0
  0
SPLINE
  5
264A
330
20B
100
AcDbEntity
  8
06___PRT_ALL_SURFS
  6
Continuous
 62
     7
100
AcDbSpline
210
0.0
220
0.0
230
1.0
 70
     8
 71
     3
 72
     9
 73
     5
 74
     0
 42
0.0000001
 43
0.0000000001
 40
0.0
 40
0.0
 40
0.0
 40
0.0
 40
0.4851561014
 40
1.0
 40
1.0
 40
1.0
 40
1.0
 10
3879.356895217505
 20
372.5423891174761
 30
0.0
 10
3879.417968547205
 20
372.5914734934761
 30
0.0
 10
3879.570311604505
 20
372.6626883047761
 30
0.0
 10
3879.736903185805
 20
372.6609572660761
 30
0.0
 10
3879.818578339205
 20
372.645377421476
 30
0.0
  0
SPLINE
  5
264B
330
20B
100
AcDbEntity
  8
06___PRT_ALL_SURFS
  6
Continuous
 62
     7
100
AcDbSpline
210
0.0
220
0.0
230
1.0
 70
     8
 71
     3
 72
     9
 73
     5
 74
     0
 42
0.0000001
 43
0.0000000001
 40
0.0
 40
0.0
 40
0.0
 40
0.0
 40
0.4851561014
 40
1.0
 40
1.0
 40
1.0
 40
1.0
 10
3884.521812451005
 20
376.6967886131761
 30
0.0
 10
3884.582885780605
 20
376.745872989276
 30
0.0
 10
3884.735228837905
 20
376.8170878004761
 30
0.0
 10
3884.901820419205
 20
376.8153567618761
 30
0.0
 10
3884.983495572605
 20
376.7997769171761
 30
0.0
  0
SPLINE
  5
264C
330
20B
100
AcDbEntity
  8
06___PRT_ALL_SURFS
  6
Continuous
 62
     7
100
AcDbSpline
210
0.0
220
0.0
230
1.0
 70
     8
 71
     3
 72
     9
 73
     5
 74
     0
 42
0.0000001
 43
0.0000000001
 40
0.0
 40
0.0
 40
0.0
 40
0.0
 40
0.5134675244000001
 40
1.0
 40
1.0
 40
1.0
 40
1.0
 10
3875.025820793205
 20
395.7333218770761
 30
0.0
 10
3875.033397073805
 20
395.836835501176
 30
0.0
 10
3875.083641230105
 20
396.0386140163761
 30
0.0
 10
3875.213618522405
 20
396.2029940611761
 30
0.0
 10
3875.290249863305
 20
396.264634670776
 30
0.0
  0
SPLINE
  5
264D
330
20B
100
AcDbEntity
  8
06___PRT_ALL_SURFS
  6
Continuous
 62
     7
100
AcDbSpline
210
0.0
220
0.0
230
1.0
 70
     8
 71
     3
 72
     9
 73
     5
 74
     0
 42
0.0000001
 43
0.0000000001
 40
0.0
 40
0.0
 40
0.0
 40
0.0
 40
0.5136885277000001
 40
1.0
 40
1.0
 40
1.0
 40
1.0
 10
3875.968319657505
 20
394.5617869824761
 30
0.0
 10
3876.071018039105
 20
394.5470757072761
 30
0.0
 10
3876.278675316105
 20
394.5528262351761
 30
0.0
 10
3876.466971455605
 20
394.6444288686761
 30
0.0
 10
3876.543502719405
 20
394.7059889783761
 30
0.0
  0
SPLINE
  5
264E
330
20B
100
AcDbEntity
  8
06___PRT_ALL_SURFS
  6
Continuous
 62
     7
100
AcDbSpline
210
0.0
220
0.0
230
1.0
 70
     8
 71
     3
 72
    13
 73
     9
 74
     0
 42
0.0000001
 43
0.0000000001
 40
0.0
 40
0.0
 40
0.0
 40
0.0
 40
0.1108328455
 40
0.2260042214
 40
0.3480421525
 40
0.4769660927000001
 40
0.7434189741
 40
1.0
 40
1.0
 40
1.0
 40
1.0
 10
3876.992625957105
 20
395.0672411084761
 30
0.0
 10
3877.055479452005
 20
395.1177991136761
 30
0.0
 10
3877.165411450905
 20
395.2457736931761
 30
0.0
 10
3877.255623439506
 20
395.487262709176
 30
0.0
 10
3877.267768367305
 20
395.7574385516761
 30
0.0
 10
3877.180394916305
 20
396.1277020622761
 30
0.0
 10
3876.901221576105
 20
396.5343293778761
 30
0.0
 10
3876.548366178805
 20
396.724252319376
 30
0.0
 10
3876.365341435605
 20
396.7613128671761
 30
0.0
  0
SPLINE
  5
264F
330
20B
100
AcDbEntity
  8
06___PRT_ALL_SURFS
  6
Continuous
 62
     7
100
AcDbSpline
210
0.0
220
0.0
230
1.0
 70
     8
 71
     3
 72
     8
 73
     4
 74
     0
 42
0.0000001
 43
0.0000000001
 40
0.0
 40
0.0
 40
0.0
 40
0.0
 40
1.0
 40
1.0
 40
1.0
 40
1.0
 10
3870.752452628005
 20
390.6448506444761
 30
0.0
 10
3870.718615907605
 20
390.6517022175761
 30
0.0
 10
3870.685226644905
 20
390.6611529563761
 30
0.0
 10
3870.652716089704
 20
390.6727689586761
 30
0.0
  0
SPLINE
  5
2650
330
20B
100
AcDbEntity
  8
06___PRT_ALL_SURFS
  6
Continuous
 62
     7
100
AcDbSpline
210
0.0
220
0.0
230
1.0
 70
     8
 71
     3
 72
     9
 73
     5
 74
     0
 42
0.0000001
 43
0.0000000001
 40
0.0
 40
0.0
 40
0.0
 40
0.0
 40
0.5199687992000001
 40
1.0
 40
1.0
 40
1.0
 40
1.0
 10
3870.087853807705
 20
391.3745677552761
 30
0.0
 10
3870.074764912205
 20
391.4767135205761
 30
0.0
 10
3870.089307215205
 20
391.6826889559761
 30
0.0
 10
3870.207909573205
 20
391.855816368476
 30
0.0
 10
3870.281989236905
 20
391.9154044634761
 30
0.0
  0
SPLINE
  5
2651
330
20B
100
AcDbEntity
  8
06___PRT_ALL_SURFS
  6
Continuous
 62
     7
100
AcDbSpline
210
0.0
220
0.0
230
1.0
 70
     8
 71
     3
 72
     9
 73
     5
 74
     0
 42
0.0000001
 43
0.0000000001
 40
0.0
 40
0.0
 40
0.0
 40
0.0
 40
0.5152214036000001
 40
1.0
 40
1.0
 40
1.0
 40
1.0
 10
3870.752452628005
 20
390.6448506444761
 30
0.0
 10
3870.835320493205
 20
390.6280707904761
 30
0.0
 10
3871.004696701506
 20
390.6246619849761
 30
0.0
 10
3871.159940344305
 20
390.6965579443761
 30
0.0
 10
3871.221928879005
 20
390.7464201941761
 30
0.0
  0
SPLINE
  5
2652
330
20B
100
AcDbEntity
  8
06___PRT_ALL_SURFS
  6
Continuous
 62
     7
100
AcDbSpline
210
0.0
220
0.0
230
1.0
 70
     8
 71
     3
 72
     9
 73
     5
 74
     0
 42
0.0000001
 43
0.0000000001
 40
0.0
 40
0.0
 40
0.0
 40
0.0
 40
0.4847785964
 40
1.0
 40
1.0
 40
1.0
 40
1.0
 10
3875.739373101005
 20
396.6258868008761
 30
0.0
 10
3875.822024480605
 20
396.6923698005761
 30
0.0
 10
3876.029016004305
 20
396.788231079776
 30
0.0
 10
3876.254850948706
 20
396.7836860058761
 30
0.0
 10
3876.365341435605
 20
396.7613128671761
 30
0.0
  0
SPLINE
  5
2653
330
20B
100
AcDbEntity
  8
06___PRT_ALL_SURFS
  6
Continuous
 62
     7
100
AcDbSpline
210
0.0
220
0.0
230
1.0
 70
     8
 71
     3
 72
    13
 73
     9
 74
     0
 42
0.0000001
 43
0.0000000001
 40
0.0
 40
0.0
 40
0.0
 40
0.0
 40
0.1108328455
 40
0.2260042214
 40
0.3480421525
 40
0.4769660927000001
 40
0.7434189741
 40
1.0
 40
1.0
 40
1.0
 40
1.0
 10
3871.221928879005
 20
390.7464201941761
 30
0.0
 10
3871.269069000105
 20
390.7843386981761
 30
0.0
 10
3871.351517999304
 20
390.880319632676
 30
0.0
 10
3871.419176990805
 20
391.0614363947761
 30
0.0
 10
3871.428285686605
 20
391.2640682765761
 30
0.0
 10
3871.362755598405
 20
391.5417659095761
 30
0.0
 10
3871.153375593205
 20
391.8467363962761
 30
0.0
 10
3870.888734045205
 20
391.9891786023761
 30
0.0
 10
3870.751465487905
 20
392.0169740131761
 30
0.0
  0
SPLINE
  5
2654
330
20B
100
AcDbEntity
  8
06___PRT_ALL_SURFS
  6
Continuous
 62
     7
100
AcDbSpline
210
0.0
220
0.0
230
1.0
 70
     8
 71
     3
 72
    12
 73
     8
 74
     0
 42
0.0000001
 43
0.0000000001
 40
0.0
 40
0.0
 40
0.0
 40
0.0
 40
0.1110664863
 40
0.2265251674
 40
0.4756820603
 40
0.7427645164
 40
1.0
 40
1.0
 40
1.0
 40
1.0
 10
3869.664173492605
 20
389.8784494294761
 30
0.0
 10
3869.692452206205
 20
389.901181985076
 30
0.0
 10
3869.741801807005
 20
389.9588472555761
 30
0.0
 10
3869.797406951705
 20
390.1068054718761
 30
0.0
 10
3869.771526486605
 20
390.3237043290761
 30
0.0
 10
3869.623006350005
 20
390.538140329076
 30
0.0
 10
3869.464198692205
 20
390.6240529915761
 30
0.0
 10
3869.381837041005
 20
390.6407303427761
 30
0.0
  0
SPLINE
  5
2655
330
20B
100
AcDbEntity
  8
06___PRT_ALL_SURFS
  6
Continuous
 62
     7
100
AcDbSpline
210
0.0
220
0.0
230
1.0
 70
     8
 71
     3
 72
    13
 73
     9
 74
     0
 42
0.0000001
 43
0.0000000001
 40
0.0
 40
0.0
 40
0.0
 40
0.0
 40
0.1108328455
 40
0.2260042214
 40
0.3480421525
 40
0.4769660927000001
 40
0.7434189741
 40
1.0
 40
1.0
 40
1.0
 40
1.0
 10
3876.543502719405
 20
394.7059889783761
 30
0.0
 10
3876.606356214305
 20
394.756546983676
 30
0.0
 10
3876.716288213205
 20
394.8845215630761
 30
0.0
 10
3876.806500201805
 20
395.1260105791761
 30
0.0
 10
3876.818645129605
 20
395.396186421576
 30
0.0
 10
3876.731271678604
 20
395.7664499322761
 30
0.0
 10
3876.452098338405
 20
396.1730772477761
 30
0.0
 10
3876.099242941105
 20
396.3630001892761
 30
0.0
 10
3875.916218197905
 20
396.4000607370761
 30
0.0
  0
SPLINE
  5
2656
330
20B
100
AcDbEntity
  8
06___PRT_ALL_SURFS
  6
Continuous
 62
     7
100
AcDbSpline
210
0.0
220
0.0
230
1.0
 70
     8
 71
     3
 72
     9
 73
     5
 74
     0
 42
0.0000001
 43
0.0000000001
 40
0.0
 40
0.0
 40
0.0
 40
0.0
 40
0.4849970137
 40
1.0
 40
1.0
 40
1.0
 40
1.0
 10
3869.100092873405
 20
390.5797372348761
 30
0.0
 10
3869.137319386105
 20
390.6096627040761
 30
0.0
 10
3869.230481459805
 20
390.652792360576
 30
0.0
 10
3869.332127404205
 20
390.6507960111761
 30
0.0
 10
3869.381837041005
 20
390.6407303427761
 30
0.0
  0
SPLINE
  5
2657
330
20B
100
AcDbEntity
  8
06___PRT_ALL_SURFS
  6
Continuous
 62
     7
100
AcDbSpline
210
0.0
220
0.0
230
1.0
 70
     8
 71
     3
 72
     9
 73
     5
 74
     0
 42
0.0000001
 43
0.0000000001
 40
0.0
 40
0.0
 40
0.0
 40
0.0
 40
0.4850071893
 40
1.0
 40
1.0
 40
1.0
 40
1.0
 10
3870.470313103605
 20
391.6818726987761
 30
0.0
 10
3870.507528487505
 20
391.7116863874761
 30
0.0
 10
3870.600574426305
 20
391.7546197802761
 30
0.0
 10
3870.702037145905
 20
391.7525980257761
 30
0.0
 10
3870.751662915905
 20
391.7425493394761
 30
0.0
  0
SPLINE
  5
2658
330
20B
100
AcDbEntity
  8
06___PRT_ALL_SURFS
  6
Continuous
 62
     7
100
AcDbSpline
210
0.0
220
0.0
230
1.0
 70
     8
 71
     3
 72
    12
 73
     8
 74
     0
 42
0.0000001
 43
0.0000000001
 40
0.0
 40
0.0
 40
0.0
 40
0.0
 40
0.1110648338
 40
0.2265103172
 40
0.4756438576
 40
0.7427403464
 40
1.0
 40
1.0
 40
1.0
 40
1.0
 10
3871.033605012306
 20
390.9799519589761
 30
0.0
 10
3871.061935536605
 20
391.0026478804761
 30
0.0
 10
3871.111400364405
 20
391.0602612359761
 30
0.0
 10
3871.167215677705
 20
391.2082173799761
 30
0.0
 10
3871.141484801605
 20
391.4252573990761
 30
0.0
 10
3870.992964934405
 20
391.6398691799761
 30
0.0
 10
3870.834073214305
 20
391.7258621377761
 30
0.0
 10
3870.751662915905
 20
391.7425493394761
 30
0.0
  0
SPLINE
  5
2659
330
20B
100
AcDbEntity
  8
06___PRT_ALL_SURFS
  6
Continuous
 62
     7
100
AcDbSpline
210
0.0
220
0.0
230
1.0
 70
     8
 71
     3
 72
     9
 73
     5
 74
     0
 42
0.0000001
 43
0.0000000001
 40
0.0
 40
0.0
 40
0.0
 40
0.0
 40
0.4847785964
 40
1.0
 40
1.0
 40
1.0
 40
1.0
 10
3875.290249863305
 20
396.264634670776
 30
0.0
 10
3875.372901242905
 20
396.3311176704761
 30
0.0
 10
3875.579892766605
 20
396.4269789497761
 30
0.0
 10
3875.805727711005
 20
396.4224338757761
 30
0.0
 10
3875.916218197905
 20
396.4000607370761
 30
0.0
  0
SPLINE
  5
265A
330
20B
100
AcDbEntity
  8
06___PRT_ALL_SURFS
  6
Continuous
 62
     7
100
AcDbSpline
210
0.0
220
0.0
230
1.0
 70
     8
 71
     3
 72
    13
 73
     9
 74
     0
 42
0.0000001
 43
0.0000000001
 40
0.0
 40
0.0
 40
0.0
 40
0.0
 40
0.1108328455
 40
0.2260042214
 40
0.3480421525
 40
0.4769660927000001
 40
0.7434189741
 40
1.0
 40
1.0
 40
1.0
 40
1.0
 10
3876.386846112405
 20
394.9008196899761
 30
0.0
 10
3876.433986233605
 20
394.9387381938761
 30
0.0
 10
3876.516435232705
 20
395.0347191284761
 30
0.0
 10
3876.584094224205
 20
395.2158358904761
 30
0.0
 10
3876.593202920105
 20
395.4184677722761
 30
0.0
 10
3876.527672831805
 20
395.6961654053761
 30
0.0
 10
3876.318292826606
 20
396.0011358919761
 30
0.0
 10
3876.053651278705
 20
396.1435780980761
 30
0.0
 10
3875.916382721305
 20
396.1713735089761
 30
0.0
  0
SPLINE
  5
265B
330
20B
100
AcDbEntity
  8
06___PRT_ALL_SURFS
  6
Continuous
 62
     7
100
AcDbSpline
210
0.0
220
0.0
230
1.0
 70
     8
 71
     3
 72
     9
 73
     5
 74
     0
 42
0.0000001
 43
0.0000000001
 40
0.0
 40
0.0
 40
0.0
 40
0.0
 40
0.4847785964
 40
1.0
 40
1.0
 40
1.0
 40
1.0
 10
3870.281989236905
 20
391.9154044634761
 30
0.0
 10
3870.343977771605
 20
391.9652667132761
 30
0.0
 10
3870.499221414405
 20
392.037162672776
 30
0.0
 10
3870.668597622705
 20
392.0337538672761
 30
0.0
 10
3870.751465487905
 20
392.0169740131761
 30
0.0
  0
SPLINE
  5
265C
330
20B
100
AcDbEntity
  8
06___PRT_ALL_SURFS
  6
Continuous
 62
     7
100
AcDbSpline
210
0.0
220
0.0
230
1.0
 70
     8
 71
     3
 72
     9
 73
     5
 74
     0
 42
0.0000001
 43
0.0000000001
 40
0.0
 40
0.0
 40
0.0
 40
0.0
 40
0.4847785964
 40
1.0
 40
1.0
 40
1.0
 40
1.0
 10
3875.446906470305
 20
396.069803959276
 30
0.0
 10
3875.508895005005
 20
396.1196662090761
 30
0.0
 10
3875.664138647805
 20
396.1915621684761
 30
0.0
 10
3875.833514856105
 20
396.188153362976
 30
0.0
 10
3875.916382721305
 20
396.1713735089761
 30
0.0
  0
SPLINE
  5
265D
330
20B
100
AcDbEntity
  8
06___PRT_ALL_SURFS
  6
Continuous
 62
     7
100
AcDbSpline
210
0.0
220
0.0
230
1.0
 70
     8
 71
     3
 72
     9
 73
     5
 74
     0
 42
0.0000001
 43
0.0000000001
 40
0.0
 40
0.0
 40
0.0
 40
0.0
 40
0.5134811147000001
 40
1.0
 40
1.0
 40
1.0
 40
1.0
 10
3883.599554357005
 20
394.2436749103761
 30
0.0
 10
3883.607108417205
 20
394.3472803763761
 30
0.0
 10
3883.657378761005
 20
394.5492340512761
 30
0.0
 10
3883.787477475705
 20
394.7137667758761
 30
0.0
 10
3883.864207831205
 20
394.7754117482761
 30
0.0
  0
SPLINE
  5
265E
330
20B
100
AcDbEntity
  8
06___PRT_ALL_SURFS
  6
Continuous
 62
     7
100
AcDbSpline
210
0.0
220
0.0
230
1.0
 70
     8
 71
     3
 72
     9
 73
     5
 74
     0
 42
0.0000001
 43
0.0000000001
 40
0.0
 40
0.0
 40
0.0
 40
0.0
 40
0.5136179163
 40
1.0
 40
1.0
 40
1.0
 40
1.0
 10
3884.541616263705
 20
393.0724398222761
 30
0.0
 10
3884.644319521705
 20
393.0576556019761
 30
0.0
 10
3884.852042593205
 20
393.063351737276
 30
0.0
 10
3885.040432581805
 20
393.1548750912761
 30
0.0
 10
3885.117033384005
 20
393.2164159809761
 30
0.0
  0
SPLINE
  5
265F
330
20B
100
AcDbEntity
  8
06___PRT_ALL_SURFS
  6
Continuous
 62
     7
100
AcDbSpline
210
0.0
220
0.0
230
1.0
 70
     8
 71
     3
 72
    14
 73
    10
 74
     0
 42
0.0000001
 43
0.0000000001
 40
0.0
 40
0.0
 40
0.0
 40
0.0
 40
0.1106418662
 40
0.2256722243
 40
0.3476261351
 40
0.4764780534000001
 40
0.6099813492
 40
0.7445009116
 40
1.0
 40
1.0
 40
1.0
 40
1.0
 10
3885.566156621705
 20
393.5776681110761
 30
0.0
 10
3885.629508887805
 20
393.6285651605761
 30
0.0
 10
3885.740170477405
 20
393.7577094875761
 30
0.0
 10
3885.830300902205
 20
394.0015020937761
 30
0.0
 10
3885.841084066305
 20
394.2739673971761
 30
0.0
 10
3885.773841174405
 20
394.5514159598761
 30
0.0
 10
3885.634735063905
 20
394.8112727384761
 30
0.0
 10
3885.377412368505
 20
395.099569991276
 30
0.0
 10
3885.108109939905
 20
395.2408323518761
 30
0.0
 10
3884.923570579804
 20
395.274918651576
 30
0.0
  0
SPLINE
  5
2660
330
20B
100
AcDbEntity
  8
06___PRT_ALL_SURFS
  6
Continuous
 62
     7
100
AcDbSpline
210
0.0
220
0.0
230
1.0
 70
     8
 71
     3
 72
     9
 73
     5
 74
     0
 42
0.0000001
 43
0.0000000001
 40
0.0
 40
0.0
 40
0.0
 40
0.0
 40
0.7462896111
 40
1.0
 40
1.0
 40
1.0
 40
1.0
 10
3879.337833323205
 20
389.1531998762761
 30
0.0
 10
3879.309673778205
 20
389.1584012310761
 30
0.0
 10
3879.272337489205
 20
389.167794362176
 30
0.0
 10
3879.235955052705
 20
389.1799925701761
 30
0.0
 10
3879.226785495705
 20
389.1832624130761
 30
0.0
  0
SPLINE
  5
2661
330
20B
100
AcDbEntity
  8
06___PRT_ALL_SURFS
  6
Continuous
 62
     7
100
AcDbSpline
210
0.0
220
0.0
230
1.0
 70
     8
 71
     3
 72
     9
 73
     5
 74
     0
 42
0.0000001
 43
0.0000000001
 40
0.0
 40
0.0
 40
0.0
 40
0.0
 40
0.5199598406
 40
1.0
 40
1.0
 40
1.0
 40
1.0
 10
3878.661550027905
 20
389.885511571876
 30
0.0
 10
3878.648503982705
 20
389.9876379762761
 30
0.0
 10
3878.663153215105
 20
390.1935567670761
 30
0.0
 10
3878.781793703405
 20
390.3666059589761
 30
0.0
 10
3878.855893791905
 20
390.426137781676
 30
0.0
  0
SPLINE
  5
2662
330
20B
100
AcDbEntity
  8
06___PRT_ALL_SURFS
  6
Continuous
 62
     7
100
AcDbSpline
210
0.0
220
0.0
230
1.0
 70
     8
 71
     3
 72
     9
 73
     5
 74
     0
 42
0.0000001
 43
0.0000000001
 40
0.0
 40
0.0
 40
0.0
 40
0.0
 40
0.5146495654
 40
1.0
 40
1.0
 40
1.0
 40
1.0
 10
3879.337833323205
 20
389.1531998762761
 30
0.0
 10
3879.418891782505
 20
389.1382275530761
 30
0.0
 10
3879.584050639105
 20
389.137341749776
 30
0.0
 10
3879.734911206805
 20
389.208203664576
 30
0.0
 10
3879.795512956505
 20
389.256890956176
 30
0.0
  0
SPLINE
  5
2663
330
20B
100
AcDbEntity
  8
06___PRT_ALL_SURFS
  6
Continuous
 62
     7
100
AcDbSpline
210
0.0
220
0.0
230
1.0
 70
     8
 71
     3
 72
     9
 73
     5
 74
     0
 42
0.0000001
 43
0.0000000001
 40
0.0
 40
0.0
 40
0.0
 40
0.0
 40
0.4853504346000001
 40
1.0
 40
1.0
 40
1.0
 40
1.0
 10
3884.313331068905
 20
395.1366638783761
 30
0.0
 10
3884.394133401805
 20
395.2015802670761
 30
0.0
 10
3884.595280825305
 20
395.2960628201761
 30
0.0
 10
3884.815492634205
 20
395.294881749176
 30
0.0
 10
3884.923570579804
 20
395.274918651576
 30
0.0
  0
SPLINE
  5
2664
330
20B
100
AcDbEntity
  8
06___PRT_ALL_SURFS
  6
Continuous
 62
     7
100
AcDbSpline
210
0.0
220
0.0
230
1.0
 70
     8
 71
     3
 72
    13
 73
     9
 74
     0
 42
0.0000001
 43
0.0000000001
 40
0.0
 40
0.0
 40
0.0
 40
0.0
 40
0.1108630364
 40
0.2261233371
 40
0.3483210305
 40
0.4774305203
 40
0.7439901758
 40
1.0
 40
1.0
 40
1.0
 40
1.0
 10
3879.795512956505
 20
389.256890956176
 30
0.0
 10
3879.843027156005
 20
389.2950637432761
 30
0.0
 10
3879.926024385905
 20
389.3919252448761
 30
0.0
 10
3879.993617282705
 20
389.574754253576
 30
0.0
 10
3880.001724283505
 20
389.779164828276
 30
0.0
 10
3879.933794901806
 20
390.058673984876
 30
0.0
 10
3879.720404197905
 20
390.3641059200761
 30
0.0
 10
3879.451977945105
 20
390.504264136776
 30
0.0
 10
3879.313573425105
 20
390.5298288615761
 30
0.0
  0
SPLINE
  5
2665
330
20B
100
AcDbEntity
  8
06___PRT_ALL_SURFS
  6
Continuous
 62
     7
100
AcDbSpline
210
0.0
220
0.0
230
1.0
 70
     8
 71
     3
 72
    12
 73
     8
 74
     0
 42
0.0000001
 43
0.0000000001
 40
0.0
 40
0.0
 40
0.0
 40
0.0
 40
0.1110996677
 40
0.22665777
 40
0.4761411655
 40
0.7433356949
 40
1.0
 40
1.0
 40
1.0
 40
1.0
 10
3878.237916718305
 20
388.3890528256761
 30
0.0
 10
3878.266401938305
 20
388.4119530599761
 30
0.0
 10
3878.316073715205
 20
388.4701401821761
 30
0.0
 10
3878.371554444105
 20
388.6195344085761
 30
0.0
 10
3878.344087038405
 20
388.8380862952761
 30
0.0
 10
3878.192689985805
 20
389.0528151373761
 30
0.0
 10
3878.031631061105
 20
389.1373472981761
 30
0.0
 10
3877.948599529805
 20
389.1526840678761
 30
0.0
  0
SPLINE
  5
2666
330
20B
100
AcDbEntity
  8
06___PRT_ALL_SURFS
  6
Continuous
 62
     7
100
AcDbSpline
210
0.0
220
0.0
230
1.0
 70
     8
 71
     3
 72
    14
 73
    10
 74
     0
 42
0.0000001
 43
0.0000000001
 40
0.0
 40
0.0
 40
0.0
 40
0.0
 40
0.1106418662
 40
0.2256722243
 40
0.3476261351
 40
0.4764780534000001
 40
0.6099813492
 40
0.7445009116
 40
1.0
 40
1.0
 40
1.0
 40
1.0
 10
3885.117033384005
 20
393.2164159809761
 30
0.0
 10
3885.180385650105
 20
393.2673130304761
 30
0.0
 10
3885.291047239705
 20
393.3964573574761
 30
0.0
 10
3885.381177664505
 20
393.6402499636761
 30
0.0
 10
3885.391960828605
 20
393.9127152670761
 30
0.0
 10
3885.324717936705
 20
394.1901638298761
 30
0.0
 10
3885.185611826205
 20
394.4500206083761
 30
0.0
 10
3884.928289130805
 20
394.7383178611761
 30
0.0
 10
3884.658986702205
 20
394.8795802217761
 30
0.0
 10
3884.474447342105
 20
394.9136665215761
 30
0.0
  0
SPLINE
  5
2667
330
20B
100
AcDbEntity
  8
06___PRT_ALL_SURFS
  6
Continuous
 62
     7
100
AcDbSpline
210
0.0
220
0.0
230
1.0
 70
     8
 71
     3
 72
     9
 73
     5
 74
     0
 42
0.0000001
 43
0.0000000001
 40
0.0
 40
0.0
 40
0.0
 40
0.0
 40
0.4855848472
 40
1.0
 40
1.0
 40
1.0
 40
1.0
 10
3877.673838280105
 20
389.0903379187761
 30
0.0
 10
3877.710229935105
 20
389.1195944041761
 30
0.0
 10
3877.800801320305
 20
389.1621353510761
 30
0.0
 10
3877.899956436205
 20
389.1616689427761
 30
0.0
 10
3877.948599529805
 20
389.1526840678761
 30
0.0
  0
SPLINE
  5
2668
330
20B
100
AcDbEntity
  8
06___PRT_ALL_SURFS
  6
Continuous
 62
     7
100
AcDbSpline
210
0.0
220
0.0
230
1.0
 70
     8
 71
     3
 72
     9
 73
     5
 74
     0
 42
0.0000001
 43
0.0000000001
 40
0.0
 40
0.0
 40
0.0
 40
0.0
 40
0.4855938400000001
 40
1.0
 40
1.0
 40
1.0
 40
1.0
 10
3879.044019010105
 20
390.1924417544761
 30
0.0
 10
3879.080399441705
 20
390.2215988424761
 30
0.0
 10
3879.170866942105
 20
390.263965336176
 30
0.0
 10
3879.269857995405
 20
390.263473959776
 30
0.0
 10
3879.318425404705
 20
390.2545030644761
 30
0.0
  0
SPLINE
  5
2669
330
20B
100
AcDbEntity
  8
06___PRT_ALL_SURFS
  6
Continuous
 62
     7
100
AcDbSpline
210
0.0
220
0.0
230
1.0
 70
     8
 71
     3
 72
    12
 73
     8
 74
     0
 42
0.0000001
 43
0.0000000001
 40
0.0
 40
0.0
 40
0.0
 40
0.0
 40
0.1110981133
 40
0.2266441845
 40
0.476106551
 40
0.7433140044
 40
1.0
 40
1.0
 40
1.0
 40
1.0
 10
3879.607387738205
 20
389.4905869833761
 30
0.0
 10
3879.635919773905
 20
389.5134539765761
 30
0.0
 10
3879.685696097905
 20
389.5715937806761
 30
0.0
 10
3879.741366731505
 20
389.7209866401761
 30
0.0
 10
3879.714034115805
 20
389.9396667011761
 30
0.0
 10
3879.562636335406
 20
390.154554193776
 30
0.0
 10
3879.401500787505
 20
390.2391581950761
 30
0.0
 10
3879.318425404705
 20
390.2545030644761
 30
0.0
  0
SPLINE
  5
266A
330
20B
100
AcDbEntity
  8
06___PRT_ALL_SURFS
  6
Continuous
 62
     7
100
AcDbSpline
210
0.0
220
0.0
230
1.0
 70
     8
 71
     3
 72
     9
 73
     5
 74
     0
 42
0.0000001
 43
0.0000000001
 40
0.0
 40
0.0
 40
0.0
 40
0.0
 40
0.4853504346000001
 40
1.0
 40
1.0
 40
1.0
 40
1.0
 10
3883.864207831205
 20
394.7754117482761
 30
0.0
 10
3883.945010164105
 20
394.8403281370761
 30
0.0
 10
3884.146157587604
 20
394.9348106900761
 30
0.0
 10
3884.366369396505
 20
394.9336296190761
 30
0.0
 10
3884.474447342105
 20
394.9136665215761
 30
0.0
  0
SPLINE
  5
266B
330
20B
100
AcDbEntity
  8
06___PRT_ALL_SURFS
  6
Continuous
 62
     7
100
AcDbSpline
210
0.0
220
0.0
230
1.0
 70
     8
 71
     3
 72
    13
 73
     9
 74
     0
 42
0.0000001
 43
0.0000000001
 40
0.0
 40
0.0
 40
0.0
 40
0.0
 40
0.1108630364
 40
0.2261233371
 40
0.3483210305
 40
0.4774305203
 40
0.7439901758
 40
1.0
 40
1.0
 40
1.0
 40
1.0
 10
3884.960430189905
 20
393.4112904518761
 30
0.0
 10
3885.007944389505
 20
393.4494632390761
 30
0.0
 10
3885.090941619305
 20
393.5463247405761
 30
0.0
 10
3885.158534516105
 20
393.7291537492761
 30
0.0
 10
3885.166641516905
 20
393.9335643240761
 30
0.0
 10
3885.098712135205
 20
394.2130734806761
 30
0.0
 10
3884.885321431305
 20
394.5185054157761
 30
0.0
 10
3884.616895178605
 20
394.6586636325761
 30
0.0
 10
3884.478490658505
 20
394.6842283572761
 30
0.0
  0
SPLINE
  5
266C
330
20B
100
AcDbEntity
  8
06___PRT_ALL_SURFS
  6
Continuous
 62
     7
100
AcDbSpline
210
0.0
220
0.0
230
1.0
 70
     8
 71
     3
 72
     9
 73
     5
 74
     0
 42
0.0000001
 43
0.0000000001
 40
0.0
 40
0.0
 40
0.0
 40
0.0
 40
0.4853504346000001
 40
1.0
 40
1.0
 40
1.0
 40
1.0
 10
3878.855893791905
 20
390.426137781676
 30
0.0
 10
3878.916495541505
 20
390.4748250732761
 30
0.0
 10
3879.067356109205
 20
390.5456869880761
 30
0.0
 10
3879.232514965905
 20
390.5448011847761
 30
0.0
 10
3879.313573425105
 20
390.5298288615761
 30
0.0
  0
SPLINE
  5
266D
330
20B
100
AcDbEntity
  8
06___PRT_ALL_SURFS
  6
Continuous
 62
     7
100
AcDbSpline
210
0.0
220
0.0
230
1.0
 70
     8
 71
     3
 72
     9
 73
     5
 74
     0
 42
0.0000001
 43
0.0000000001
 40
0.0
 40
0.0
 40
0.0
 40
0.0
 40
0.4853504346000001
 40
1.0
 40
1.0
 40
1.0
 40
1.0
 10
3884.020811025305
 20
394.5805372773761
 30
0.0
 10
3884.081412774905
 20
394.6292245689761
 30
0.0
 10
3884.232273342605
 20
394.7000864837761
 30
0.0
 10
3884.397432199305
 20
394.6992006804761
 30
0.0
 10
3884.478490658505
 20
394.6842283572761
 30
0.0
  0
SPLINE
  5
266E
330
20B
100
AcDbEntity
  8
02___PRT_ALL_AXES
  6
Continuous
 62
     7
100
AcDbSpline
210
0.0
220
0.0
230
1.0
 70
     8
 71
     3
 72
     9
 73
     5
 74
     0
 42
0.0000001
 43
0.0000000001
 40
0.0
 40
0.0
 40
0.0
 40
0.0
 40
0.5142963042000001
 40
1.0
 40
1.0
 40
1.0
 40
1.0
 10
3876.586899506605
 20
387.9621009921761
 30
0.0
 10
3876.464336270705
 20
387.9833922071761
 30
0.0
 10
3876.215084952905
 20
387.9824434374761
 30
0.0
 10
3875.987870415706
 20
387.874778975876
 30
0.0
 10
3875.896263404405
 20
387.8012238334761
 30
0.0
  0
SPLINE
  5
266F
330
20B
100
AcDbEntity
  8
02___PRT_ALL_AXES
  6
Continuous
 62
     7
100
AcDbSpline
210
0.0
220
0.0
230
1.0
 70
     8
 71
     3
 72
     9
 73
     5
 74
     0
 42
0.0000001
 43
0.0000000001
 40
0.0
 40
0.0
 40
0.0
 40
0.0
 40
0.5142963042000001
 40
1.0
 40
1.0
 40
1.0
 40
1.0
 10
3885.160643822805
 20
386.4727030322761
 30
0.0
 10
3885.038080586905
 20
386.4939942472761
 30
0.0
 10
3884.788829269105
 20
386.4930454775761
 30
0.0
 10
3884.561614731905
 20
386.3853810158761
 30
0.0
 10
3884.470007720705
 20
386.3118258735761
 30
0.0
  0
SPLINE
  5
2670
330
20B
100
AcDbEntity
  8
0
  6
Continuous
 62
     7
100
AcDbSpline
210
0.0
220
0.0
230
1.0
 70
     8
 71
     3
 72
     9
 73
     5
 74
     0
 42
0.0000001
 43
0.0000000001
 40
0.0
 40
0.0
 40
0.0
 40
0.0
 40
0.5142913461000001
 40
1.0
 40
1.0
 40
1.0
 40
1.0
 10
3889.460590007905
 20
372.5726681215761
 30
0.0
 10
3889.567165433605
 20
372.5541542476761
 30
0.0
 10
3889.783917422605
 20
372.5549583851761
 30
0.0
 10
3889.981459350905
 20
372.648630848476
 30
0.0
 10
3890.061136659405
 20
372.7125693712761
 30
0.0
  0
SPLINE
  5
2671
330
20B
100
AcDbEntity
  8
0
  6
Continuous
 62
     7
100
AcDbSpline
210
0.0
220
0.0
230
1.0
 70
     8
 71
     3
 72
     9
 73
     5
 74
     0
 42
0.0000001
 43
0.0000000001
 40
0.0
 40
0.0
 40
0.0
 40
0.0
 40
0.4925308444
 40
1.0
 40
1.0
 40
1.0
 40
1.0
 10
3872.108720771905
 20
376.5019640650761
 30
0.0
 10
3872.113950815405
 20
376.315290962276
 30
0.0
 10
3872.236639897605
 20
375.9366497586761
 30
0.0
 10
3872.515883317905
 20
375.6568608910761
 30
0.0
 10
3872.681142651705
 20
375.5583160709761
 30
0.0
  0
SPLINE
  5
2672
330
20B
100
AcDbEntity
  8
0
  6
Continuous
 62
     7
100
AcDbSpline
210
0.0
220
0.0
230
1.0
 70
     8
 71
     3
 72
     9
 73
     5
 74
     0
 42
0.0000001
 43
0.0000000001
 40
0.0
 40
0.0
 40
0.0
 40
0.0
 40
0.4857086539
 40
1.0
 40
1.0
 40
1.0
 40
1.0
 10
3872.194780047605
 20
399.9687037145761
 30
0.0
 10
3872.274457356105
 20
400.032642237376
 30
0.0
 10
3872.471999284305
 20
400.126314700676
 30
0.0
 10
3872.688751273305
 20
400.127118838276
 30
0.0
 10
3872.795326699005
 20
400.108604964276
 30
0.0
  0
SPLINE
  5
2673
330
20B
100
AcDbEntity
  8
0
  6
Continuous
 62
     7
100
AcDbSpline
210
0.0
220
0.0
230
1.0
 70
     8
 71
     3
 72
     9
 73
     5
 74
     0
 42
0.0000001
 43
0.0000000001
 40
0.0
 40
0.0
 40
0.0
 40
0.0
 40
0.4832814778000001
 40
1.0
 40
1.0
 40
1.0
 40
1.0
 10
3871.745656809905
 20
399.6074515844761
 30
0.0
 10
3871.657983815405
 20
399.5370967762761
 30
0.0
 10
3871.513293711105
 20
399.3410353552761
 30
0.0
 10
3871.475499995805
 20
399.1031694203761
 30
0.0
 10
3871.478866025405
 20
398.9830275556761
 30
0.0
  0
SPLINE
  5
2674
330
20B
100
AcDbEntity
  8
02___PRT_ALL_AXES
  6
Continuous
 62
     7
100
AcDbSpline
210
0.0
220
0.0
230
1.0
 70
     8
 71
     3
 72
     9
 73
     5
 74
     0
 42
0.0000001
 43
0.0000000001
 40
0.0
 40
0.0
 40
0.0
 40
0.0
 40
0.2579338118
 40
1.0
 40
1.0
 40
1.0
 40
1.0
 10
3877.095272884105
 20
386.2085700535761
 30
0.0
 10
3877.132163313205
 20
386.2021615898761
 30
0.0
 10
3877.276342530405
 20
386.1851098612761
 30
0.0
 10
3877.425044308605
 20
386.2005222859761
 30
0.0
 10
3877.527870235105
 20
386.2326289784761
 30
0.0
  0
SPLINE
  5
2675
330
20B
100
AcDbEntity
  8
02___PRT_ALL_AXES
  6
Continuous
 62
     7
100
AcDbSpline
210
0.0
220
0.0
230
1.0
 70
     8
 71
     3
 72
    14
 73
    10
 74
     0
 42
0.0000001
 43
0.0000000001
 40
0.0
 40
0.0
 40
0.0
 40
0.0
 40
0.1106597848
 40
0.2257452406
 40
0.3477977359
 40
0.4767629347
 40
0.6103449493000001
 40
0.7448619193000001
 40
1.0
 40
1.0
 40
1.0
 40
1.0
 10
3885.910530064805
 20
384.5187971222761
 30
0.0
 10
3885.983733035005
 20
384.5775748819761
 30
0.0
 10
3886.111505590906
 20
384.7269277843761
 30
0.0
 10
3886.215068455305
 20
385.0089175859761
 30
0.0
 10
3886.226494819805
 20
385.3239288487761
 30
0.0
 10
3886.147440331505
 20
385.644334635276
 30
0.0
 10
3885.985193946505
 20
385.9438533126761
 30
0.0
 10
3885.686197101405
 20
386.2749343216761
 30
0.0
 10
3885.373901009305
 20
386.4356568121761
 30
0.0
 10
3885.160643822805
 20
386.4727030322761
 30
0.0
  0
SPLINE
  5
2676
330
20B
100
AcDbEntity
  8
02___PRT_ALL_AXES
  6
Continuous
 62
     7
100
AcDbSpline
210
0.0
220
0.0
230
1.0
 70
     8
 71
     3
 72
     9
 73
     5
 74
     0
 42
0.0000001
 43
0.0000000001
 40
0.0
 40
0.0
 40
0.0
 40
0.0
 40
0.2579338118
 40
1.0
 40
1.0
 40
1.0
 40
1.0
 10
3885.669017200305
 20
384.7191720936761
 30
0.0
 10
3885.705907629405
 20
384.7127636298761
 30
0.0
 10
3885.850086846605
 20
384.6957119012761
 30
0.0
 10
3885.998788624805
 20
384.7111243260761
 30
0.0
 10
3886.101614551305
 20
384.7432310184761
 30
0.0
  0
SPLINE
  5
2677
330
20B
100
AcDbEntity
  8
0
  6
Continuous
 62
     7
100
AcDbSpline
210
0.0
220
0.0
230
1.0
 70
     8
 71
     3
 72
     9
 73
     5
 74
     0
 42
0.0000001
 43
0.0000000001
 40
0.0
 40
0.0
 40
0.0
 40
0.0
 40
0.5167185222000001
 40
1.0
 40
1.0
 40
1.0
 40
1.0
 10
3890.777050681605
 20
373.6982455302761
 30
0.0
 10
3890.780416711105
 20
373.5781036654761
 30
0.0
 10
3890.742622995805
 20
373.3402377305761
 30
0.0
 10
3890.597932891505
 20
373.1441763095761
 30
0.0
 10
3890.510259897005
 20
373.0738215013761
 30
0.0
  0
SPLINE
  5
2678
330
20B
100
AcDbEntity
  8
0
  6
Continuous
 62
     7
100
AcDbSpline
210
0.0
220
0.0
230
1.0
 70
     8
 71
     3
 72
     9
 73
     5
 74
     0
 42
0.0000001
 43
0.0000000001
 40
0.0
 40
0.0
 40
0.0
 40
0.0
 40
0.4977326477
 40
1.0
 40
1.0
 40
1.0
 40
1.0
 10
3889.228336638405
 20
397.2539255410761
 30
0.0
 10
3889.472348784305
 20
397.211536687476
 30
0.0
 10
3889.931553900305
 20
396.9259473183761
 30
0.0
 10
3890.140196557405
 20
396.4291340057761
 30
0.0
 10
3890.147195935005
 20
396.1793090207761
 30
0.0
  0
SPLINE
  5
2679
330
20B
100
AcDbEntity
  8
02___PRT_ALL_AXES
  6
Continuous
 62
     7
100
AcDbSpline
210
0.0
220
0.0
230
1.0
 70
     8
 71
     3
 72
    13
 73
     9
 74
     0
 42
0.0000001
 43
0.0000000001
 40
0.0
 40
0.0
 40
0.0
 40
0.0
 40
0.1131299912
 40
0.232148235
 40
0.357289195
 40
0.4872181879000001
 40
0.7498766773000001
 40
1.0
 40
1.0
 40
1.0
 40
1.0
 10
3884.727958725005
 20
386.4472659119761
 30
0.0
 10
3884.686079343605
 20
386.373500694376
 30
0.0
 10
3884.623734015505
 20
386.2078161352761
 30
0.0
 10
3884.601447563705
 20
385.9379590891761
 30
0.0
 10
3884.648384686705
 20
385.6586233060761
 30
0.0
 10
3884.798115707605
 20
385.2975788708761
 30
0.0
 10
3885.120660402505
 20
384.920255959476
 30
0.0
 10
3885.484242895205
 20
384.751270376876
 30
0.0
 10
3885.669017200305
 20
384.7191720936761
 30
0.0
  0
SPLINE
  5
267A
330
20B
100
AcDbEntity
  8
02___PRT_ALL_AXES
  6
Continuous
 62
     7
100
AcDbSpline
210
0.0
220
0.0
230
1.0
 70
     8
 71
     3
 72
    14
 73
    10
 74
     0
 42
0.0000001
 43
0.0000000001
 40
0.0
 40
0.0
 40
0.0
 40
0.0
 40
0.1106597848
 40
0.2257452406
 40
0.3477977359
 40
0.4767629347
 40
0.6103449493000001
 40
0.7448619193000001
 40
1.0
 40
1.0
 40
1.0
 40
1.0
 10
3877.336785748605
 20
386.0081950821761
 30
0.0
 10
3877.409988718805
 20
386.0669728418761
 30
0.0
 10
3877.537761274705
 20
386.2163257442761
 30
0.0
 10
3877.641324139105
 20
386.4983155458761
 30
0.0
 10
3877.652750503605
 20
386.8133268087761
 30
0.0
 10
3877.573696015305
 20
387.1337325952761
 30
0.0
 10
3877.411449630305
 20
387.4332512725761
 30
0.0
 10
3877.112452785205
 20
387.7643322816761
 30
0.0
 10
3876.800156693105
 20
387.9250547721761
 30
0.0
 10
3876.586899506605
 20
387.9621009921761
 30
0.0
  0
SPLINE
  5
267B
330
20B
100
AcDbEntity
  8
02___PRT_ALL_AXES
  6
Continuous
 62
     7
100
AcDbSpline
210
0.0
220
0.0
230
1.0
 70
     8
 71
     3
 72
    13
 73
     9
 74
     0
 42
0.0000001
 43
0.0000000001
 40
0.0
 40
0.0
 40
0.0
 40
0.0
 40
0.1131299912
 40
0.232148235
 40
0.357289195
 40
0.4872181879000001
 40
0.7498766773000001
 40
1.0
 40
1.0
 40
1.0
 40
1.0
 10
3876.154214408805
 20
387.9366638718761
 30
0.0
 10
3876.112335027405
 20
387.8628986542761
 30
0.0
 10
3876.049989699306
 20
387.6972140952761
 30
0.0
 10
3876.027703247405
 20
387.4273570490761
 30
0.0
 10
3876.074640370505
 20
387.1480212659761
 30
0.0
 10
3876.224371391405
 20
386.786976830776
 30
0.0
 10
3876.546916086305
 20
386.4096539193761
 30
0.0
 10
3876.910498579005
 20
386.2406683367761
 30
0.0
 10
3877.095272884105
 20
386.2085700535761
 30
0.0
  0
SPLINE
  5
267C
330
20B
100
AcDbEntity
  8
02___PRT_ALL_AXES
  6
Continuous
 62
     7
100
AcDbSpline
210
0.0
220
0.0
230
1.0
 70
     8
 71
     3
 72
     9
 73
     5
 74
     0
 42
0.0000001
 43
0.0000000001
 40
0.0
 40
0.0
 40
0.0
 40
0.0
 40
0.5142963042000001
 40
1.0
 40
1.0
 40
1.0
 40
1.0
 10
3876.646149646404
 20
385.8473179235761
 30
0.0
 10
3876.768712882404
 20
385.8260267085761
 30
0.0
 10
3877.017964200105
 20
385.826975478176
 30
0.0
 10
3877.245178737405
 20
385.934639939876
 30
0.0
 10
3877.336785748605
 20
386.0081950821761
 30
0.0
  0
SPLINE
  5
267D
330
20B
100
AcDbEntity
  8
02___PRT_ALL_AXES
  6
Continuous
 62
     7
100
AcDbSpline
210
0.0
220
0.0
230
1.0
 70
     8
 71
     3
 72
     9
 73
     5
 74
     0
 42
0.0000001
 43
0.0000000001
 40
0.0
 40
0.0
 40
0.0
 40
0.0
 40
0.5142963042000001
 40
1.0
 40
1.0
 40
1.0
 40
1.0
 10
3885.219893962605
 20
384.3579199635761
 30
0.0
 10
3885.342457198605
 20
384.3366287485761
 30
0.0
 10
3885.591708516305
 20
384.3375775182761
 30
0.0
 10
3885.818923053605
 20
384.4452419799761
 30
0.0
 10
3885.910530064805
 20
384.5187971222761
 30
0.0
  0
SPLINE
  5
267E
330
20B
100
AcDbEntity
  8
0
  6
Continuous
 62
     7
100
AcDbSpline
210
0.0
220
0.0
230
1.0
 70
     8
 71
     3
 72
     9
 73
     5
 74
     0
 42
0.0000001
 43
0.0000000001
 40
0.0
 40
0.0
 40
0.0
 40
0.0
 40
0.4832814778000001
 40
1.0
 40
1.0
 40
1.0
 40
1.0
 10
3890.061136659405
 20
372.7125693712761
 30
0.0
 10
3890.148809653805
 20
372.7829241794761
 30
0.0
 10
3890.293499758205
 20
372.9789856005761
 30
0.0
 10
3890.331293473405
 20
373.2168515353761
 30
0.0
 10
3890.327927443905
 20
373.3369934001761
 30
0.0
  0
SPLINE
  5
267F
330
20B
100
AcDbEntity
  8
02___PRT_ALL_AXES
  6
Continuous
 62
     7
100
AcDbSpline
210
0.0
220
0.0
230
1.0
 70
     8
 71
     3
 72
    14
 73
    10
 74
     0
 42
0.0000001
 43
0.0000000001
 40
0.0
 40
0.0
 40
0.0
 40
0.0
 40
0.1106597848
 40
0.2257452406
 40
0.3477977359
 40
0.4767629347
 40
0.6103449493000001
 40
0.7448619193000001
 40
1.0
 40
1.0
 40
1.0
 40
1.0
 10
3884.470007720705
 20
386.3118258735761
 30
0.0
 10
3884.396804750505
 20
386.253048113876
 30
0.0
 10
3884.269032194605
 20
386.1036952114761
 30
0.0
 10
3884.165469330105
 20
385.8217054098761
 30
0.0
 10
3884.154042965605
 20
385.5066941470761
 30
0.0
 10
3884.233097453905
 20
385.1862883605761
 30
0.0
 10
3884.395343839005
 20
384.8867696832761
 30
0.0
 10
3884.694340684005
 20
384.5556886741761
 30
0.0
 10
3885.006636776205
 20
384.3949661836761
 30
0.0
 10
3885.219893962605
 20
384.3579199635761
 30
0.0
  0
SPLINE
  5
2680
330
20B
100
AcDbEntity
  8
0
  6
Continuous
 62
     7
100
AcDbSpline
210
0.0
220
0.0
230
1.0
 70
     8
 71
     3
 72
     9
 73
     5
 74
     0
 42
0.0000001
 43
0.0000000001
 40
0.0
 40
0.0
 40
0.0
 40
0.0
 40
0.5142913461000001
 40
1.0
 40
1.0
 40
1.0
 40
1.0
 10
3872.346203461305
 20
399.7473528341761
 30
0.0
 10
3872.239628035705
 20
399.7658667081761
 30
0.0
 10
3872.022876046605
 20
399.7650625706761
 30
0.0
 10
3871.825334118405
 20
399.6713901072761
 30
0.0
 10
3871.745656809905
 20
399.6074515844761
 30
0.0
  0
SPLINE
  5
2681
330
20B
100
AcDbEntity
  8
0
  6
Continuous
 62
     7
100
AcDbSpline
210
0.0
220
0.0
230
1.0
 70
     8
 71
     3
 72
     9
 73
     5
 74
     0
 42
0.0000001
 43
0.0000000001
 40
0.0
 40
0.0
 40
0.0
 40
0.0
 40
0.5022673523
 40
1.0
 40
1.0
 40
1.0
 40
1.0
 10
3889.698072697305
 20
395.8180568907761
 30
0.0
 10
3889.691073319705
 20
396.0678818756761
 30
0.0
 10
3889.482430662605
 20
396.5646951883761
 30
0.0
 10
3889.023225546605
 20
396.8502845574761
 30
0.0
 10
3888.779213400705
 20
396.8926734109761
 30
0.0
  0
SPLINE
  5
2682
330
20B
100
AcDbEntity
  8
02___PRT_ALL_AXES
  6
Continuous
 62
     7
100
AcDbSpline
210
0.0
220
0.0
230
1.0
 70
     8
 71
     3
 72
    14
 73
    10
 74
     0
 42
0.0000001
 43
0.0000000001
 40
0.0
 40
0.0
 40
0.0
 40
0.0
 40
0.1106597848
 40
0.2257452406
 40
0.3477977359
 40
0.4767629347
 40
0.6103449493000001
 40
0.7448619193000001
 40
1.0
 40
1.0
 40
1.0
 40
1.0
 10
3875.896263404405
 20
387.8012238334761
 30
0.0
 10
3875.823060434305
 20
387.7424460738761
 30
0.0
 10
3875.695287878405
 20
387.5930931713761
 30
0.0
 10
3875.591725013905
 20
387.3111033697761
 30
0.0
 10
3875.580298649405
 20
386.9960921069761
 30
0.0
 10
3875.659353137705
 20
386.6756863204761
 30
0.0
 10
3875.821599522805
 20
386.3761676431761
 30
0.0
 10
3876.120596367805
 20
386.0450866340761
 30
0.0
 10
3876.432892460005
 20
385.8843641435761
 30
0.0
 10
3876.646149646404
 20
385.8473179235761
 30
0.0
  0
INSERT
  5
26A6
102
{ACAD_REACTORS
330
26A7
102
}
330
20B
100
AcDbEntity
  8
0
  6
CENTER2
 62
   242
420
 13443111
100
AcDbBlockReference
  2
*U153
 10
3810.924531617184
 20
371.537620417362
 30
0.0
  0
INSERT
  5
26B5
102
{ACAD_REACTORS
330
26B6
102
}
330
20B
100
AcDbEntity
  8
0
  6
CENTER2
 62
   242
420
 13443111
100
AcDbBlockReference
  2
*U154
 10
3820.524531617185
 20
371.537620417362
 30
0.0
  0
INSERT
  5
26C4
102
{ACAD_REACTORS
330
26C5
102
}
330
20B
100
AcDbEntity
  8
0
  6
CENTER2
 62
   242
420
 13443111
100
AcDbBlockReference
  2
*U155
 10
3820.524531617185
 20
361.812620417362
 30
0.0
  0
INSERT
  5
26D3
102
{ACAD_REACTORS
330
26D4
102
}
330
20B
100
AcDbEntity
  8
0
  6
CENTER2
 62
   242
420
 13443111
100
AcDbBlockReference
  2
*U156
 10
3810.924531617184
 20
361.812620417362
 30
0.0
  0
INSERT
  5
26E2
102
{ACAD_REACTORS
330
26E3
102
}
330
20B
100
AcDbEntity
  8
0
  6
CENTER2
 62
   242
420
 13443111
100
AcDbBlockReference
  2
*U157
 10
3810.924531617184
 20
352.087620417362
 30
0.0
  0
INSERT
  5
26F1
102
{ACAD_REACTORS
330
26F2
102
}
330
20B
100
AcDbEntity
  8
0
  6
CENTER2
 62
   242
420
 13443111
100
AcDbBlockReference
  2
*U158
 10
3820.524531617185
 20
352.087620417362
 30
0.0
  0
INSERT
  5
2702
102
{ACAD_REACTORS
330
2703
102
}
330
20B
100
AcDbEntity
  8
0
  6
CENTER2
 62
   242
420
 13443111
100
AcDbBlockReference
  2
*U159
 10
3815.724531617185
 20
361.812620417362
 30
0.0
  0
INSERT
  5
270E
102
{ACAD_REACTORS
330
270F
102
}
330
20B
100
AcDbEntity
  8
0
  6
CENTER2
 62
   240
420
 15540004
100
AcDbBlockReference
  2
*U160
 10
3815.724531617185
 20
361.812620417362
 30
0.0
  0
DIMENSION
  5
2711
102
{ACAD_XDICTIONARY
360
271F
102
}
102
{ACAD_REACTORS
330
272A
102
}
330
20B
100
AcDbEntity
  8
0
  6
Continuous
 62
     2
100
AcDbDimension
280
     0
  2
*D161
 10
3825.924531617185
 20
386.6341111241415
 30
0.0
 11
3815.724531617185
 21
389.5924444574749
 31
0.0
 70
    32
 71
     5
 42
20.40000000000009
 73
     0
 74
     0
 75
     0
  3
DIMSTYLE_1
100
AcDbAlignedDimension
 13
3805.524531617185
 23
374.037620417362
 33
0.0
 14
3825.924531617185
 24
374.037620417362
 34
0.0
100
AcDbRotatedDimension
  0
DIMENSION
  5
272B
102
{ACAD_XDICTIONARY
360
2739
102
}
102
{ACAD_REACTORS
330
2744
102
}
330
20B
100
AcDbEntity
  8
0
  6
Continuous
 62
     2
100
AcDbDimension
280
     0
  2
*D162
 10
3793.692561200195
 20
348.5876204173621
 30
0.0
 11
3790.734227866861
 21
361.812620417361
 31
0.0
 70
    32
 71
     5
 42
26.44999999999999
 73
     0
 74
     0
 75
     0
  3
DIMSTYLE_1
100
AcDbAlignedDimension
 13
3806.524531617185
 23
375.037620417362
 33
0.0
 14
3806.524531617185
 24
348.587620417362
 34
0.0
 50
90.0
100
AcDbRotatedDimension
  0
DIMENSION
  5
2745
102
{ACAD_XDICTIONARY
360
2753
102
}
102
{ACAD_REACTORS
330
275E
102
}
330
20B
100
AcDbEntity
  8
0
  6
Continuous
 62
     2
100
AcDbDimension
280
     0
  2
*D163
 10
3846.307445279918
 20
382.0333033301502
 30
0.0
 11
3854.599111946585
 21
384.6583033301501
 31
0.0
 70
    32
 71
     5
 73
     0
 74
     0
 75
     0
  3
DIMSTYLE_1
100
AcDbAlignedDimension
 13
3845.307445279918
 23
375.037620417362
 33
0.0
 14
3846.307445279918
 24
375.037620417362
 34
0.0
100
AcDbRotatedDimension
  0
ENDSEC
  0
SECTION
  2
OBJECTS
  0
DICTIONARY
  5
C
330
0
100
AcDbDictionary
281
     1
  3
ACAD_ASSOCNETWORK
350
677
  3
ACAD_BACKGROUND
350
15F9
  3
ACAD_CIP_PREVIOUS_PRODUCT_INFO
350
3BE
  3
ACAD_COLOR
350
3A2
  3
ACAD_DETAILVIEWSTYLE
350
3B9
  3
ACAD_GROUP
350
D
  3
ACAD_LAYOUT
350
1A
  3
ACAD_MATERIAL
350
370
  3
ACAD_MLEADERSTYLE
350
3B5
  3
ACAD_MLINESTYLE
350
17
  3
ACAD_PLOTSETTINGS
350
19
  3
ACAD_PLOTSTYLENAME
350
E
  3
ACAD_SCALELIST
350
3A3
  3
ACAD_SECTIONVIEWSTYLE
350
3B7
  3
ACAD_TABLESTYLE
350
369
  3
ACAD_VISUALSTYLE
350
389
  3
ACDB_RECOMPOSE_DATA
350
278F
  3
AcDbVariableDictionary
350
3BF
  0
DICTIONARY
  5
717
330
2
100
AcDbDictionary
280
     1
281
     1
  3
ACAD_LAYERSTATES
360
718
  0
DICTIONARY
  5
674
330
20B
100
AcDbDictionary
280
     1
281
     1
  3
ACAD_ASSOCNETWORK
360
675
  3
ACAD_SORTENTS
360
1573
  0
DICTIONARY
  5
1FB7
330
1FB6
100
AcDbDictionary
280
     1
281
     1
  3
ACAD_DIMASSOC
360
1FB8
  0
DICTIONARY
  5
1FBA
330
1FB9
100
AcDbDictionary
280
     1
281
     1
  3
ACAD_DIMASSOC
360
1FBB
  0
DICTIONARY
  5
1FBD
330
1FBC
100
AcDbDictionary
280
     1
281
     1
  3
ACAD_DIMASSOC
360
1FBE
  0
DICTIONARY
  5
228B
330
228A
100
AcDbDictionary
280
     1
281
     1
  3
ACAD_DIMASSOC
360
228C
  0
DICTIONARY
  5
228E
330
228D
100
AcDbDictionary
280
     1
281
     1
  3
ACAD_DIMASSOC
360
228F
  0
DICTIONARY
  5
2291
330
2290
100
AcDbDictionary
280
     1
281
     1
  3
ACAD_DIMASSOC
360
2292
  0
DICTIONARY
  5
271F
330
2711
100
AcDbDictionary
280
     1
281
     1
  3
ACAD_DIMASSOC
360
272A
  0
DICTIONARY
  5
2739
330
272B
100
AcDbDictionary
280
     1
281
     1
  3
ACAD_DIMASSOC
360
2744
  0
DICTIONARY
  5
2753
330
2745
100
AcDbDictionary
280
     1
281
     1
  3
ACAD_DIMASSOC
360
275E
  0
DICTIONARY
  5
677
102
{ACAD_REACTORS
330
C
102
}
330
C
100
AcDbDictionary
281
     1
  3
ACAD_ASSOCNETWORK
350
678
  0
DICTIONARY
  5
15F9
102
{ACAD_REACTORS
330
C
102
}
330
C
100
AcDbDictionary
281
     1
  0
XRECORD
  5
3BE
102
{ACAD_REACTORS
330
C
102
}
330
C
100
AcDbXrecord
280
     1
300
ACD
300
2023
300

  0
DICTIONARY
  5
3A2
102
{ACAD_REACTORS
330
C
102
}
330
C
100
AcDbDictionary
281
     1
  0
DICTIONARY
  5
3B9
102
{ACAD_REACTORS
330
C
102
}
330
C
100
AcDbDictionary
281
     1
  3
Metric50
350
3BA
  0
DICTIONARY
  5
D
102
{ACAD_REACTORS
330
C
102
}
330
C
100
AcDbDictionary
281
     1
  0
DICTIONARY
  5
1A
102
{ACAD_REACTORS
330
C
102
}
330
C
100
AcDbDictionary
281
     1
  3
Layout1
350
36B
  3
Model
350
36A
  0
DICTIONARY
  5
370
102
{ACAD_REACTORS
330
C
102
}
330
C
100
AcDbDictionary
281
     1
  3
ByBlock
350
379
  3
ByLayer
350
371
  3
Global
350
381
  0
DICTIONARY
  5
3B5
102
{ACAD_REACTORS
330
C
102
}
330
C
100
AcDbDictionary
281
     1
  3
Standard
350
3B6
  0
DICTIONARY
  5
17
102
{ACAD_REACTORS
330
C
102
}
330
C
100
AcDbDictionary
281
     1
  3
Standard
350
18
  0
DICTIONARY
  5
19
102
{ACAD_REACTORS
330
C
102
}
330
C
100
AcDbDictionary
281
     1
  0
ACDBDICTIONARYWDFLT
  5
E
102
{ACAD_REACTORS
330
C
102
}
330
C
100
AcDbDictionary
281
     1
  3
Normal
350
F
100
AcDbDictionaryWithDefault
340
F
  0
DICTIONARY
  5
3A3
102
{ACAD_REACTORS
330
C
102
}
330
C
100
AcDbDictionary
281
     1
  3
A0
350
3A4
  3
A1
350
3A5
  3
A2
350
3A6
  3
A3
350
3A7
  3
A4
350
3A8
  3
A5
350
3A9
  3
A6
350
3AA
  3
A7
350
3AB
  3
A8
350
3AC
  3
A9
350
3AD
  3
B0
350
3AE
  3
B1
350
3AF
  3
B2
350
3B0
  3
B3
350
3B1
  3
B4
350
3B2
  3
B5
350
3B3
  3
B6
350
3B4
  0
DICTIONARY
  5
3B7
102
{ACAD_REACTORS
330
C
102
}
330
C
100
AcDbDictionary
281
     1
  3
Metric50
350
3B8
  0
DICTIONARY
  5
369
330
C
100
AcDbDictionary
281
     1
  3
Standard
350
36C
  3
Standard1
350
36D
  0
DICTIONARY
  5
389
102
{ACAD_REACTORS
330
C
102
}
330
C
100
AcDbDictionary
281
     1
  3
2dWireframe
350
38F
  3
Basic
350
38E
  3
Brighten
350
395
  3
ColorChange
350
399
  3
Conceptual
350
392
  3
Dim
350
394
  3
EdgeColorOff
350
3A1
  3
Facepattern
350
398
  3
Flat
350
38A
  3
FlatWithEdges
350
38B
  3
Gouraud
350
38C
  3
GouraudWithEdges
350
38D
  3
Hidden
350
391
  3
JitterOff
350
39F
  3
Linepattern
350
397
  3
OverhangOff
350
3A0
  3
Realistic
350
393
  3
Shaded
350
39E
  3
Shaded with edges
350
39D
  3
Shades of Gray
350
39A
  3
Sketchy
350
39B
  3
Thicken
350
396
  3
Wireframe
350
390
  3
X-Ray
350
39C
  0
XRECORD
  5
278F
102
{ACAD_REACTORS
330
C
102
}
330
C
100
AcDbXrecord
280
     1
 90
        1
330
36C
330
36D
330
1FB3
330
1FC1
330
1FC2
  0
DICTIONARY
  5
3BF
102
{ACAD_REACTORS
330
C
102
}
330
C
100
AcDbDictionary
281
     1
  3
CANNOSCALE
350
6D8
  3
CMLEADERSTYLE
350
6D5
  3
CTABLESTYLE
350
6D4
  3
CVIEWDETAILSTYLE
350
6D6
  3
CVIEWSECTIONSTYLE
350
6D7
  3
EXPORTMODELSPACE
350
164A
  0
DICTIONARY
  5
718
102
{ACAD_REACTORS
330
717
102
}
330
717
100
AcDbDictionary
281
     1
  0
DICTIONARY
  5
675
102
{ACAD_REACTORS
330
674
102
}
330
674
100
AcDbDictionary
281
     1
  3
ACAD_ASSOCNETWORK
350
676
  0
SORTENTSTABLE
  5
1573
102
{ACAD_REACTORS
330
674
102
}
330
674
100
AcDbSortentsTable
330
20B
  0
DIMASSOC
  5
1FB8
102
{ACAD_REACTORS
330
1FB7
102
}
330
1FB7
100
AcDbDimAssoc
330
1FB6
 90
        3
 70
     0
 71
     0
  1
AcDbOsnapPointRef
 72
     2
331
1F93
 73
     2
 91
        0
 40
3.141592653589792
 10
3936.845921832368
 20
640.9159092983075
 30
0.0
 75
     0
  1
AcDbOsnapPointRef
 72
     2
331
1F94
 73
     2
 91
        0
 40
6.283185307179584
 10
3966.545921832369
 20
640.9159092983075
 30
0.0
 75
     0
  0
DIMASSOC
  5
1FBB
102
{ACAD_REACTORS
330
1FBA
102
}
330
1FBA
100
AcDbDimAssoc
330
1FB9
 90
        3
 70
     0
 71
     0
  1
AcDbOsnapPointRef
 72
     6
331
1F84
 73
     2
 91
        0
 40
0.0
 10
3943.445921832368
 20
644.9659092983076
 30
0.0
332
1F96
 74
     2
 92
        0
 75
     0
  1
AcDbOsnapPointRef
 72
     1
331
1F97
 73
     2
 91
        0
 40
4.712388980384688
 10
3943.445921832368
 20
636.8659092983075
 30
0.0
 75
     0
  0
DIMASSOC
  5
1FBE
102
{ACAD_REACTORS
330
1FBD
102
}
330
1FBD
100
AcDbDimAssoc
330
1FBC
 90
        3
 70
     0
 71
     0
  1
AcDbOsnapPointRef
 72
    13
331
1F92
 73
     2
 91
        0
 40
0.0
 10
3985.445282645269
 20
644.9659092983075
 30
0.0
 75
     0
  1
AcDbOsnapPointRef
 72
     1
331
1F92
 73
     2
 91
        0
 40
1.0
 10
3986.945282645269
 20
644.9659092983075
 30
0.0
 75
     0
  0
DIMASSOC
  5
228C
102
{ACAD_REACTORS
330
228B
102
}
330
228B
100
AcDbDimAssoc
330
228A
 90
        3
 70
     0
 71
     0
  1
AcDbOsnapPointRef
 72
     1
331
2280
 73
     2
 91
        0
 40
3.141592653589792
 10
4071.985990145702
 20
650.5723220753599
 30
0.0
 75
     0
  1
AcDbOsnapPointRef
 72
    13
331
2281
 73
     2
 91
        0
 40
0.0
 10
4101.985990145702
 20
650.5723220753599
 30
0.0
 75
     0
  0
DIMASSOC
  5
228F
102
{ACAD_REACTORS
330
228E
102
}
330
228E
100
AcDbDimAssoc
330
228D
 90
        3
 70
     0
 71
     0
  1
AcDbOsnapPointRef
 72
    13
331
2280
 73
     2
 91
        0
 40
1.570796326794896
 10
4072.985990145702
 20
651.5723220753599
 30
0.0
 75
     0
  1
AcDbOsnapPointRef
 72
     1
331
227F
 73
     2
 91
        0
 40
4.712388980384688
 10
4072.985990145702
 20
633.9723220753596
 30
0.0
 75
     0
  0
DIMASSOC
  5
2292
102
{ACAD_REACTORS
330
2291
102
}
330
2291
100
AcDbDimAssoc
330
2290
 90
        3
 70
     0
 71
     0
  1
AcDbOsnapPointRef
 72
     1
331
2279
 73
     2
 91
        0
 40
1.0
 10
0.0
 20
0.0
 30
2.000000000000000E+50
 75
     0
  1
AcDbOsnapPointRef
 72
    13
331
2279
 73
     2
 91
        0
 40
0.0
 10
0.0
 20
0.0
 30
2.000000000000000E+50
 75
     0
  0
DIMASSOC
  5
272A
102
{ACAD_REACTORS
330
271F
102
}
330
271F
100
AcDbDimAssoc
330
2711
 90
        3
 70
     0
 71
     0
  1
AcDbOsnapPointRef
 72
     1
331
2571
 73
     2
 91
        0
 40
3.141592653589793
 10
0.0
 20
0.0
 30
2.000000000000000E+50
 75
     0
  1
AcDbOsnapPointRef
 72
    13
331
2572
 73
     2
 91
        0
 40
0.0
 10
0.0
 20
0.0
 30
2.000000000000000E+50
 75
     0
  0
DIMASSOC
  5
2744
102
{ACAD_REACTORS
330
2739
102
}
330
2739
100
AcDbDimAssoc
330
272B
 90
        3
 70
     0
 71
     0
  1
AcDbOsnapPointRef
 72
    13
331
2571
 73
     2
 91
        0
 40
1.570796326794896
 10
0.0
 20
0.0
 30
2.000000000000000E+50
 75
     0
  1
AcDbOsnapPointRef
 72
     1
331
2570
 73
     2
 91
        0
 40
4.712388980384689
 10
0.0
 20
0.0
 30
2.000000000000000E+50
 75
     0
  0
DIMASSOC
  5
275E
102
{ACAD_REACTORS
330
2753
102
}
330
2753
100
AcDbDimAssoc
330
2745
 90
        3
 70
     0
 71
     0
  1
AcDbOsnapPointRef
 72
    13
331
256C
 73
     2
 91
        0
 40
0.0
 10
0.0
 20
0.0
 30
2.000000000000000E+50
 75
     0
  1
AcDbOsnapPointRef
 72
     1
331
256C
 73
     2
 91
        0
 40
1.0
 10
0.0
 20
0.0
 30
2.000000000000000E+50
 75
     0
  0
ACDBASSOCNETWORK
  5
678
102
{ACAD_REACTORS
330
677
102
}
330
677
100
AcDbAssocAction
 90
        1
 90
        0
330
0
360
0
 90
        0
 90
        0
 90
        0
100
AcDbAssocNetwork
 90
        0
 90
        1
 90
        1
330
676
 90
        0
  0
ACDBDETAILVIEWSTYLE
  5
3BA
102
{ACAD_XDICTIONARY
360
27C2
102
}
102
{ACAD_REACTORS
330
3B9
102
}
330
3B9
100
AcDbModelDocViewStyle
 70
     0
  3
Metric50
290
     0
100
AcDbDetailViewStyle
 70
     0
 71
     0
 90
        3
 71
     1
340
11
 62
   256
 40
5.0
340
0
 62
   256
 40
5.0
300

 40
0.0
280
     1
 71
     2
340
16
 90
       25
 62
   256
 71
     3
340
11
 62
   256
 40
5.0
 90
        0
 40
15.0
 90
        1
300
%<\AcVar ViewDetailId>% (%<\AcVar ViewScale \f "%sn">%)
 71
     4
340
16
 90
       25
 62
   256
340
16
 90
       25
 62
   256
280
     0
  0
LAYOUT
  5
36B
102
{ACAD_REACTORS
330
1A
102
}
330
1A
100
AcDbPlotSettings
  1

  2
none_device
  4
ISO_A3_(420.00_x_297.00_MM)
  6

 40
0.0
 41
0.0
 42
0.0
 43
0.0
 44
420.0
 45
297.0
 46
0.0
 47
0.0
 48
0.0
 49
0.0
140
0.0
141
0.0
142
1.0
143
1.0
 70
     0
 72
     1
 73
     0
 74
     0
  7

 75
     0
147
1.0
 76
     0
 77
     2
 78
   300
148
0.0
149
0.0
100
AcDbLayout
  1
Layout1
 70
     1
 71
     1
 10
0.0
 20
0.0
 11
12.0
 21
9.0
 12
0.0
 22
0.0
 32
0.0
 14
1.000000000000000E+20
 24
1.000000000000000E+20
 34
1.000000000000000E+20
 15
-1.000000000000000E+20
 25
-1.000000000000000E+20
 35
-1.000000000000000E+20
146
0.0
 13
0.0
 23
0.0
 33
0.0
 16
1.0
 26
0.0
 36
0.0
 17
0.0
 27
1.0
 37
0.0
 76
     0
330
20C
  0
LAYOUT
  5
36A
102
{ACAD_XDICTIONARY
360
1648
102
}
102
{ACAD_REACTORS
330
1A
102
}
330
1A
100
AcDbPlotSettings
  1

  2
none_device
  4
ISO_A3_(420.00_x_297.00_MM)
  6

 40
0.0
 41
0.0
 42
0.0
 43
0.0
 44
420.0
 45
297.0
 46
0.0
 47
0.0
 48
0.0
 49
0.0
140
0.0
141
0.0
142
1.0
143
1.0
 70
  1024
 72
     1
 73
     0
 74
     0
  7

 75
     0
147
1.0
 76
     0
 77
     2
 78
   300
148
0.0
149
0.0
100
AcDbLayout
  1
Model
 70
     0
 71
     0
 10
0.0
 20
0.0
 11
420.0
 21
297.0
 12
0.0
 22
0.0
 32
0.0
 14
0.0
 24
0.0
 34
0.0
 15
0.0
 25
0.0
 35
0.0
146
0.0
 13
0.0
 23
0.0
 33
0.0
 16
1.0
 26
0.0
 36
0.0
 17
0.0
 27
1.0
 37
0.0
 76
     0
330
20B
331
1F4
  0
MATERIAL
  5
379
102
{ACAD_XDICTIONARY
360
37A
102
}
102
{ACAD_REACTORS
330
370
102
}
330
370
100
AcDbMaterial
  1
ByBlock
 72
     0
 43
0.0008202099737533
 43
0.0
 43
0.0
 43
0.0
 43
0.0
 43
0.0008202099737533
 43
0.0
 43
0.0
 43
0.0
 43
0.0
 43
1.0
 43
0.0
 43
0.0
 43
0.0
 43
0.0
 43
1.0
 77
     0
 47
0.0008202099737533
 47
0.0
 47
0.0
 47
0.0
 47
0.0
 47
0.0008202099737533
 47
0.0
 47
0.0
 47
0.0
 47
0.0
 47
1.0
 47
0.0
 47
0.0
 47
0.0
 47
0.0
 47
1.0
171
     0
 49
0.0008202099737533
 49
0.0
 49
0.0
 49
0.0
 49
0.0
 49
0.0008202099737533
 49
0.0
 49
0.0
 49
0.0
 49
0.0
 49
1.0
 49
0.0
 49
0.0
 49
0.0
 49
0.0
 49
1.0
175
     0
142
0.0008202099737533
142
0.0
142
0.0
142
0.0
142
0.0
142
0.0008202099737533
142
0.0
142
0.0
142
0.0
142
0.0
142
1.0
142
0.0
142
0.0
142
0.0
142
0.0
142
1.0
179
     0
144
0.0008202099737533
144
0.0
144
0.0
144
0.0
144
0.0
144
0.0008202099737533
144
0.0
144
0.0
144
0.0
144
0.0
144
1.0
144
0.0
144
0.0
144
0.0
144
0.0
144
1.0
147
0.0008202099737533
147
0.0
147
0.0
147
0.0
147
0.0
147
0.0008202099737533
147
0.0
147
0.0
147
0.0
147
0.0
147
1.0
147
0.0
147
0.0
147
0.0
147
0.0
147
1.0
  0
MATERIAL
  5
371
102
{ACAD_XDICTIONARY
360
372
102
}
102
{ACAD_REACTORS
330
370
102
}
330
370
100
AcDbMaterial
  1
ByLayer
 72
     0
 43
0.0008202099737533
 43
0.0
 43
0.0
 43
0.0
 43
0.0
 43
0.0008202099737533
 43
0.0
 43
0.0
 43
0.0
 43
0.0
 43
1.0
 43
0.0
 43
0.0
 43
0.0
 43
0.0
 43
1.0
 77
     0
 47
0.0008202099737533
 47
0.0
 47
0.0
 47
0.0
 47
0.0
 47
0.0008202099737533
 47
0.0
 47
0.0
 47
0.0
 47
0.0
 47
1.0
 47
0.0
 47
0.0
 47
0.0
 47
0.0
 47
1.0
171
     0
 49
0.0008202099737533
 49
0.0
 49
0.0
 49
0.0
 49
0.0
 49
0.0008202099737533
 49
0.0
 49
0.0
 49
0.0
 49
0.0
 49
1.0
 49
0.0
 49
0.0
 49
0.0
 49
0.0
 49
1.0
175
     0
142
0.0008202099737533
142
0.0
142
0.0
142
0.0
142
0.0
142
0.0008202099737533
142
0.0
142
0.0
142
0.0
142
0.0
142
1.0
142
0.0
142
0.0
142
0.0
142
0.0
142
1.0
179
     0
144
0.0008202099737533
144
0.0
144
0.0
144
0.0
144
0.0
144
0.0008202099737533
144
0.0
144
0.0
144
0.0
144
0.0
144
1.0
144
0.0
144
0.0
144
0.0
144
0.0
144
1.0
147
0.0008202099737533
147
0.0
147
0.0
147
0.0
147
0.0
147
0.0008202099737533
147
0.0
147
0.0
147
0.0
147
0.0
147
1.0
147
0.0
147
0.0
147
0.0
147
0.0
147
1.0
  0
MATERIAL
  5
381
102
{ACAD_XDICTIONARY
360
382
102
}
102
{ACAD_REACTORS
330
370
102
}
330
370
100
AcDbMaterial
  1
Global
 72
     0
 43
0.0008202099737533
 43
0.0
 43
0.0
 43
0.0
 43
0.0
 43
0.0008202099737533
 43
0.0
 43
0.0
 43
0.0
 43
0.0
 43
1.0
 43
0.0
 43
0.0
 43
0.0
 43
0.0
 43
1.0
 77
     0
 47
0.0008202099737533
 47
0.0
 47
0.0
 47
0.0
 47
0.0
 47
0.0008202099737533
 47
0.0
 47
0.0
 47
0.0
 47
0.0
 47
1.0
 47
0.0
 47
0.0
 47
0.0
 47
0.0
 47
1.0
171
     0
 49
0.0008202099737533
 49
0.0
 49
0.0
 49
0.0
 49
0.0
 49
0.0008202099737533
 49
0.0
 49
0.0
 49
0.0
 49
0.0
 49
1.0
 49
0.0
 49
0.0
 49
0.0
 49
0.0
 49
1.0
175
     0
142
0.0008202099737533
142
0.0
142
0.0
142
0.0
142
0.0
142
0.0008202099737533
142
0.0
142
0.0
142
0.0
142
0.0
142
1.0
142
0.0
142
0.0
142
0.0
142
0.0
142
1.0
179
     0
144
0.0008202099737533
144
0.0
144
0.0
144
0.0
144
0.0
144
0.0008202099737533
144
0.0
144
0.0
144
0.0
144
0.0
144
1.0
144
0.0
144
0.0
144
0.0
144
0.0
144
1.0
147
0.0008202099737533
147
0.0
147
0.0
147
0.0
147
0.0
147
0.0008202099737533
147
0.0
147
0.0
147
0.0
147
0.0
147
1.0
147
0.0
147
0.0
147
0.0
147
0.0
147
1.0
  0
MLEADERSTYLE
  5
3B6
102
{ACAD_REACTORS
330
3B5
102
}
330
3B5
100
AcDbMLeaderStyle
179
     2
170
     2
171
     1
172
     0
 90
        2
 40
0.0
 41
0.0
173
     1
 91
-1056964608
340
14
 92
       -2
290
     1
 42
2.0
291
     1
 43
0.36
  3
Standard
 44
4.0
300

342
11
174
     1
178
     6
175
     1
176
     0
 93
-1056964608
 45
4.0
292
     0
297
     0
 46
4.0
 94
-1056964608
 47
1.0
 49
1.0
140
1.0
293
     1
141
0.0
294
     1
177
     0
142
1.0
295
     0
296
     0
143
0.125
271
     0
272
     9
273
     9
  0
MLINESTYLE
  5
18
102
{ACAD_REACTORS
330
17
102
}
330
17
100
AcDbMlineStyle
  2
STANDARD
 70
     0
  3

 62
   256
 51
90.0
 52
90.0
 71
     2
 49
0.5
 62
   256
  6
BYLAYER
 49
-0.5
 62
   256
  6
BYLAYER
  0
ACDBPLACEHOLDER
  5
F
102
{ACAD_REACTORS
330
E
102
}
330
E
  0
SCALE
  5
3A4
102
{ACAD_REACTORS
330
3A3
102
}
330
3A3
100
AcDbScale
 70
     0
300
1:1
140
1.0
141
1.0
290
     1
  0
SCALE
  5
3A5
102
{ACAD_REACTORS
330
3A3
102
}
330
3A3
100
AcDbScale
 70
     0
300
1:2
140
1.0
141
2.0
290
     0
  0
SCALE
  5
3A6
102
{ACAD_REACTORS
330
3A3
102
}
330
3A3
100
AcDbScale
 70
     0
300
1:4
140
1.0
141
4.0
290
     0
  0
SCALE
  5
3A7
102
{ACAD_REACTORS
330
3A3
102
}
330
3A3
100
AcDbScale
 70
     0
300
1:5
140
1.0
141
5.0
290
     0
  0
SCALE
  5
3A8
102
{ACAD_REACTORS
330
3A3
102
}
330
3A3
100
AcDbScale
 70
     0
300
1:8
140
1.0
141
8.0
290
     0
  0
SCALE
  5
3A9
102
{ACAD_REACTORS
330
3A3
102
}
330
3A3
100
AcDbScale
 70
     0
300
1:10
140
1.0
141
10.0
290
     0
  0
SCALE
  5
3AA
102
{ACAD_REACTORS
330
3A3
102
}
330
3A3
100
AcDbScale
 70
     0
300
1:16
140
1.0
141
16.0
290
     0
  0
SCALE
  5
3AB
102
{ACAD_REACTORS
330
3A3
102
}
330
3A3
100
AcDbScale
 70
     0
300
1:20
140
1.0
141
20.0
290
     0
  0
SCALE
  5
3AC
102
{ACAD_REACTORS
330
3A3
102
}
330
3A3
100
AcDbScale
 70
     0
300
1:30
140
1.0
141
30.0
290
     0
  0
SCALE
  5
3AD
102
{ACAD_REACTORS
330
3A3
102
}
330
3A3
100
AcDbScale
 70
     0
300
1:40
140
1.0
141
40.0
290
     0
  0
SCALE
  5
3AE
102
{ACAD_REACTORS
330
3A3
102
}
330
3A3
100
AcDbScale
 70
     0
300
1:50
140
1.0
141
50.0
290
     0
  0
SCALE
  5
3AF
102
{ACAD_REACTORS
330
3A3
102
}
330
3A3
100
AcDbScale
 70
     0
300
1:100
140
1.0
141
100.0
290
     0
  0
SCALE
  5
3B0
102
{ACAD_REACTORS
330
3A3
102
}
330
3A3
100
AcDbScale
 70
     0
300
2:1
140
2.0
141
1.0
290
     0
  0
SCALE
  5
3B1
102
{ACAD_REACTORS
330
3A3
102
}
330
3A3
100
AcDbScale
 70
     0
300
4:1
140
4.0
141
1.0
290
     0
  0
SCALE
  5
3B2
102
{ACAD_REACTORS
330
3A3
102
}
330
3A3
100
AcDbScale
 70
     0
300
8:1
140
8.0
141
1.0
290
     0
  0
SCALE
  5
3B3
102
{ACAD_REACTORS
330
3A3
102
}
330
3A3
100
AcDbScale
 70
     0
300
10:1
140
10.0
141
1.0
290
     0
  0
SCALE
  5
3B4
102
{ACAD_REACTORS
330
3A3
102
}
330
3A3
100
AcDbScale
 70
     0
300
100:1
140
100.0
141
1.0
290
     0
  0
ACDBSECTIONVIEWSTYLE
  5
3B8
102
{ACAD_XDICTIONARY
360
27C0
102
}
102
{ACAD_REACTORS
330
3B7
102
}
330
3B7
100
AcDbModelDocViewStyle
 70
     0
  3
Metric50
290
     0
100
AcDbSectionViewStyle
 70
     0
 71
     0
 90
      102
 71
     1
340
11
 62
   256
 40
5.0
340
0
340
0
 62
   256
 40
5.0
300
I, O, Q, S, X, Z
 40
10.0
 90
        0
 40
2.5
 90
        0
 71
     2
340
16
 90
       25
 62
   256
340
16
 90
       50
 62
   256
 40
5.0
 40
2.5
 40
5.0
 71
     3
340
11
 62
   256
 40
5.0
 90
        0
 40
15.0
 90
        1
300
%<\AcVar ViewSectionStartId>%-%<\AcVar ViewSectionEndId>% (%<\AcVar ViewScale \f "%sn">%)
 71
     4
 62
   256
 62
   257
300
ANSI31
 40
1.0
 90
        0
290
     0
290
     0
 90
        6
 40
0.0
 40
1.570796326794896
 40
0.2617993877991494
 40
1.308996938995747
 40
-0.2617993877991494
 40
1.832595714594044
  0
TABLESTYLE
  5
36C
102
{ACAD_XDICTIONARY
360
79A
102
}
102
{ACAD_REACTORS
330
369
102
}
330
369
100
AcDbTableStyle
280
     0
  3
Standard
 70
     0
 71
     0
 40
1.75
 41
1.75
280
     1
281
     1
  7
STANDARD
140
0.18
170
     1
 62
     0
 63
     7
283
     0
 90
      512
 91
        0
  1

274
    -2
284
     1
 64
     0
275
    -2
285
     1
 65
     0
276
    -2
286
     1
 66
     0
277
    -2
287
     1
 67
     0
278
    -2
288
     1
 68
     0
279
    -2
289
     1
 69
     0
  7
STANDARD
140
0.18
170
     1
 62
     0
 63
     7
283
     0
 90
      512
 91
        0
  1

274
    -2
284
     1
 64
     0
275
    -2
285
     1
 65
     0
276
    -2
286
     1
 66
     0
277
    -2
287
     1
 67
     0
278
    -2
288
     1
 68
     0
279
    -2
289
     1
 69
     0
  7
STANDARD
140
0.18
170
     1
 62
     0
 63
     7
283
     0
 90
      512
 91
        0
  1

274
    -2
284
     1
 64
     0
275
    -2
285
     1
 65
     0
276
    -2
286
     1
 66
     0
277
    -2
287
     1
 67
     0
278
    -2
288
     1
 68
     0
279
    -2
289
     1
 69
     0
  0
TABLESTYLE
  5
36D
102
{ACAD_XDICTIONARY
360
79C
102
}
102
{ACAD_REACTORS
330
369
102
}
330
369
100
AcDbTableStyle
280
     0
  3
Standard1
 70
     1
 71
     0
 40
1.75
 41
1.75
280
     1
281
     1
  7
STANDARD
140
0.18
170
     1
 62
     0
 63
     7
283
     0
 90
      512
 91
        0
  1

274
    -2
284
     1
 64
     0
275
    -2
285
     1
 65
     0
276
    -2
286
     1
 66
     0
277
    -2
287
     1
 67
     0
278
    -2
288
     1
 68
     0
279
    -2
289
     1
 69
     0
  7
STANDARD
140
0.18
170
     1
 62
     0
 63
     7
283
     0
 90
      512
 91
        0
  1

274
    -2
284
     1
 64
     0
275
    -2
285
     1
 65
     0
276
    -2
286
     1
 66
     0
277
    -2
287
     1
 67
     0
278
    -2
288
     1
 68
     0
279
    -2
289
     1
 69
     0
  7
STANDARD
140
0.18
170
     1
 62
     0
 63
     7
283
     0
 90
      512
 91
        0
  1

274
    -2
284
     1
 64
     0
275
    -2
285
     1
 65
     0
276
    -2
286
     1
 66
     0
277
    -2
287
     1
 67
     0
278
    -2
288
     1
 68
     0
279
    -2
289
     1
 69
     0
  0
VISUALSTYLE
  5
38F
102
{ACAD_XDICTIONARY
360
279A
102
}
102
{ACAD_REACTORS
330
389
102
}
330
389
100
AcDbVisualStyle
  2
2dWireframe
 70
     4
177
     2
291
     0
 71
     0
176
     1
 72
     2
176
     1
 73
     0
176
     1
 90
        0
176
     1
 40
0.6
176
     1
 41
30.0
176
     1
 63
     7
421
 16777215
176
     1
 74
     1
176
     1
 91
        4
176
     1
 64
     7
176
     1
 65
   257
176
     1
 75
     1
176
     1
175
     1
176
     1
 42
1.0
176
     1
 92
        0
176
     1
 66
   257
176
     1
 43
1.0
176
     1
 76
     1
176
     1
 77
     6
176
     1
 78
     2
176
     1
 67
     7
176
     1
 79
     5
176
     1
170
     0
176
     1
171
     0
176
     1
290
     0
176
     1
 93
        1
176
     1
 44
0.0
176
     1
173
     0
176
     1
1001
ACAD
1000
AcDbSavedByObjectVersion
1070
     0
  0
VISUALSTYLE
  5
38E
102
{ACAD_XDICTIONARY
360
2798
102
}
102
{ACAD_REACTORS
330
389
102
}
330
389
100
AcDbVisualStyle
  2
Basic
 70
     7
177
     2
291
     1
 71
     1
176
     1
 72
     0
176
     1
 73
     1
176
     1
 90
        0
176
     1
 40
0.6
176
     1
 41
30.0
176
     1
 63
     7
421
 16777215
176
     1
 74
     0
176
     1
 91
        4
176
     1
 64
     7
176
     1
 65
   257
176
     1
 75
     1
176
     1
175
     1
176
     1
 42
1.0
176
     1
 92
        8
176
     1
 66
     7
176
     1
 43
1.0
176
     1
 76
     1
176
     1
 77
     6
176
     1
 78
     2
176
     1
 67
     7
176
     1
 79
     5
176
     1
170
     0
176
     1
171
     0
176
     1
290
     0
176
     1
 93
        1
176
     1
 44
0.0
176
     1
173
     0
176
     1
1001
ACAD
1000
AcDbSavedByObjectVersion
1070
     0
  0
VISUALSTYLE
  5
395
102
{ACAD_XDICTIONARY
360
27A6
102
}
102
{ACAD_REACTORS
330
389
102
}
330
389
100
AcDbVisualStyle
  2
Brighten
 70
    12
177
     2
291
     1
 71
     2
176
     1
 72
     2
176
     1
 73
     0
176
     1
 90
        0
176
     1
 40
0.6
176
     1
 41
30.0
176
     1
 63
     7
421
 16777215
176
     1
 74
     1
176
     1
 91
        4
176
     1
 64
     7
176
     1
 65
   257
176
     1
 75
     1
176
     1
175
     1
176
     1
 42
1.0
176
     1
 92
        8
176
     1
 66
     7
176
     1
 43
1.0
176
     1
 76
     1
176
     1
 77
     6
176
     1
 78
     2
176
     1
 67
     7
176
     1
 79
     5
176
     1
170
     0
176
     1
171
     0
176
     1
290
     0
176
     1
 93
        1
176
     1
 44
50.0
176
     1
173
     0
176
     1
1001
ACAD
1000
AcDbSavedByObjectVersion
1070
     0
  0
VISUALSTYLE
  5
399
102
{ACAD_XDICTIONARY
360
27AE
102
}
102
{ACAD_REACTORS
330
389
102
}
330
389
100
AcDbVisualStyle
  2
ColorChange
 70
    16
177
     2
291
     1
 71
     2
176
     1
 72
     2
176
     1
 73
     3
176
     1
 90
        0
176
     1
 40
0.6
176
     1
 41
30.0
176
     1
 63
     8
421
  8421504
176
     1
 74
     1
176
     1
 91
        4
176
     1
 64
     7
176
     1
 65
   257
176
     1
 75
     1
176
     1
175
     1
176
     1
 42
1.0
176
     1
 92
        8
176
     1
 66
     8
424
  8421504
176
     1
 43
1.0
176
     1
 76
     1
176
     1
 77
     6
176
     1
 78
     2
176
     1
 67
     7
176
     1
 79
     5
176
     1
170
     0
176
     1
171
     0
176
     1
290
     0
176
     1
 93
        1
176
     1
 44
0.0
176
     1
173
     0
176
     1
1001
ACAD
1000
AcDbSavedByObjectVersion
1070
     0
  0
VISUALSTYLE
  5
392
102
{ACAD_XDICTIONARY
360
27A0
102
}
102
{ACAD_REACTORS
330
389
102
}
330
389
100
AcDbVisualStyle
  2
Conceptual
 70
     9
177
     2
291
     0
 71
     3
176
     1
 72
     2
176
     1
 73
     0
176
     1
 90
        0
176
     1
 40
0.6
176
     1
 41
30.0
176
     1
 63
     7
421
 16777215
176
     1
 74
     2
176
     1
 91
        2
176
     1
 64
     7
176
     1
 65
   257
176
     1
 75
     1
176
     1
175
     1
176
     1
 42
179.0
176
     1
 92
        8
176
     1
 66
     7
176
     1
 43
1.0
176
     1
 76
     1
176
     1
 77
     6
176
     1
 78
     2
176
     1
 67
     7
176
     1
 79
     3
176
     1
170
     0
176
     1
171
     0
176
     1
290
     0
176
     1
 93
        1
176
     1
 44
0.0
176
     1
173
     0
176
     1
1001
ACAD
1000
AcDbSavedByObjectVersion
1070
     0
  0
VISUALSTYLE
  5
394
102
{ACAD_XDICTIONARY
360
27A4
102
}
102
{ACAD_REACTORS
330
389
102
}
330
389
100
AcDbVisualStyle
  2
Dim
 70
    11
177
     2
291
     1
 71
     2
176
     1
 72
     2
176
     1
 73
     0
176
     1
 90
        0
176
     1
 40
0.6
176
     1
 41
30.0
176
     1
 63
     7
421
 16777215
176
     1
 74
     1
176
     1
 91
        4
176
     1
 64
     7
176
     1
 65
   257
176
     1
 75
     1
176
     1
175
     1
176
     1
 42
1.0
176
     1
 92
        8
176
     1
 66
     7
176
     1
 43
1.0
176
     1
 76
     1
176
     1
 77
     6
176
     1
 78
     2
176
     1
 67
     7
176
     1
 79
     5
176
     1
170
     0
176
     1
171
     0
176
     1
290
     0
176
     1
 93
        1
176
     1
 44
-50.0
176
     1
173
     0
176
     1
1001
ACAD
1000
AcDbSavedByObjectVersion
1070
     0
  0
VISUALSTYLE
  5
3A1
102
{ACAD_XDICTIONARY
360
27BE
102
}
102
{ACAD_REACTORS
330
389
102
}
330
389
100
AcDbVisualStyle
  2
EdgeColorOff
 70
    22
177
     2
291
     1
 71
     2
176
     0
 72
     2
176
     0
 73
     0
176
     0
 90
        0
176
     0
 40
0.6
176
     0
 41
30.0
176
     0
 63
     7
421
 16777215
176
     0
 74
     1
176
     0
 91
        4
176
     0
 64
     7
176
     0
 65
   257
176
     0
 75
     1
176
     0
175
     1
176
     0
 42
1.0
176
     0
 92
        8
176
     2
 66
     7
176
     0
 43
1.0
176
     0
 76
     1
176
     0
 77
     6
176
     0
 78
     2
176
     0
 67
     7
176
     0
 79
     5
176
     0
170
     0
176
     0
171
     0
176
     0
290
     0
176
     0
 93
        1
176
     0
 44
0.0
176
     0
173
     0
176
     0
1001
ACAD
1000
AcDbSavedByObjectVersion
1070
     0
  0
VISUALSTYLE
  5
398
102
{ACAD_XDICTIONARY
360
27AC
102
}
102
{ACAD_REACTORS
330
389
102
}
330
389
100
AcDbVisualStyle
  2
Facepattern
 70
    15
177
     2
291
     1
 71
     2
176
     1
 72
     2
176
     1
 73
     0
176
     1
 90
        0
176
     1
 40
0.6
176
     1
 41
30.0
176
     1
 63
     7
421
 16777215
176
     1
 74
     1
176
     1
 91
        4
176
     1
 64
     7
176
     1
 65
   257
176
     1
 75
     1
176
     1
175
     1
176
     1
 42
1.0
176
     1
 92
        8
176
     1
 66
     7
176
     1
 43
1.0
176
     1
 76
     1
176
     1
 77
     6
176
     1
 78
     2
176
     1
 67
     7
176
     1
 79
     5
176
     1
170
     0
176
     1
171
     0
176
     1
290
     0
176
     1
 93
        1
176
     1
 44
0.0
176
     1
173
     0
176
     1
1001
ACAD
1000
AcDbSavedByObjectVersion
1070
     0
  0
VISUALSTYLE
  5
38A
102
{ACAD_XDICTIONARY
360
2790
102
}
102
{ACAD_REACTORS
330
389
102
}
330
389
100
AcDbVisualStyle
  2
Flat
 70
     0
177
     2
291
     1
 71
     2
176
     1
 72
     1
176
     1
 73
     1
176
     1
 90
        2
176
     1
 40
0.6
176
     1
 41
30.0
176
     1
 63
     7
421
 16777215
176
     1
 74
     0
176
     1
 91
        0
176
     1
 64
     7
176
     1
 65
   257
176
     1
 75
     1
176
     1
175
     1
176
     1
 42
1.0
176
     1
 92
        8
176
     1
 66
     7
176
     1
 43
1.0
176
     1
 76
     1
176
     1
 77
     6
176
     1
 78
     2
176
     1
 67
     7
176
     1
 79
     5
176
     1
170
     0
176
     1
171
     0
176
     1
290
     0
176
     1
 93
       13
176
     1
 44
0.0
176
     1
173
     0
176
     1
1001
ACAD
1000
AcDbSavedByObjectVersion
1070
     0
  0
VISUALSTYLE
  5
38B
102
{ACAD_XDICTIONARY
360
2792
102
}
102
{ACAD_REACTORS
330
389
102
}
330
389
100
AcDbVisualStyle
  2
FlatWithEdges
 70
     1
177
     2
291
     1
 71
     2
176
     1
 72
     1
176
     1
 73
     1
176
     1
 90
        2
176
     1
 40
0.6
176
     1
 41
30.0
176
     1
 63
     7
421
 16777215
176
     1
 74
     1
176
     1
 91
        0
176
     1
 64
     7
176
     1
 65
   257
176
     1
 75
     1
176
     1
175
     1
176
     1
 42
1.0
176
     1
 92
        0
176
     1
 66
   257
176
     1
 43
1.0
176
     1
 76
     1
176
     1
 77
     6
176
     1
 78
     2
176
     1
 67
     7
176
     1
 79
     5
176
     1
170
     0
176
     1
171
     0
176
     1
290
     0
176
     1
 93
       13
176
     1
 44
0.0
176
     1
173
     0
176
     1
1001
ACAD
1000
AcDbSavedByObjectVersion
1070
     0
  0
VISUALSTYLE
  5
38C
102
{ACAD_XDICTIONARY
360
2794
102
}
102
{ACAD_REACTORS
330
389
102
}
330
389
100
AcDbVisualStyle
  2
Gouraud
 70
     2
177
     2
291
     1
 71
     2
176
     1
 72
     2
176
     1
 73
     1
176
     1
 90
        2
176
     1
 40
0.6
176
     1
 41
30.0
176
     1
 63
     7
421
 16777215
176
     1
 74
     0
176
     1
 91
        0
176
     1
 64
     7
176
     1
 65
   257
176
     1
 75
     1
176
     1
175
     1
176
     1
 42
1.0
176
     1
 92
        0
176
     1
 66
     7
176
     1
 43
1.0
176
     1
 76
     1
176
     1
 77
     6
176
     1
 78
     2
176
     1
 67
     7
176
     1
 79
     5
176
     1
170
     0
176
     1
171
     0
176
     1
290
     0
176
     1
 93
       13
176
     1
 44
0.0
176
     1
173
     0
176
     1
1001
ACAD
1000
AcDbSavedByObjectVersion
1070
     0
  0
VISUALSTYLE
  5
38D
102
{ACAD_XDICTIONARY
360
2796
102
}
102
{ACAD_REACTORS
330
389
102
}
330
389
100
AcDbVisualStyle
  2
GouraudWithEdges
 70
     3
177
     2
291
     1
 71
     2
176
     1
 72
     2
176
     1
 73
     1
176
     1
 90
        2
176
     1
 40
0.6
176
     1
 41
30.0
176
     1
 63
     7
421
 16777215
176
     1
 74
     1
176
     1
 91
        0
176
     1
 64
     7
176
     1
 65
   257
176
     1
 75
     1
176
     1
175
     1
176
     1
 42
1.0
176
     1
 92
        0
176
     1
 66
   257
176
     1
 43
1.0
176
     1
 76
     1
176
     1
 77
     6
176
     1
 78
     2
176
     1
 67
     7
176
     1
 79
     5
176
     1
170
     0
176
     1
171
     0
176
     1
290
     0
176
     1
 93
       13
176
     1
 44
0.0
176
     1
173
     0
176
     1
1001
ACAD
1000
AcDbSavedByObjectVersion
1070
     0
  0
VISUALSTYLE
  5
391
102
{ACAD_XDICTIONARY
360
279E
102
}
102
{ACAD_REACTORS
330
389
102
}
330
389
100
AcDbVisualStyle
  2
Hidden
 70
     6
177
     2
291
     0
 71
     1
176
     1
 72
     2
176
     1
 73
     2
176
     1
 90
        0
176
     1
 40
0.6
176
     1
 41
30.0
176
     1
 63
     7
421
 16777215
176
     1
 74
     2
176
     1
 91
        2
176
     1
 64
     7
176
     1
 65
   257
176
     1
 75
     2
176
     1
175
     1
176
     1
 42
40.0
176
     1
 92
        0
176
     1
 66
   257
176
     1
 43
1.0
176
     1
 76
     1
176
     1
 77
     6
176
     1
 78
     2
176
     1
 67
     7
176
     1
 79
     3
176
     1
170
     0
176
     1
171
     0
176
     1
290
     0
176
     1
 93
        1
176
     1
 44
0.0
176
     1
173
     0
176
     1
1001
ACAD
1000
AcDbSavedByObjectVersion
1070
     0
  0
VISUALSTYLE
  5
39F
102
{ACAD_XDICTIONARY
360
27BA
102
}
102
{ACAD_REACTORS
330
389
102
}
330
389
100
AcDbVisualStyle
  2
JitterOff
 70
    20
177
     2
291
     1
 71
     2
176
     0
 72
     2
176
     0
 73
     0
176
     0
 90
        0
176
     0
 40
0.6
176
     0
 41
30.0
176
     0
 63
     7
421
 16777215
176
     0
 74
     1
176
     0
 91
        4
176
     0
 64
     7
176
     0
 65
   257
176
     0
 75
     1
176
     0
175
     1
176
     0
 42
1.0
176
     0
 92
       10
176
     2
 66
     7
176
     0
 43
1.0
176
     0
 76
     1
176
     0
 77
     6
176
     0
 78
     2
176
     0
 67
     7
176
     0
 79
     5
176
     0
170
     0
176
     0
171
     0
176
     0
290
     0
176
     0
 93
        1
176
     0
 44
0.0
176
     0
173
     0
176
     0
1001
ACAD
1000
AcDbSavedByObjectVersion
1070
     0
  0
VISUALSTYLE
  5
397
102
{ACAD_XDICTIONARY
360
27AA
102
}
102
{ACAD_REACTORS
330
389
102
}
330
389
100
AcDbVisualStyle
  2
Linepattern
 70
    14
177
     2
291
     1
 71
     2
176
     1
 72
     2
176
     1
 73
     0
176
     1
 90
        0
176
     1
 40
0.6
176
     1
 41
30.0
176
     1
 63
     7
421
 16777215
176
     1
 74
     1
176
     1
 91
        4
176
     1
 64
     7
176
     1
 65
   257
176
     1
 75
     7
176
     1
175
     7
176
     1
 42
1.0
176
     1
 92
        8
176
     1
 66
     7
176
     1
 43
1.0
176
     1
 76
     1
176
     1
 77
     6
176
     1
 78
     2
176
     1
 67
     7
176
     1
 79
     5
176
     1
170
     0
176
     1
171
     0
176
     1
290
     0
176
     1
 93
        1
176
     1
 44
0.0
176
     1
173
     0
176
     1
1001
ACAD
1000
AcDbSavedByObjectVersion
1070
     0
  0
VISUALSTYLE
  5
3A0
102
{ACAD_XDICTIONARY
360
27BC
102
}
102
{ACAD_REACTORS
330
389
102
}
330
389
100
AcDbVisualStyle
  2
OverhangOff
 70
    21
177
     2
291
     1
 71
     2
176
     0
 72
     2
176
     0
 73
     0
176
     0
 90
        0
176
     0
 40
0.6
176
     0
 41
30.0
176
     0
 63
     7
421
 16777215
176
     0
 74
     1
176
     0
 91
        4
176
     0
 64
     7
176
     0
 65
   257
176
     0
 75
     1
176
     0
175
     1
176
     0
 42
1.0
176
     0
 92
        9
176
     2
 66
     7
176
     0
 43
1.0
176
     0
 76
     1
176
     0
 77
     6
176
     0
 78
     2
176
     0
 67
     7
176
     0
 79
     5
176
     0
170
     0
176
     0
171
     0
176
     0
290
     0
176
     0
 93
        1
176
     0
 44
0.0
176
     0
173
     0
176
     0
1001
ACAD
1000
AcDbSavedByObjectVersion
1070
     0
  0
VISUALSTYLE
  5
393
102
{ACAD_XDICTIONARY
360
27A2
102
}
102
{ACAD_REACTORS
330
389
102
}
330
389
100
AcDbVisualStyle
  2
Realistic
 70
     8
177
     2
291
     0
 71
     2
176
     1
 72
     3
176
     1
 73
     0
176
     1
 90
        2
176
     1
 40
0.6
176
     1
 41
30.0
176
     1
 63
     7
421
 16777215
176
     1
 74
     0
176
     1
 91
        0
176
     1
 64
     7
176
     1
 65
   257
176
     1
 75
     1
176
     1
175
     1
176
     1
 42
1.0
176
     1
 92
        8
176
     1
 66
   257
176
     1
 43
1.0
176
     1
 76
     1
176
     1
 77
     6
176
     1
 78
     2
176
     1
 67
     7
176
     1
 79
     3
176
     1
170
     0
176
     1
171
     0
176
     1
290
     0
176
     1
 93
       13
176
     1
 44
0.0
176
     1
173
     0
176
     1
1001
ACAD
1000
AcDbSavedByObjectVersion
1070
     0
  0
VISUALSTYLE
  5
39E
102
{ACAD_XDICTIONARY
360
27B8
102
}
102
{ACAD_REACTORS
330
389
102
}
330
389
100
AcDbVisualStyle
  2
Shaded
 70
    27
177
     2
291
     0
 71
     2
176
     1
 72
     2
176
     1
 73
     1
176
     1
 90
        2
176
     1
 40
0.6
176
     1
 41
30.0
176
     1
 63
     7
421
 16777215
176
     1
 74
     0
176
     1
 91
        4
176
     1
 64
     7
176
     1
 65
   257
176
     1
 75
     1
176
     1
175
     1
176
     1
 42
1.0
176
     1
 92
        8
176
     1
 66
   257
176
     1
 43
1.0
176
     1
 76
     1
176
     1
 77
     6
176
     1
 78
     2
176
     1
 67
     8
425
  7895160
176
     1
 79
     3
176
     1
170
     0
176
     1
171
     0
176
     1
290
     0
176
     1
 93
        5
176
     1
 44
0.0
176
     1
173
     0
176
     1
1001
ACAD
1000
AcDbSavedByObjectVersion
1070
     0
  0
VISUALSTYLE
  5
39D
102
{ACAD_XDICTIONARY
360
27B6
102
}
102
{ACAD_REACTORS
330
389
102
}
330
389
100
AcDbVisualStyle
  2
Shaded with edges
 70
    26
177
     2
291
     0
 71
     2
176
     1
 72
     2
176
     1
 73
     1
176
     1
 90
        2
176
     1
 40
0.6
176
     1
 41
30.0
176
     1
 63
     7
421
 16777215
176
     1
 74
     1
176
     1
 91
        2
176
     1
 64
     7
176
     1
 65
   257
176
     1
 75
     2
176
     1
175
     1
176
     1
 42
1.0
176
     1
 92
        8
176
     1
 66
   257
176
     1
 43
1.0
176
     1
 76
     1
176
     1
 77
     6
176
     1
 78
     2
176
     1
 67
     7
176
     1
 79
     3
176
     1
170
     0
176
     1
171
     0
176
     1
290
     0
176
     1
 93
        5
176
     1
 44
0.0
176
     1
173
     0
176
     1
1001
ACAD
1000
AcDbSavedByObjectVersion
1070
     0
  0
VISUALSTYLE
  5
39A
102
{ACAD_XDICTIONARY
360
27B0
102
}
102
{ACAD_REACTORS
330
389
102
}
330
389
100
AcDbVisualStyle
  2
Shades of Gray
 70
    23
177
     2
291
     0
 71
     2
176
     1
 72
     2
176
     1
 73
     3
176
     1
 90
        0
176
     1
 40
0.6
176
     1
 41
30.0
176
     1
 63
     7
421
 16777215
176
     1
 74
     2
176
     1
 91
        2
176
     1
 64
     7
176
     1
 65
     7
176
     1
 75
     1
176
     1
175
     1
176
     1
 42
40.0
176
     1
 92
        8
176
     1
 66
     7
176
     1
 43
1.0
176
     1
 76
     1
176
     1
 77
     6
176
     1
 78
     2
176
     1
 67
     7
176
     1
 79
     3
176
     1
170
     0
176
     1
171
     0
176
     1
290
     0
176
     1
 93
        1
176
     1
 44
0.0
176
     1
173
     0
176
     1
1001
ACAD
1000
AcDbSavedByObjectVersion
1070
     0
  0
VISUALSTYLE
  5
39B
102
{ACAD_XDICTIONARY
360
27B2
102
}
102
{ACAD_REACTORS
330
389
102
}
330
389
100
AcDbVisualStyle
  2
Sketchy
 70
    24
177
     2
291
     0
 71
     1
176
     1
 72
     2
176
     1
 73
     2
176
     1
 90
        0
176
     1
 40
0.6
176
     1
 41
30.0
176
     1
 63
     7
421
 16777215
176
     1
 74
     2
176
     1
 91
        2
176
     1
 64
     7
176
     1
 65
     7
176
     1
 75
     1
176
     1
175
     1
176
     1
 42
40.0
176
     1
 92
       11
176
     1
 66
     7
176
     1
 43
1.0
176
     1
 76
     1
176
     1
 77
     6
176
     1
 78
     2
176
     1
 67
     7
176
     1
 79
     6
176
     1
170
     0
176
     1
171
     0
176
     1
290
     0
176
     1
 93
        1
176
     1
 44
0.0
176
     1
173
     0
176
     1
1001
ACAD
1000
AcDbSavedByObjectVersion
1070
     0
  0
VISUALSTYLE
  5
396
102
{ACAD_XDICTIONARY
360
27A8
102
}
102
{ACAD_REACTORS
330
389
102
}
330
389
100
AcDbVisualStyle
  2
Thicken
 70
    13
177
     2
291
     1
 71
     2
176
     1
 72
     2
176
     1
 73
     0
176
     1
 90
        0
176
     1
 40
0.6
176
     1
 41
30.0
176
     1
 63
     7
421
 16777215
176
     1
 74
     1
176
     1
 91
        4
176
     1
 64
     7
176
     1
 65
   257
176
     1
 75
     1
176
     1
175
     1
176
     1
 42
1.0
176
     1
 92
       12
176
     1
 66
     7
176
     1
 43
1.0
176
     1
 76
     1
176
     1
 77
     6
176
     1
 78
     2
176
     1
 67
     7
176
     1
 79
     5
176
     1
170
     0
176
     1
171
     0
176
     1
290
     0
176
     1
 93
        1
176
     1
 44
0.0
176
     1
173
     0
176
     1
1001
ACAD
1000
AcDbSavedByObjectVersion
1070
     0
  0
VISUALSTYLE
  5
390
102
{ACAD_XDICTIONARY
360
279C
102
}
102
{ACAD_REACTORS
330
389
102
}
330
389
100
AcDbVisualStyle
  2
Wireframe
 70
     5
177
     2
291
     0
 71
     0
176
     1
 72
     2
176
     1
 73
     0
176
     1
 90
        0
176
     1
 40
0.6
176
     1
 41
30.0
176
     1
 63
     7
421
 16777215
176
     1
 74
     1
176
     1
 91
        4
176
     1
 64
     7
176
     1
 65
   257
176
     1
 75
     1
176
     1
175
     1
176
     1
 42
1.0
176
     1
 92
        0
176
     1
 66
   257
176
     1
 43
1.0
176
     1
 76
     1
176
     1
 77
     6
176
     1
 78
     2
176
     1
 67
     7
176
     1
 79
     3
176
     1
170
     0
176
     1
171
     0
176
     1
290
     0
176
     1
 93
        1
176
     1
 44
0.0
176
     1
173
     0
176
     1
1001
ACAD
1000
AcDbSavedByObjectVersion
1070
     0
  0
VISUALSTYLE
  5
39C
102
{ACAD_XDICTIONARY
360
27B4
102
}
102
{ACAD_REACTORS
330
389
102
}
330
389
100
AcDbVisualStyle
  2
X-Ray
 70
    25
177
     2
291
     0
 71
     2
176
     1
 72
     2
176
     1
 73
     1
176
     1
 90
        1
176
     1
 40
0.5
176
     1
 41
30.0
176
     1
 63
     7
421
 16777215
176
     1
 74
     1
176
     1
 91
        0
176
     1
 64
     7
176
     1
 65
   257
176
     1
 75
     1
176
     1
175
     1
176
     1
 42
1.0
176
     1
 92
        8
176
     1
 66
     7
176
     1
 43
1.0
176
     1
 76
     1
176
     1
 77
     6
176
     1
 78
     2
176
     1
 67
     7
176
     1
 79
     3
176
     1
170
     0
176
     1
171
     0
176
     1
290
     0
176
     1
 93
       13
176
     1
 44
0.0
176
     1
173
     0
176
     1
1001
ACAD
1000
AcDbSavedByObjectVersion
1070
     0
  0
DICTIONARYVAR
  5
6D8
102
{ACAD_REACTORS
330
3BF
102
}
330
3BF
100
DictionaryVariables
280
     0
  1
1:1
  0
DICTIONARYVAR
  5
6D5
102
{ACAD_REACTORS
330
3BF
102
}
330
3BF
100
DictionaryVariables
280
     0
  1
STANDARD
  0
DICTIONARYVAR
  5
6D4
102
{ACAD_REACTORS
330
3BF
102
}
330
3BF
100
DictionaryVariables
280
     0
  1
STANDARD
  0
DICTIONARYVAR
  5
6D6
102
{ACAD_REACTORS
330
3BF
102
}
330
3BF
100
DictionaryVariables
280
     0
  1
Metric50
  0
DICTIONARYVAR
  5
6D7
102
{ACAD_REACTORS
330
3BF
102
}
330
3BF
100
DictionaryVariables
280
     0
  1
Metric50
  0
DICTIONARYVAR
  5
164A
102
{ACAD_REACTORS
330
3BF
102
}
330
3BF
100
DictionaryVariables
280
     0
  1
2
  0
ACDBASSOCNETWORK
  5
676
102
{ACAD_REACTORS
330
675
102
}
330
675
100
AcDbAssocAction
 90
        1
 90
        0
330
678
360
0
 90
        1
 90
        0
 90
        0
100
AcDbAssocNetwork
 90
        0
 90
      188
 90
       21
360
20CD
360
20DF
360
20EC
360
20F9
360
2106
360
2113
360
2120
360
2134
360
215A
360
2295
360
229C
360
22AB
360
22B8
360
269F
360
26AE
360
26BD
360
26CC
360
26DB
360
26EA
360
26F9
360
2705
 90
        0
  0
DICTIONARY
  5
27C2
330
3BA
100
AcDbDictionary
280
     1
281
     1
  3
ACAD_XREC_ROUNDTRIP
360
27C3
  0
DICTIONARY
  5
1648
330
36A
100
AcDbDictionary
280
     1
281
     1
  3
AcPublish_PlotSettingsOverride
360
1649
  0
DICTIONARY
  5
37A
330
379
100
AcDbDictionary
280
     1
281
     1
  3
BUMPTILE
360
37C
  3
DIFFUSETILE
360
37B
  3
OPACITYTILE
360
37F
  3
REFLECTIONTILE
360
37E
  3
REFRACTIONTILE
360
380
  3
SPECULARTILE
360
37D
  0
DICTIONARY
  5
372
330
371
100
AcDbDictionary
280
     1
281
     1
  3
BUMPTILE
360
374
  3
DIFFUSETILE
360
373
  3
OPACITYTILE
360
377
  3
REFLECTIONTILE
360
376
  3
REFRACTIONTILE
360
378
  3
SPECULARTILE
360
375
  0
DICTIONARY
  5
382
330
381
100
AcDbDictionary
280
     1
281
     1
  3
BUMPTILE
360
384
  3
DIFFUSETILE
360
383
  3
OPACITYTILE
360
387
  3
REFLECTIONTILE
360
386
  3
REFRACTIONTILE
360
388
  3
SPECULARTILE
360
385
  0
DICTIONARY
  5
27C0
330
3B8
100
AcDbDictionary
280
     1
281
     1
  3
ACAD_XREC_ROUNDTRIP
360
27C1
  0
DICTIONARY
  5
79A
330
36C
100
AcDbDictionary
280
     1
281
     1
  3
ACAD_ROUNDTRIP_2008_TABLESTYLE_CELLSTYLEMAP
360
278D
  0
DICTIONARY
  5
79C
330
36D
100
AcDbDictionary
280
     1
281
     1
  3
ACAD_ROUNDTRIP_2008_TABLESTYLE_CELLSTYLEMAP
360
278E
  0
DICTIONARY
  5
279A
330
38F
100
AcDbDictionary
280
     1
281
     1
  3
ACAD_XREC_ROUNDTRIP
360
279B
  0
DICTIONARY
  5
2798
330
38E
100
AcDbDictionary
280
     1
281
     1
  3
ACAD_XREC_ROUNDTRIP
360
2799
  0
DICTIONARY
  5
27A6
330
395
100
AcDbDictionary
280
     1
281
     1
  3
ACAD_XREC_ROUNDTRIP
360
27A7
  0
DICTIONARY
  5
27AE
330
399
100
AcDbDictionary
280
     1
281
     1
  3
ACAD_XREC_ROUNDTRIP
360
27AF
  0
DICTIONARY
  5
27A0
330
392
100
AcDbDictionary
280
     1
281
     1
  3
ACAD_XREC_ROUNDTRIP
360
27A1
  0
DICTIONARY
  5
27A4
330
394
100
AcDbDictionary
280
     1
281
     1
  3
ACAD_XREC_ROUNDTRIP
360
27A5
  0
DICTIONARY
  5
27BE
330
3A1
100
AcDbDictionary
280
     1
281
     1
  3
ACAD_XREC_ROUNDTRIP
360
27BF
  0
DICTIONARY
  5
27AC
330
398
100
AcDbDictionary
280
     1
281
     1
  3
ACAD_XREC_ROUNDTRIP
360
27AD
  0
DICTIONARY
  5
2790
330
38A
100
AcDbDictionary
280
     1
281
     1
  3
ACAD_XREC_ROUNDTRIP
360
2791
  0
DICTIONARY
  5
2792
330
38B
100
AcDbDictionary
280
     1
281
     1
  3
ACAD_XREC_ROUNDTRIP
360
2793
  0
DICTIONARY
  5
2794
330
38C
100
AcDbDictionary
280
     1
281
     1
  3
ACAD_XREC_ROUNDTRIP
360
2795
  0
DICTIONARY
  5
2796
330
38D
100
AcDbDictionary
280
     1
281
     1
  3
ACAD_XREC_ROUNDTRIP
360
2797
  0
DICTIONARY
  5
279E
330
391
100
AcDbDictionary
280
     1
281
     1
  3
ACAD_XREC_ROUNDTRIP
360
279F
  0
DICTIONARY
  5
27BA
330
39F
100
AcDbDictionary
280
     1
281
     1
  3
ACAD_XREC_ROUNDTRIP
360
27BB
  0
DICTIONARY
  5
27AA
330
397
100
AcDbDictionary
280
     1
281
     1
  3
ACAD_XREC_ROUNDTRIP
360
27AB
  0
DICTIONARY
  5
27BC
330
3A0
100
AcDbDictionary
280
     1
281
     1
  3
ACAD_XREC_ROUNDTRIP
360
27BD
  0
DICTIONARY
  5
27A2
330
393
100
AcDbDictionary
280
     1
281
     1
  3
ACAD_XREC_ROUNDTRIP
360
27A3
  0
DICTIONARY
  5
27B8
330
39E
100
AcDbDictionary
280
     1
281
     1
  3
ACAD_XREC_ROUNDTRIP
360
27B9
  0
DICTIONARY
  5
27B6
330
39D
100
AcDbDictionary
280
     1
281
     1
  3
ACAD_XREC_ROUNDTRIP
360
27B7
  0
DICTIONARY
  5
27B0
330
39A
100
AcDbDictionary
280
     1
281
     1
  3
ACAD_XREC_ROUNDTRIP
360
27B1
  0
DICTIONARY
  5
27B2
330
39B
100
AcDbDictionary
280
     1
281
     1
  3
ACAD_XREC_ROUNDTRIP
360
27B3
  0
DICTIONARY
  5
27A8
330
396
100
AcDbDictionary
280
     1
281
     1
  3
ACAD_XREC_ROUNDTRIP
360
27A9
  0
DICTIONARY
  5
279C
330
390
100
AcDbDictionary
280
     1
281
     1
  3
ACAD_XREC_ROUNDTRIP
360
279D
  0
DICTIONARY
  5
27B4
330
39C
100
AcDbDictionary
280
     1
281
     1
  3
ACAD_XREC_ROUNDTRIP
360
27B5
  0
ACDBASSOCACTION
  5
20CD
330
676
100
AcDbAssocAction
 90
        1
 90
        0
330
676
360
20CE
 90
      131
 90
        2
 90
        1
360
20CF
  0
ACDBASSOCACTION
  5
20DF
330
676
100
AcDbAssocAction
 90
        1
 90
        0
330
676
360
20E0
 90
      133
 90
        2
 90
        1
360
20E1
  0
ACDBASSOCACTION
  5
20EC
330
676
100
AcDbAssocAction
 90
        1
 90
        0
330
676
360
20ED
 90
      134
 90
        2
 90
        1
360
20EE
  0
ACDBASSOCACTION
  5
20F9
330
676
100
AcDbAssocAction
 90
        1
 90
        0
330
676
360
20FA
 90
      135
 90
        2
 90
        1
360
20FB
  0
ACDBASSOCACTION
  5
2106
330
676
100
AcDbAssocAction
 90
        1
 90
        0
330
676
360
2107
 90
      136
 90
        2
 90
        1
360
2108
  0
ACDBASSOCACTION
  5
2113
330
676
100
AcDbAssocAction
 90
        1
 90
        0
330
676
360
2114
 90
      137
 90
        2
 90
        1
360
2115
  0
ACDBASSOCACTION
  5
2120
330
676
100
AcDbAssocAction
 90
        1
 90
        0
330
676
360
2121
 90
      138
 90
        3
 90
        1
360
2122
  0
ACDBASSOCACTION
  5
2134
330
676
100
AcDbAssocAction
 90
        1
 90
        0
330
676
360
2135
 90
      140
 90
        3
 90
        3
360
2136
360
2137
360
2138
  0
ACDBASSOCACTION
  5
215A
330
676
100
AcDbAssocAction
 90
        1
 90
        0
330
676
360
215B
 90
      142
 90
        2
 90
        1
360
215C
  0
ACDBASSOCACTION
  5
2295
330
676
100
AcDbAssocAction
 90
        1
 90
        0
330
676
360
2296
 90
      157
 90
        3
 90
        3
360
2297
360
2298
360
2299
  0
ACDBASSOCACTION
  5
229C
330
676
100
AcDbAssocAction
 90
        1
 90
        0
330
676
360
229D
 90
      158
 90
        3
 90
        3
360
229E
360
229F
360
22A0
  0
ACDBASSOCACTION
  5
22AB
330
676
100
AcDbAssocAction
 90
        1
 90
        0
330
676
360
22AC
 90
      159
 90
        2
 90
        1
360
22AD
  0
ACDBASSOCACTION
  5
22B8
330
676
100
AcDbAssocAction
 90
        1
 90
        0
330
676
360
22B9
 90
      160
 90
        2
 90
        1
360
22BA
  0
ACDBASSOCACTION
  5
269F
330
676
100
AcDbAssocAction
 90
        1
 90
        0
330
676
360
26A0
 90
      181
 90
        2
 90
        2
360
26A2
360
26A7
  0
ACDBASSOCACTION
  5
26AE
330
676
100
AcDbAssocAction
 90
        1
 90
        0
330
676
360
26AF
 90
      182
 90
        2
 90
        2
360
26B1
360
26B6
  0
ACDBASSOCACTION
  5
26BD
330
676
100
AcDbAssocAction
 90
        1
 90
        0
330
676
360
26BE
 90
      183
 90
        2
 90
        2
360
26C0
360
26C5
  0
ACDBASSOCACTION
  5
26CC
330
676
100
AcDbAssocAction
 90
        1
 90
        0
330
676
360
26CD
 90
      184
 90
        2
 90
        2
360
26CF
360
26D4
  0
ACDBASSOCACTION
  5
26DB
330
676
100
AcDbAssocAction
 90
        1
 90
        0
330
676
360
26DC
 90
      185
 90
        2
 90
        2
360
26DE
360
26E3
  0
ACDBASSOCACTION
  5
26EA
330
676
100
AcDbAssocAction
 90
        1
 90
        0
330
676
360
26EB
 90
      186
 90
        2
 90
        2
360
26ED
360
26F2
  0
ACDBASSOCACTION
  5
26F9
330
676
100
AcDbAssocAction
 90
        1
 90
        0
330
676
360
26FA
 90
      187
 90
        3
 90
        3
360
26FC
360
26FE
360
2703
  0
ACDBASSOCACTION
  5
2705
330
676
100
AcDbAssocAction
 90
        1
 90
        0
330
676
360
2706
 90
      188
 90
        3
 90
        3
360
2708
360
270A
360
270F
  0
XRECORD
  5
27C3
102
{ACAD_REACTORS
330
27C2
102
}
330
27C2
100
AcDbXrecord
280
     1
102
DISPLAYNAME
  1
Metric50
102
FLAGS
 90
        0
  0
PLOTSETTINGS
  5
1649
102
{ACAD_REACTORS
330
1648
102
}
330
1648
100
AcDbPlotSettings
  1

  2
none_device
  4
ANSI_A_(8.50_x_11.00_Inches)
  6

 40
0.0
 41
0.0
 42
0.0
 43
0.0
 44
420.0
 45
297.0
 46
0.0
 47
0.0
 48
-279.3064953897019
 49
-255.4994487833198
140
110.6551994421461
141
-156.3103903295344
142
1.0
143
1.0
 70
  3072
 72
     1
 73
     0
 74
     4
  7

 75
     0
147
1.0
 76
     0
 77
     2
 78
   300
148
279.3064953897019
149
255.4994487833198
  0
XRECORD
  5
37C
102
{ACAD_REACTORS
330
37A
102
}
330
37A
100
AcDbXrecord
280
     1
270
     1
271
     1
  0
XRECORD
  5
37B
102
{ACAD_REACTORS
330
37A
102
}
330
37A
100
AcDbXrecord
280
     1
270
     1
271
     1
  0
XRECORD
  5
37F
102
{ACAD_REACTORS
330
37A
102
}
330
37A
100
AcDbXrecord
280
     1
270
     1
271
     1
  0
XRECORD
  5
37E
102
{ACAD_REACTORS
330
37A
102
}
330
37A
100
AcDbXrecord
280
     1
270
     1
271
     1
  0
XRECORD
  5
380
102
{ACAD_REACTORS
330
37A
102
}
330
37A
100
AcDbXrecord
280
     1
270
     1
271
     1
  0
XRECORD
  5
37D
102
{ACAD_REACTORS
330
37A
102
}
330
37A
100
AcDbXrecord
280
     1
270
     1
271
     1
  0
XRECORD
  5
374
102
{ACAD_REACTORS
330
372
102
}
330
372
100
AcDbXrecord
280
     1
270
     1
271
     1
  0
XRECORD
  5
373
102
{ACAD_REACTORS
330
372
102
}
330
372
100
AcDbXrecord
280
     1
270
     1
271
     1
  0
XRECORD
  5
377
102
{ACAD_REACTORS
330
372
102
}
330
372
100
AcDbXrecord
280
     1
270
     1
271
     1
  0
XRECORD
  5
376
102
{ACAD_REACTORS
330
372
102
}
330
372
100
AcDbXrecord
280
     1
270
     1
271
     1
  0
XRECORD
  5
378
102
{ACAD_REACTORS
330
372
102
}
330
372
100
AcDbXrecord
280
     1
270
     1
271
     1
  0
XRECORD
  5
375
102
{ACAD_REACTORS
330
372
102
}
330
372
100
AcDbXrecord
280
     1
270
     1
271
     1
  0
XRECORD
  5
384
102
{ACAD_REACTORS
330
382
102
}
330
382
100
AcDbXrecord
280
     1
270
     1
271
     1
  0
XRECORD
  5
383
102
{ACAD_REACTORS
330
382
102
}
330
382
100
AcDbXrecord
280
     1
270
     1
271
     1
  0
XRECORD
  5
387
102
{ACAD_REACTORS
330
382
102
}
330
382
100
AcDbXrecord
280
     1
270
     1
271
     1
  0
XRECORD
  5
386
102
{ACAD_REACTORS
330
382
102
}
330
382
100
AcDbXrecord
280
     1
270
     1
271
     1
  0
XRECORD
  5
388
102
{ACAD_REACTORS
330
382
102
}
330
382
100
AcDbXrecord
280
     1
270
     1
271
     1
  0
XRECORD
  5
385
102
{ACAD_REACTORS
330
382
102
}
330
382
100
AcDbXrecord
280
     1
270
     1
271
     1
  0
XRECORD
  5
27C1
102
{ACAD_REACTORS
330
27C0
102
}
330
27C0
100
AcDbXrecord
280
     1
102
DISPLAYNAME
  1
Metric50
102
FLAGS
 90
        0
  0
CELLSTYLEMAP
  5
278D
102
{ACAD_REACTORS
330
79A
102
}
330
79A
100
AcDbCellStyleMap
 90
        3
300
CELLSTYLE
  1
TABLEFORMAT_BEGIN
 90
        5
170
     1
 91
        0
 92
    32768
 62
   257
 93
        1
300
CONTENTFORMAT
  1
CONTENTFORMAT_BEGIN
 90
        0
 91
        0
 92
      512
 93
        0
300

 40
0.0
140
1.0
 94
        1
 62
     0
340
11
144
0.18
309
CONTENTFORMAT_END
171
     1
301
MARGIN
  1
CELLMARGIN_BEGIN
 40
1.75
 40
1.75
 40
1.75
 40
1.75
 40
0.18
 40
0.18
309
CELLMARGIN_END
 94
        6
 95
        1
302
GRIDFORMAT
  1
GRIDFORMAT_BEGIN
 90
        0
 91
        1
 62
     0
 92
       -2
340
0
 93
        0
 40
0.045
309
GRIDFORMAT_END
 95
        2
302
GRIDFORMAT
  1
GRIDFORMAT_BEGIN
 90
        0
 91
        1
 62
     0
 92
       -2
340
0
 93
        0
 40
0.045
309
GRIDFORMAT_END
 95
        4
302
GRIDFORMAT
  1
GRIDFORMAT_BEGIN
 90
        0
 91
        1
 62
     0
 92
       -2
340
0
 93
        0
 40
0.045
309
GRIDFORMAT_END
 95
        8
302
GRIDFORMAT
  1
GRIDFORMAT_BEGIN
 90
        0
 91
        1
 62
     0
 92
       -2
340
0
 93
        0
 40
0.045
309
GRIDFORMAT_END
 95
       16
302
GRIDFORMAT
  1
GRIDFORMAT_BEGIN
 90
        0
 91
        1
 62
     0
 92
       -2
340
0
 93
        0
 40
0.045
309
GRIDFORMAT_END
 95
       32
302
GRIDFORMAT
  1
GRIDFORMAT_BEGIN
 90
        0
 91
        1
 62
     0
 92
       -2
340
0
 93
        0
 40
0.045
309
GRIDFORMAT_END
309
TABLEFORMAT_END
  1
CELLSTYLE_BEGIN
 90
        1
 91
        1
300
_TITLE
309
CELLSTYLE_END
300
CELLSTYLE
  1
TABLEFORMAT_BEGIN
 90
        5
170
     1
 91
        0
 92
        0
 62
   257
 93
        1
300
CONTENTFORMAT
  1
CONTENTFORMAT_BEGIN
 90
        0
 91
        0
 92
      512
 93
        0
300

 40
0.0
140
1.0
 94
        1
 62
     0
340
11
144
0.18
309
CONTENTFORMAT_END
171
     1
301
MARGIN
  1
CELLMARGIN_BEGIN
 40
1.75
 40
1.75
 40
1.75
 40
1.75
 40
0.18
 40
0.18
309
CELLMARGIN_END
 94
        6
 95
        1
302
GRIDFORMAT
  1
GRIDFORMAT_BEGIN
 90
        0
 91
        1
 62
     0
 92
       -2
340
0
 93
        0
 40
0.045
309
GRIDFORMAT_END
 95
        2
302
GRIDFORMAT
  1
GRIDFORMAT_BEGIN
 90
        0
 91
        1
 62
     0
 92
       -2
340
0
 93
        0
 40
0.045
309
GRIDFORMAT_END
 95
        4
302
GRIDFORMAT
  1
GRIDFORMAT_BEGIN
 90
        0
 91
        1
 62
     0
 92
       -2
340
0
 93
        0
 40
0.045
309
GRIDFORMAT_END
 95
        8
302
GRIDFORMAT
  1
GRIDFORMAT_BEGIN
 90
        0
 91
        1
 62
     0
 92
       -2
340
0
 93
        0
 40
0.045
309
GRIDFORMAT_END
 95
       16
302
GRIDFORMAT
  1
GRIDFORMAT_BEGIN
 90
        0
 91
        1
 62
     0
 92
       -2
340
0
 93
        0
 40
0.045
309
GRIDFORMAT_END
 95
       32
302
GRIDFORMAT
  1
GRIDFORMAT_BEGIN
 90
        0
 91
        1
 62
     0
 92
       -2
340
0
 93
        0
 40
0.045
309
GRIDFORMAT_END
309
TABLEFORMAT_END
  1
CELLSTYLE_BEGIN
 90
        2
 91
        1
300
_HEADER
309
CELLSTYLE_END
300
CELLSTYLE
  1
TABLEFORMAT_BEGIN
 90
        5
170
     1
 91
        0
 92
        0
 62
   257
 93
        1
300
CONTENTFORMAT
  1
CONTENTFORMAT_BEGIN
 90
        0
 91
        0
 92
      512
 93
        0
300

 40
0.0
140
1.0
 94
        1
 62
     0
340
11
144
0.18
309
CONTENTFORMAT_END
171
     1
301
MARGIN
  1
CELLMARGIN_BEGIN
 40
1.75
 40
1.75
 40
1.75
 40
1.75
 40
0.18
 40
0.18
309
CELLMARGIN_END
 94
        6
 95
        1
302
GRIDFORMAT
  1
GRIDFORMAT_BEGIN
 90
        0
 91
        1
 62
     0
 92
       -2
340
0
 93
        0
 40
0.045
309
GRIDFORMAT_END
 95
        2
302
GRIDFORMAT
  1
GRIDFORMAT_BEGIN
 90
        0
 91
        1
 62
     0
 92
       -2
340
0
 93
        0
 40
0.045
309
GRIDFORMAT_END
 95
        4
302
GRIDFORMAT
  1
GRIDFORMAT_BEGIN
 90
        0
 91
        1
 62
     0
 92
       -2
340
0
 93
        0
 40
0.045
309
GRIDFORMAT_END
 95
        8
302
GRIDFORMAT
  1
GRIDFORMAT_BEGIN
 90
        0
 91
        1
 62
     0
 92
       -2
340
0
 93
        0
 40
0.045
309
GRIDFORMAT_END
 95
       16
302
GRIDFORMAT
  1
GRIDFORMAT_BEGIN
 90
        0
 91
        1
 62
     0
 92
       -2
340
0
 93
        0
 40
0.045
309
GRIDFORMAT_END
 95
       32
302
GRIDFORMAT
  1
GRIDFORMAT_BEGIN
 90
        0
 91
        1
 62
     0
 92
       -2
340
0
 93
        0
 40
0.045
309
GRIDFORMAT_END
309
TABLEFORMAT_END
  1
CELLSTYLE_BEGIN
 90
        3
 91
        2
300
_DATA
309
CELLSTYLE_END
  0
CELLSTYLEMAP
  5
278E
102
{ACAD_REACTORS
330
79C
102
}
330
79C
100
AcDbCellStyleMap
 90
        3
300
CELLSTYLE
  1
TABLEFORMAT_BEGIN
 90
        5
170
     1
 91
        0
 92
    32768
 62
   257
 93
        1
300
CONTENTFORMAT
  1
CONTENTFORMAT_BEGIN
 90
        0
 91
        0
 92
      512
 93
        0
300

 40
0.0
140
1.0
 94
        1
 62
     0
340
11
144
0.18
309
CONTENTFORMAT_END
171
     1
301
MARGIN
  1
CELLMARGIN_BEGIN
 40
1.75
 40
1.75
 40
1.75
 40
1.75
 40
0.18
 40
0.18
309
CELLMARGIN_END
 94
        6
 95
        1
302
GRIDFORMAT
  1
GRIDFORMAT_BEGIN
 90
        0
 91
        1
 62
     0
 92
       -2
340
0
 93
        0
 40
0.045
309
GRIDFORMAT_END
 95
        2
302
GRIDFORMAT
  1
GRIDFORMAT_BEGIN
 90
        0
 91
        1
 62
     0
 92
       -2
340
0
 93
        0
 40
0.045
309
GRIDFORMAT_END
 95
        4
302
GRIDFORMAT
  1
GRIDFORMAT_BEGIN
 90
        0
 91
        1
 62
     0
 92
       -2
340
0
 93
        0
 40
0.045
309
GRIDFORMAT_END
 95
        8
302
GRIDFORMAT
  1
GRIDFORMAT_BEGIN
 90
        0
 91
        1
 62
     0
 92
       -2
340
0
 93
        0
 40
0.045
309
GRIDFORMAT_END
 95
       16
302
GRIDFORMAT
  1
GRIDFORMAT_BEGIN
 90
        0
 91
        1
 62
     0
 92
       -2
340
0
 93
        0
 40
0.045
309
GRIDFORMAT_END
 95
       32
302
GRIDFORMAT
  1
GRIDFORMAT_BEGIN
 90
        0
 91
        1
 62
     0
 92
       -2
340
0
 93
        0
 40
0.045
309
GRIDFORMAT_END
309
TABLEFORMAT_END
  1
CELLSTYLE_BEGIN
 90
        1
 91
        1
300
_TITLE
309
CELLSTYLE_END
300
CELLSTYLE
  1
TABLEFORMAT_BEGIN
 90
        5
170
     1
 91
        0
 92
        0
 62
   257
 93
        1
300
CONTENTFORMAT
  1
CONTENTFORMAT_BEGIN
 90
        0
 91
        0
 92
      512
 93
        0
300

 40
0.0
140
1.0
 94
        1
 62
     0
340
11
144
0.18
309
CONTENTFORMAT_END
171
     1
301
MARGIN
  1
CELLMARGIN_BEGIN
 40
1.75
 40
1.75
 40
1.75
 40
1.75
 40
0.18
 40
0.18
309
CELLMARGIN_END
 94
        6
 95
        1
302
GRIDFORMAT
  1
GRIDFORMAT_BEGIN
 90
        0
 91
        1
 62
     0
 92
       -2
340
0
 93
        0
 40
0.045
309
GRIDFORMAT_END
 95
        2
302
GRIDFORMAT
  1
GRIDFORMAT_BEGIN
 90
        0
 91
        1
 62
     0
 92
       -2
340
0
 93
        0
 40
0.045
309
GRIDFORMAT_END
 95
        4
302
GRIDFORMAT
  1
GRIDFORMAT_BEGIN
 90
        0
 91
        1
 62
     0
 92
       -2
340
0
 93
        0
 40
0.045
309
GRIDFORMAT_END
 95
        8
302
GRIDFORMAT
  1
GRIDFORMAT_BEGIN
 90
        0
 91
        1
 62
     0
 92
       -2
340
0
 93
        0
 40
0.045
309
GRIDFORMAT_END
 95
       16
302
GRIDFORMAT
  1
GRIDFORMAT_BEGIN
 90
        0
 91
        1
 62
     0
 92
       -2
340
0
 93
        0
 40
0.045
309
GRIDFORMAT_END
 95
       32
302
GRIDFORMAT
  1
GRIDFORMAT_BEGIN
 90
        0
 91
        1
 62
     0
 92
       -2
340
0
 93
        0
 40
0.045
309
GRIDFORMAT_END
309
TABLEFORMAT_END
  1
CELLSTYLE_BEGIN
 90
        2
 91
        1
300
_HEADER
309
CELLSTYLE_END
300
CELLSTYLE
  1
TABLEFORMAT_BEGIN
 90
        5
170
     1
 91
        0
 92
        0
 62
   257
 93
        1
300
CONTENTFORMAT
  1
CONTENTFORMAT_BEGIN
 90
        0
 91
        0
 92
      512
 93
        0
300

 40
0.0
140
1.0
 94
        1
 62
     0
340
11
144
0.18
309
CONTENTFORMAT_END
171
     1
301
MARGIN
  1
CELLMARGIN_BEGIN
 40
1.75
 40
1.75
 40
1.75
 40
1.75
 40
0.18
 40
0.18
309
CELLMARGIN_END
 94
        6
 95
        1
302
GRIDFORMAT
  1
GRIDFORMAT_BEGIN
 90
        0
 91
        1
 62
     0
 92
       -2
340
0
 93
        0
 40
0.045
309
GRIDFORMAT_END
 95
        2
302
GRIDFORMAT
  1
GRIDFORMAT_BEGIN
 90
        0
 91
        1
 62
     0
 92
       -2
340
0
 93
        0
 40
0.045
309
GRIDFORMAT_END
 95
        4
302
GRIDFORMAT
  1
GRIDFORMAT_BEGIN
 90
        0
 91
        1
 62
     0
 92
       -2
340
0
 93
        0
 40
0.045
309
GRIDFORMAT_END
 95
        8
302
GRIDFORMAT
  1
GRIDFORMAT_BEGIN
 90
        0
 91
        1
 62
     0
 92
       -2
340
0
 93
        0
 40
0.045
309
GRIDFORMAT_END
 95
       16
302
GRIDFORMAT
  1
GRIDFORMAT_BEGIN
 90
        0
 91
        1
 62
     0
 92
       -2
340
0
 93
        0
 40
0.045
309
GRIDFORMAT_END
 95
       32
302
GRIDFORMAT
  1
GRIDFORMAT_BEGIN
 90
        0
 91
        1
 62
     0
 92
       -2
340
0
 93
        0
 40
0.045
309
GRIDFORMAT_END
309
TABLEFORMAT_END
  1
CELLSTYLE_BEGIN
 90
        3
 91
        2
300
_DATA
309
CELLSTYLE_END
  0
XRECORD
  5
279B
102
{ACAD_REACTORS
330
279A
102
}
330
279A
100
AcDbXrecord
280
     1
102
RTVSPost2010Prop28
280
     1
102
RTVSPost2010PropOp28
 70
     1
102
RTVSPost2010Prop29
280
     1
102
RTVSPost2010PropOp29
 70
     1
102
RTVSPost2010Prop30
280
     0
102
RTVSPost2010PropOp30
 70
     1
102
RTVSPost2010Prop31
280
     0
102
RTVSPost2010PropOp31
 70
     1
102
RTVSPost2010Prop32
280
     0
102
RTVSPost2010PropOp32
 70
     1
102
RTVSPost2010Prop33
280
     0
102
RTVSPost2010PropOp33
 70
     1
102
RTVSPost2010Prop34
280
     0
102
RTVSPost2010PropOp34
 70
     1
102
RTVSPost2010Prop35
280
     0
102
RTVSPost2010PropOp35
 70
     1
102
RTVSPost2010Prop36
280
     0
102
RTVSPost2010PropOp36
 70
     1
102
RTVSPost2010Prop37
 90
       50
102
RTVSPost2010PropOp37
 70
     1
102
RTVSPost2010Prop38
140
0.0
102
RTVSPost2010PropOp38
 70
     1
102
RTVSPost2010Prop39
140
1.0
102
RTVSPost2010PropOp39
 70
     1
102
RTVSPost2010Prop40
 90
        0
102
RTVSPost2010PropOp40
 70
     1
102
RTVSPost2010Prop41ColorIndex
 90
       18
102
RTVSPost2010Prop41ColorRGB
 90
        0
102
RTVSPost2010PropOp41
 70
     1
102
RTVSPost2010Prop42
 90
       50
102
RTVSPost2010PropOp42
 70
     1
102
RTVSPost2010Prop43
 90
        3
102
RTVSPost2010PropOp43
 70
     1
102
RTVSPost2010Prop44ColorIndex
 90
        5
102
RTVSPost2010Prop44ColorRGB
 90
      255
102
RTVSPost2010PropOp44
 70
     1
102
RTVSPost2010Prop45
280
     0
102
RTVSPost2010PropOp45
 70
     1
102
RTVSPost2010Prop46
 90
       50
102
RTVSPost2010PropOp46
 70
     1
102
RTVSPost2010Prop47
 90
       50
102
RTVSPost2010PropOp47
 70
     1
102
RTVSPost2010Prop48
 90
       50
102
RTVSPost2010PropOp48
 70
     1
102
RTVSPost2010Prop49
280
     0
102
RTVSPost2010PropOp49
 70
     1
102
RTVSPost2010Prop50
 90
       50
102
RTVSPost2010PropOp50
 70
     1
102
RTVSPost2010Prop51ColorIndex
 90
      256
102
RTVSPost2010Prop51ColorRGB
 90
-16777216
102
RTVSPost2010PropOp51
 70
     0
102
RTVSPost2010Prop52
140
1.0
102
RTVSPost2010PropOp52
 70
     0
102
RTVSPost2010Prop53
 90
        2
102
RTVSPost2010PropOp53
 70
     1
102
RTVSPost2010Prop54
  1
strokes_ogs.tif
102
RTVSPost2010PropOp54
 70
     1
102
RTVSPost2010Prop55
280
     0
102
RTVSPost2010PropOp55
 70
     1
102
RTVSPost2010Prop56
140
1.0
102
RTVSPost2010PropOp56
 70
     1
102
RTVSPost2010Prop57
140
1.0
102
RTVSPost2010PropOp57
 70
     1
  0
XRECORD
  5
2799
102
{ACAD_REACTORS
330
2798
102
}
330
2798
100
AcDbXrecord
280
     1
102
RTVSPost2010Prop28
280
     0
102
RTVSPost2010PropOp28
 70
     1
102
RTVSPost2010Prop29
280
     1
102
RTVSPost2010PropOp29
 70
     1
102
RTVSPost2010Prop30
280
     1
102
RTVSPost2010PropOp30
 70
     1
102
RTVSPost2010Prop31
280
     0
102
RTVSPost2010PropOp31
 70
     1
102
RTVSPost2010Prop32
280
     0
102
RTVSPost2010PropOp32
 70
     1
102
RTVSPost2010Prop33
280
     0
102
RTVSPost2010PropOp33
 70
     1
102
RTVSPost2010Prop34
280
     0
102
RTVSPost2010PropOp34
 70
     1
102
RTVSPost2010Prop35
280
     0
102
RTVSPost2010PropOp35
 70
     1
102
RTVSPost2010Prop36
280
     0
102
RTVSPost2010PropOp36
 70
     1
102
RTVSPost2010Prop37
 90
       50
102
RTVSPost2010PropOp37
 70
     1
102
RTVSPost2010Prop38
140
0.0
102
RTVSPost2010PropOp38
 70
     1
102
RTVSPost2010Prop39
140
1.0
102
RTVSPost2010PropOp39
 70
     1
102
RTVSPost2010Prop40
 90
        0
102
RTVSPost2010PropOp40
 70
     1
102
RTVSPost2010Prop41ColorIndex
 90
       18
102
RTVSPost2010Prop41ColorRGB
 90
        0
102
RTVSPost2010PropOp41
 70
     1
102
RTVSPost2010Prop42
 90
       50
102
RTVSPost2010PropOp42
 70
     1
102
RTVSPost2010Prop43
 90
        3
102
RTVSPost2010PropOp43
 70
     1
102
RTVSPost2010Prop44ColorIndex
 90
        5
102
RTVSPost2010Prop44ColorRGB
 90
      255
102
RTVSPost2010PropOp44
 70
     1
102
RTVSPost2010Prop45
280
     0
102
RTVSPost2010PropOp45
 70
     1
102
RTVSPost2010Prop46
 90
       50
102
RTVSPost2010PropOp46
 70
     1
102
RTVSPost2010Prop47
 90
       50
102
RTVSPost2010PropOp47
 70
     1
102
RTVSPost2010Prop48
 90
       50
102
RTVSPost2010PropOp48
 70
     1
102
RTVSPost2010Prop49
280
     0
102
RTVSPost2010PropOp49
 70
     1
102
RTVSPost2010Prop50
 90
       50
102
RTVSPost2010PropOp50
 70
     1
102
RTVSPost2010Prop51ColorIndex
 90
      256
102
RTVSPost2010Prop51ColorRGB
 90
-16777216
102
RTVSPost2010PropOp51
 70
     0
102
RTVSPost2010Prop52
140
1.0
102
RTVSPost2010PropOp52
 70
     0
102
RTVSPost2010Prop53
 90
        2
102
RTVSPost2010PropOp53
 70
     1
102
RTVSPost2010Prop54
  1
strokes_ogs.tif
102
RTVSPost2010PropOp54
 70
     1
102
RTVSPost2010Prop55
280
     0
102
RTVSPost2010PropOp55
 70
     1
102
RTVSPost2010Prop56
140
1.0
102
RTVSPost2010PropOp56
 70
     1
102
RTVSPost2010Prop57
140
1.0
102
RTVSPost2010PropOp57
 70
     1
  0
XRECORD
  5
27A7
102
{ACAD_REACTORS
330
27A6
102
}
330
27A6
100
AcDbXrecord
280
     1
102
RTVSPost2010Prop28
280
     0
102
RTVSPost2010PropOp28
 70
     1
102
RTVSPost2010Prop29
280
     1
102
RTVSPost2010PropOp29
 70
     1
102
RTVSPost2010Prop30
280
     1
102
RTVSPost2010PropOp30
 70
     1
102
RTVSPost2010Prop31
280
     0
102
RTVSPost2010PropOp31
 70
     1
102
RTVSPost2010Prop32
280
     0
102
RTVSPost2010PropOp32
 70
     1
102
RTVSPost2010Prop33
280
     0
102
RTVSPost2010PropOp33
 70
     1
102
RTVSPost2010Prop34
280
     0
102
RTVSPost2010PropOp34
 70
     1
102
RTVSPost2010Prop35
280
     0
102
RTVSPost2010PropOp35
 70
     1
102
RTVSPost2010Prop36
280
     0
102
RTVSPost2010PropOp36
 70
     1
102
RTVSPost2010Prop37
 90
       50
102
RTVSPost2010PropOp37
 70
     1
102
RTVSPost2010Prop38
140
0.0
102
RTVSPost2010PropOp38
 70
     1
102
RTVSPost2010Prop39
140
1.0
102
RTVSPost2010PropOp39
 70
     1
102
RTVSPost2010Prop40
 90
        0
102
RTVSPost2010PropOp40
 70
     1
102
RTVSPost2010Prop41ColorIndex
 90
       18
102
RTVSPost2010Prop41ColorRGB
 90
        0
102
RTVSPost2010PropOp41
 70
     1
102
RTVSPost2010Prop42
 90
       50
102
RTVSPost2010PropOp42
 70
     1
102
RTVSPost2010Prop43
 90
        3
102
RTVSPost2010PropOp43
 70
     1
102
RTVSPost2010Prop44ColorIndex
 90
        5
102
RTVSPost2010Prop44ColorRGB
 90
      255
102
RTVSPost2010PropOp44
 70
     1
102
RTVSPost2010Prop45
280
     0
102
RTVSPost2010PropOp45
 70
     1
102
RTVSPost2010Prop46
 90
       50
102
RTVSPost2010PropOp46
 70
     1
102
RTVSPost2010Prop47
 90
       50
102
RTVSPost2010PropOp47
 70
     1
102
RTVSPost2010Prop48
 90
       50
102
RTVSPost2010PropOp48
 70
     1
102
RTVSPost2010Prop49
280
     0
102
RTVSPost2010PropOp49
 70
     1
102
RTVSPost2010Prop50
 90
       50
102
RTVSPost2010PropOp50
 70
     1
102
RTVSPost2010Prop51ColorIndex
 90
      256
102
RTVSPost2010Prop51ColorRGB
 90
-16777216
102
RTVSPost2010PropOp51
 70
     0
102
RTVSPost2010Prop52
140
1.0
102
RTVSPost2010PropOp52
 70
     0
102
RTVSPost2010Prop53
 90
        2
102
RTVSPost2010PropOp53
 70
     1
102
RTVSPost2010Prop54
  1
strokes_ogs.tif
102
RTVSPost2010PropOp54
 70
     1
102
RTVSPost2010Prop55
280
     0
102
RTVSPost2010PropOp55
 70
     1
102
RTVSPost2010Prop56
140
1.0
102
RTVSPost2010PropOp56
 70
     1
102
RTVSPost2010Prop57
140
1.0
102
RTVSPost2010PropOp57
 70
     1
  0
XRECORD
  5
27AF
102
{ACAD_REACTORS
330
27AE
102
}
330
27AE
100
AcDbXrecord
280
     1
102
RTVSPost2010Prop28
280
     0
102
RTVSPost2010PropOp28
 70
     1
102
RTVSPost2010Prop29
280
     1
102
RTVSPost2010PropOp29
 70
     1
102
RTVSPost2010Prop30
280
     1
102
RTVSPost2010PropOp30
 70
     1
102
RTVSPost2010Prop31
280
     0
102
RTVSPost2010PropOp31
 70
     1
102
RTVSPost2010Prop32
280
     0
102
RTVSPost2010PropOp32
 70
     1
102
RTVSPost2010Prop33
280
     0
102
RTVSPost2010PropOp33
 70
     1
102
RTVSPost2010Prop34
280
     0
102
RTVSPost2010PropOp34
 70
     1
102
RTVSPost2010Prop35
280
     0
102
RTVSPost2010PropOp35
 70
     1
102
RTVSPost2010Prop36
280
     0
102
RTVSPost2010PropOp36
 70
     1
102
RTVSPost2010Prop37
 90
       50
102
RTVSPost2010PropOp37
 70
     1
102
RTVSPost2010Prop38
140
0.0
102
RTVSPost2010PropOp38
 70
     1
102
RTVSPost2010Prop39
140
1.0
102
RTVSPost2010PropOp39
 70
     1
102
RTVSPost2010Prop40
 90
        0
102
RTVSPost2010PropOp40
 70
     1
102
RTVSPost2010Prop41ColorIndex
 90
       18
102
RTVSPost2010Prop41ColorRGB
 90
        0
102
RTVSPost2010PropOp41
 70
     1
102
RTVSPost2010Prop42
 90
       50
102
RTVSPost2010PropOp42
 70
     1
102
RTVSPost2010Prop43
 90
        3
102
RTVSPost2010PropOp43
 70
     1
102
RTVSPost2010Prop44ColorIndex
 90
        5
102
RTVSPost2010Prop44ColorRGB
 90
      255
102
RTVSPost2010PropOp44
 70
     1
102
RTVSPost2010Prop45
280
     0
102
RTVSPost2010PropOp45
 70
     1
102
RTVSPost2010Prop46
 90
       50
102
RTVSPost2010PropOp46
 70
     1
102
RTVSPost2010Prop47
 90
       50
102
RTVSPost2010PropOp47
 70
     1
102
RTVSPost2010Prop48
 90
       50
102
RTVSPost2010PropOp48
 70
     1
102
RTVSPost2010Prop49
280
     0
102
RTVSPost2010PropOp49
 70
     1
102
RTVSPost2010Prop50
 90
       50
102
RTVSPost2010PropOp50
 70
     1
102
RTVSPost2010Prop51ColorIndex
 90
      256
102
RTVSPost2010Prop51ColorRGB
 90
-16777216
102
RTVSPost2010PropOp51
 70
     0
102
RTVSPost2010Prop52
140
1.0
102
RTVSPost2010PropOp52
 70
     0
102
RTVSPost2010Prop53
 90
        2
102
RTVSPost2010PropOp53
 70
     1
102
RTVSPost2010Prop54
  1
strokes_ogs.tif
102
RTVSPost2010PropOp54
 70
     1
102
RTVSPost2010Prop55
280
     0
102
RTVSPost2010PropOp55
 70
     1
102
RTVSPost2010Prop56
140
1.0
102
RTVSPost2010PropOp56
 70
     1
102
RTVSPost2010Prop57
140
1.0
102
RTVSPost2010PropOp57
 70
     1
  0
XRECORD
  5
27A1
102
{ACAD_REACTORS
330
27A0
102
}
330
27A0
100
AcDbXrecord
280
     1
102
RTVSPost2010Prop28
280
     0
102
RTVSPost2010PropOp28
 70
     1
102
RTVSPost2010Prop29
280
     1
102
RTVSPost2010PropOp29
 70
     1
102
RTVSPost2010Prop30
280
     1
102
RTVSPost2010PropOp30
 70
     1
102
RTVSPost2010Prop31
280
     0
102
RTVSPost2010PropOp31
 70
     1
102
RTVSPost2010Prop32
280
     0
102
RTVSPost2010PropOp32
 70
     1
102
RTVSPost2010Prop33
280
     0
102
RTVSPost2010PropOp33
 70
     1
102
RTVSPost2010Prop34
280
     0
102
RTVSPost2010PropOp34
 70
     1
102
RTVSPost2010Prop35
280
     0
102
RTVSPost2010PropOp35
 70
     1
102
RTVSPost2010Prop36
280
     0
102
RTVSPost2010PropOp36
 70
     1
102
RTVSPost2010Prop37
 90
       50
102
RTVSPost2010PropOp37
 70
     1
102
RTVSPost2010Prop38
140
0.0
102
RTVSPost2010PropOp38
 70
     1
102
RTVSPost2010Prop39
140
1.0
102
RTVSPost2010PropOp39
 70
     1
102
RTVSPost2010Prop40
 90
        0
102
RTVSPost2010PropOp40
 70
     1
102
RTVSPost2010Prop41ColorIndex
 90
       18
102
RTVSPost2010Prop41ColorRGB
 90
        0
102
RTVSPost2010PropOp41
 70
     1
102
RTVSPost2010Prop42
 90
       50
102
RTVSPost2010PropOp42
 70
     1
102
RTVSPost2010Prop43
 90
        3
102
RTVSPost2010PropOp43
 70
     1
102
RTVSPost2010Prop44ColorIndex
 90
        5
102
RTVSPost2010Prop44ColorRGB
 90
      255
102
RTVSPost2010PropOp44
 70
     1
102
RTVSPost2010Prop45
280
     0
102
RTVSPost2010PropOp45
 70
     1
102
RTVSPost2010Prop46
 90
       50
102
RTVSPost2010PropOp46
 70
     1
102
RTVSPost2010Prop47
 90
       50
102
RTVSPost2010PropOp47
 70
     1
102
RTVSPost2010Prop48
 90
       50
102
RTVSPost2010PropOp48
 70
     1
102
RTVSPost2010Prop49
280
     0
102
RTVSPost2010PropOp49
 70
     1
102
RTVSPost2010Prop50
 90
       50
102
RTVSPost2010PropOp50
 70
     1
102
RTVSPost2010Prop51ColorIndex
 90
      256
102
RTVSPost2010Prop51ColorRGB
 90
-16777216
102
RTVSPost2010PropOp51
 70
     0
102
RTVSPost2010Prop52
140
1.0
102
RTVSPost2010PropOp52
 70
     0
102
RTVSPost2010Prop53
 90
        2
102
RTVSPost2010PropOp53
 70
     1
102
RTVSPost2010Prop54
  1
strokes_ogs.tif
102
RTVSPost2010PropOp54
 70
     1
102
RTVSPost2010Prop55
280
     0
102
RTVSPost2010PropOp55
 70
     1
102
RTVSPost2010Prop56
140
1.0
102
RTVSPost2010PropOp56
 70
     1
102
RTVSPost2010Prop57
140
1.0
102
RTVSPost2010PropOp57
 70
     1
  0
XRECORD
  5
27A5
102
{ACAD_REACTORS
330
27A4
102
}
330
27A4
100
AcDbXrecord
280
     1
102
RTVSPost2010Prop28
280
     0
102
RTVSPost2010PropOp28
 70
     1
102
RTVSPost2010Prop29
280
     1
102
RTVSPost2010PropOp29
 70
     1
102
RTVSPost2010Prop30
280
     1
102
RTVSPost2010PropOp30
 70
     1
102
RTVSPost2010Prop31
280
     0
102
RTVSPost2010PropOp31
 70
     1
102
RTVSPost2010Prop32
280
     0
102
RTVSPost2010PropOp32
 70
     1
102
RTVSPost2010Prop33
280
     0
102
RTVSPost2010PropOp33
 70
     1
102
RTVSPost2010Prop34
280
     0
102
RTVSPost2010PropOp34
 70
     1
102
RTVSPost2010Prop35
280
     0
102
RTVSPost2010PropOp35
 70
     1
102
RTVSPost2010Prop36
280
     0
102
RTVSPost2010PropOp36
 70
     1
102
RTVSPost2010Prop37
 90
       50
102
RTVSPost2010PropOp37
 70
     1
102
RTVSPost2010Prop38
140
0.0
102
RTVSPost2010PropOp38
 70
     1
102
RTVSPost2010Prop39
140
1.0
102
RTVSPost2010PropOp39
 70
     1
102
RTVSPost2010Prop40
 90
        0
102
RTVSPost2010PropOp40
 70
     1
102
RTVSPost2010Prop41ColorIndex
 90
       18
102
RTVSPost2010Prop41ColorRGB
 90
        0
102
RTVSPost2010PropOp41
 70
     1
102
RTVSPost2010Prop42
 90
       50
102
RTVSPost2010PropOp42
 70
     1
102
RTVSPost2010Prop43
 90
        3
102
RTVSPost2010PropOp43
 70
     1
102
RTVSPost2010Prop44ColorIndex
 90
        5
102
RTVSPost2010Prop44ColorRGB
 90
      255
102
RTVSPost2010PropOp44
 70
     1
102
RTVSPost2010Prop45
280
     0
102
RTVSPost2010PropOp45
 70
     1
102
RTVSPost2010Prop46
 90
       50
102
RTVSPost2010PropOp46
 70
     1
102
RTVSPost2010Prop47
 90
       50
102
RTVSPost2010PropOp47
 70
     1
102
RTVSPost2010Prop48
 90
       50
102
RTVSPost2010PropOp48
 70
     1
102
RTVSPost2010Prop49
280
     0
102
RTVSPost2010PropOp49
 70
     1
102
RTVSPost2010Prop50
 90
       50
102
RTVSPost2010PropOp50
 70
     1
102
RTVSPost2010Prop51ColorIndex
 90
      256
102
RTVSPost2010Prop51ColorRGB
 90
-16777216
102
RTVSPost2010PropOp51
 70
     0
102
RTVSPost2010Prop52
140
1.0
102
RTVSPost2010PropOp52
 70
     0
102
RTVSPost2010Prop53
 90
        2
102
RTVSPost2010PropOp53
 70
     1
102
RTVSPost2010Prop54
  1
strokes_ogs.tif
102
RTVSPost2010PropOp54
 70
     1
102
RTVSPost2010Prop55
280
     0
102
RTVSPost2010PropOp55
 70
     1
102
RTVSPost2010Prop56
140
1.0
102
RTVSPost2010PropOp56
 70
     1
102
RTVSPost2010Prop57
140
1.0
102
RTVSPost2010PropOp57
 70
     1
  0
XRECORD
  5
27BF
102
{ACAD_REACTORS
330
27BE
102
}
330
27BE
100
AcDbXrecord
280
     1
102
RTVSPost2010Prop28
280
     0
102
RTVSPost2010PropOp28
 70
     1
102
RTVSPost2010Prop29
280
     1
102
RTVSPost2010PropOp29
 70
     1
102
RTVSPost2010Prop30
280
     1
102
RTVSPost2010PropOp30
 70
     1
102
RTVSPost2010Prop31
280
     0
102
RTVSPost2010PropOp31
 70
     1
102
RTVSPost2010Prop32
280
     0
102
RTVSPost2010PropOp32
 70
     1
102
RTVSPost2010Prop33
280
     0
102
RTVSPost2010PropOp33
 70
     1
102
RTVSPost2010Prop34
280
     0
102
RTVSPost2010PropOp34
 70
     1
102
RTVSPost2010Prop35
280
     0
102
RTVSPost2010PropOp35
 70
     1
102
RTVSPost2010Prop36
280
     0
102
RTVSPost2010PropOp36
 70
     1
102
RTVSPost2010Prop37
 90
       50
102
RTVSPost2010PropOp37
 70
     0
102
RTVSPost2010Prop38
140
0.0
102
RTVSPost2010PropOp38
 70
     0
102
RTVSPost2010Prop39
140
1.0
102
RTVSPost2010PropOp39
 70
     0
102
RTVSPost2010Prop40
 90
        0
102
RTVSPost2010PropOp40
 70
     0
102
RTVSPost2010Prop41ColorIndex
 90
       18
102
RTVSPost2010Prop41ColorRGB
 90
        0
102
RTVSPost2010PropOp41
 70
     0
102
RTVSPost2010Prop42
 90
       50
102
RTVSPost2010PropOp42
 70
     0
102
RTVSPost2010Prop43
 90
        3
102
RTVSPost2010PropOp43
 70
     0
102
RTVSPost2010Prop44ColorIndex
 90
        5
102
RTVSPost2010Prop44ColorRGB
 90
      255
102
RTVSPost2010PropOp44
 70
     0
102
RTVSPost2010Prop45
280
     0
102
RTVSPost2010PropOp45
 70
     1
102
RTVSPost2010Prop46
 90
       50
102
RTVSPost2010PropOp46
 70
     0
102
RTVSPost2010Prop47
 90
       50
102
RTVSPost2010PropOp47
 70
     0
102
RTVSPost2010Prop48
 90
       50
102
RTVSPost2010PropOp48
 70
     0
102
RTVSPost2010Prop49
280
     0
102
RTVSPost2010PropOp49
 70
     1
102
RTVSPost2010Prop50
 90
       50
102
RTVSPost2010PropOp50
 70
     0
102
RTVSPost2010Prop51ColorIndex
 90
      256
102
RTVSPost2010Prop51ColorRGB
 90
-16777216
102
RTVSPost2010PropOp51
 70
     0
102
RTVSPost2010Prop52
140
1.0
102
RTVSPost2010PropOp52
 70
     0
102
RTVSPost2010Prop53
 90
        2
102
RTVSPost2010PropOp53
 70
     0
102
RTVSPost2010Prop54
  1
strokes_ogs.tif
102
RTVSPost2010PropOp54
 70
     0
102
RTVSPost2010Prop55
280
     0
102
RTVSPost2010PropOp55
 70
     1
102
RTVSPost2010Prop56
140
1.0
102
RTVSPost2010PropOp56
 70
     0
102
RTVSPost2010Prop57
140
1.0
102
RTVSPost2010PropOp57
 70
     0
  0
XRECORD
  5
27AD
102
{ACAD_REACTORS
330
27AC
102
}
330
27AC
100
AcDbXrecord
280
     1
102
RTVSPost2010Prop28
280
     0
102
RTVSPost2010PropOp28
 70
     1
102
RTVSPost2010Prop29
280
     1
102
RTVSPost2010PropOp29
 70
     1
102
RTVSPost2010Prop30
280
     1
102
RTVSPost2010PropOp30
 70
     1
102
RTVSPost2010Prop31
280
     0
102
RTVSPost2010PropOp31
 70
     1
102
RTVSPost2010Prop32
280
     0
102
RTVSPost2010PropOp32
 70
     1
102
RTVSPost2010Prop33
280
     0
102
RTVSPost2010PropOp33
 70
     1
102
RTVSPost2010Prop34
280
     0
102
RTVSPost2010PropOp34
 70
     1
102
RTVSPost2010Prop35
280
     0
102
RTVSPost2010PropOp35
 70
     1
102
RTVSPost2010Prop36
280
     0
102
RTVSPost2010PropOp36
 70
     1
102
RTVSPost2010Prop37
 90
       50
102
RTVSPost2010PropOp37
 70
     1
102
RTVSPost2010Prop38
140
0.0
102
RTVSPost2010PropOp38
 70
     1
102
RTVSPost2010Prop39
140
1.0
102
RTVSPost2010PropOp39
 70
     1
102
RTVSPost2010Prop40
 90
        0
102
RTVSPost2010PropOp40
 70
     1
102
RTVSPost2010Prop41ColorIndex
 90
       18
102
RTVSPost2010Prop41ColorRGB
 90
        0
102
RTVSPost2010PropOp41
 70
     1
102
RTVSPost2010Prop42
 90
       50
102
RTVSPost2010PropOp42
 70
     1
102
RTVSPost2010Prop43
 90
        3
102
RTVSPost2010PropOp43
 70
     1
102
RTVSPost2010Prop44ColorIndex
 90
        5
102
RTVSPost2010Prop44ColorRGB
 90
      255
102
RTVSPost2010PropOp44
 70
     1
102
RTVSPost2010Prop45
280
     0
102
RTVSPost2010PropOp45
 70
     1
102
RTVSPost2010Prop46
 90
       50
102
RTVSPost2010PropOp46
 70
     1
102
RTVSPost2010Prop47
 90
       50
102
RTVSPost2010PropOp47
 70
     1
102
RTVSPost2010Prop48
 90
       50
102
RTVSPost2010PropOp48
 70
     1
102
RTVSPost2010Prop49
280
     0
102
RTVSPost2010PropOp49
 70
     1
102
RTVSPost2010Prop50
 90
       50
102
RTVSPost2010PropOp50
 70
     1
102
RTVSPost2010Prop51ColorIndex
 90
      256
102
RTVSPost2010Prop51ColorRGB
 90
-16777216
102
RTVSPost2010PropOp51
 70
     0
102
RTVSPost2010Prop52
140
1.0
102
RTVSPost2010PropOp52
 70
     0
102
RTVSPost2010Prop53
 90
        2
102
RTVSPost2010PropOp53
 70
     1
102
RTVSPost2010Prop54
  1
strokes_ogs.tif
102
RTVSPost2010PropOp54
 70
     1
102
RTVSPost2010Prop55
280
     0
102
RTVSPost2010PropOp55
 70
     1
102
RTVSPost2010Prop56
140
1.0
102
RTVSPost2010PropOp56
 70
     1
102
RTVSPost2010Prop57
140
1.0
102
RTVSPost2010PropOp57
 70
     1
  0
XRECORD
  5
2791
102
{ACAD_REACTORS
330
2790
102
}
330
2790
100
AcDbXrecord
280
     1
102
RTVSPost2010Prop28
280
     0
102
RTVSPost2010PropOp28
 70
     1
102
RTVSPost2010Prop29
280
     1
102
RTVSPost2010PropOp29
 70
     1
102
RTVSPost2010Prop30
280
     1
102
RTVSPost2010PropOp30
 70
     1
102
RTVSPost2010Prop31
280
     0
102
RTVSPost2010PropOp31
 70
     1
102
RTVSPost2010Prop32
280
     0
102
RTVSPost2010PropOp32
 70
     1
102
RTVSPost2010Prop33
280
     0
102
RTVSPost2010PropOp33
 70
     1
102
RTVSPost2010Prop34
280
     0
102
RTVSPost2010PropOp34
 70
     1
102
RTVSPost2010Prop35
280
     0
102
RTVSPost2010PropOp35
 70
     1
102
RTVSPost2010Prop36
280
     0
102
RTVSPost2010PropOp36
 70
     1
102
RTVSPost2010Prop37
 90
       50
102
RTVSPost2010PropOp37
 70
     1
102
RTVSPost2010Prop38
140
0.0
102
RTVSPost2010PropOp38
 70
     1
102
RTVSPost2010Prop39
140
1.0
102
RTVSPost2010PropOp39
 70
     1
102
RTVSPost2010Prop40
 90
        0
102
RTVSPost2010PropOp40
 70
     1
102
RTVSPost2010Prop41ColorIndex
 90
       18
102
RTVSPost2010Prop41ColorRGB
 90
        0
102
RTVSPost2010PropOp41
 70
     1
102
RTVSPost2010Prop42
 90
       50
102
RTVSPost2010PropOp42
 70
     1
102
RTVSPost2010Prop43
 90
        3
102
RTVSPost2010PropOp43
 70
     1
102
RTVSPost2010Prop44ColorIndex
 90
        5
102
RTVSPost2010Prop44ColorRGB
 90
      255
102
RTVSPost2010PropOp44
 70
     1
102
RTVSPost2010Prop45
280
     0
102
RTVSPost2010PropOp45
 70
     1
102
RTVSPost2010Prop46
 90
       50
102
RTVSPost2010PropOp46
 70
     1
102
RTVSPost2010Prop47
 90
       50
102
RTVSPost2010PropOp47
 70
     1
102
RTVSPost2010Prop48
 90
       50
102
RTVSPost2010PropOp48
 70
     1
102
RTVSPost2010Prop49
280
     0
102
RTVSPost2010PropOp49
 70
     1
102
RTVSPost2010Prop50
 90
       50
102
RTVSPost2010PropOp50
 70
     1
102
RTVSPost2010Prop51ColorIndex
 90
      256
102
RTVSPost2010Prop51ColorRGB
 90
-16777216
102
RTVSPost2010PropOp51
 70
     0
102
RTVSPost2010Prop52
140
1.0
102
RTVSPost2010PropOp52
 70
     0
102
RTVSPost2010Prop53
 90
        2
102
RTVSPost2010PropOp53
 70
     1
102
RTVSPost2010Prop54
  1
strokes_ogs.tif
102
RTVSPost2010PropOp54
 70
     1
102
RTVSPost2010Prop55
280
     0
102
RTVSPost2010PropOp55
 70
     1
102
RTVSPost2010Prop56
140
1.0
102
RTVSPost2010PropOp56
 70
     1
102
RTVSPost2010Prop57
140
1.0
102
RTVSPost2010PropOp57
 70
     1
  0
XRECORD
  5
2793
102
{ACAD_REACTORS
330
2792
102
}
330
2792
100
AcDbXrecord
280
     1
102
RTVSPost2010Prop28
280
     0
102
RTVSPost2010PropOp28
 70
     1
102
RTVSPost2010Prop29
280
     1
102
RTVSPost2010PropOp29
 70
     1
102
RTVSPost2010Prop30
280
     1
102
RTVSPost2010PropOp30
 70
     1
102
RTVSPost2010Prop31
280
     0
102
RTVSPost2010PropOp31
 70
     1
102
RTVSPost2010Prop32
280
     0
102
RTVSPost2010PropOp32
 70
     1
102
RTVSPost2010Prop33
280
     0
102
RTVSPost2010PropOp33
 70
     1
102
RTVSPost2010Prop34
280
     0
102
RTVSPost2010PropOp34
 70
     1
102
RTVSPost2010Prop35
280
     0
102
RTVSPost2010PropOp35
 70
     1
102
RTVSPost2010Prop36
280
     0
102
RTVSPost2010PropOp36
 70
     1
102
RTVSPost2010Prop37
 90
       50
102
RTVSPost2010PropOp37
 70
     1
102
RTVSPost2010Prop38
140
0.0
102
RTVSPost2010PropOp38
 70
     1
102
RTVSPost2010Prop39
140
1.0
102
RTVSPost2010PropOp39
 70
     1
102
RTVSPost2010Prop40
 90
        0
102
RTVSPost2010PropOp40
 70
     1
102
RTVSPost2010Prop41ColorIndex
 90
       18
102
RTVSPost2010Prop41ColorRGB
 90
        0
102
RTVSPost2010PropOp41
 70
     1
102
RTVSPost2010Prop42
 90
       50
102
RTVSPost2010PropOp42
 70
     1
102
RTVSPost2010Prop43
 90
        3
102
RTVSPost2010PropOp43
 70
     1
102
RTVSPost2010Prop44ColorIndex
 90
        5
102
RTVSPost2010Prop44ColorRGB
 90
      255
102
RTVSPost2010PropOp44
 70
     1
102
RTVSPost2010Prop45
280
     0
102
RTVSPost2010PropOp45
 70
     1
102
RTVSPost2010Prop46
 90
       50
102
RTVSPost2010PropOp46
 70
     1
102
RTVSPost2010Prop47
 90
       50
102
RTVSPost2010PropOp47
 70
     1
102
RTVSPost2010Prop48
 90
       50
102
RTVSPost2010PropOp48
 70
     1
102
RTVSPost2010Prop49
280
     0
102
RTVSPost2010PropOp49
 70
     1
102
RTVSPost2010Prop50
 90
       50
102
RTVSPost2010PropOp50
 70
     1
102
RTVSPost2010Prop51ColorIndex
 90
      256
102
RTVSPost2010Prop51ColorRGB
 90
-16777216
102
RTVSPost2010PropOp51
 70
     0
102
RTVSPost2010Prop52
140
1.0
102
RTVSPost2010PropOp52
 70
     0
102
RTVSPost2010Prop53
 90
        2
102
RTVSPost2010PropOp53
 70
     1
102
RTVSPost2010Prop54
  1
strokes_ogs.tif
102
RTVSPost2010PropOp54
 70
     1
102
RTVSPost2010Prop55
280
     0
102
RTVSPost2010PropOp55
 70
     1
102
RTVSPost2010Prop56
140
1.0
102
RTVSPost2010PropOp56
 70
     1
102
RTVSPost2010Prop57
140
1.0
102
RTVSPost2010PropOp57
 70
     1
  0
XRECORD
  5
2795
102
{ACAD_REACTORS
330
2794
102
}
330
2794
100
AcDbXrecord
280
     1
102
RTVSPost2010Prop28
280
     0
102
RTVSPost2010PropOp28
 70
     1
102
RTVSPost2010Prop29
280
     1
102
RTVSPost2010PropOp29
 70
     1
102
RTVSPost2010Prop30
280
     1
102
RTVSPost2010PropOp30
 70
     1
102
RTVSPost2010Prop31
280
     0
102
RTVSPost2010PropOp31
 70
     1
102
RTVSPost2010Prop32
280
     0
102
RTVSPost2010PropOp32
 70
     1
102
RTVSPost2010Prop33
280
     0
102
RTVSPost2010PropOp33
 70
     1
102
RTVSPost2010Prop34
280
     0
102
RTVSPost2010PropOp34
 70
     1
102
RTVSPost2010Prop35
280
     0
102
RTVSPost2010PropOp35
 70
     1
102
RTVSPost2010Prop36
280
     0
102
RTVSPost2010PropOp36
 70
     1
102
RTVSPost2010Prop37
 90
       50
102
RTVSPost2010PropOp37
 70
     1
102
RTVSPost2010Prop38
140
0.0
102
RTVSPost2010PropOp38
 70
     1
102
RTVSPost2010Prop39
140
1.0
102
RTVSPost2010PropOp39
 70
     1
102
RTVSPost2010Prop40
 90
        0
102
RTVSPost2010PropOp40
 70
     1
102
RTVSPost2010Prop41ColorIndex
 90
       18
102
RTVSPost2010Prop41ColorRGB
 90
        0
102
RTVSPost2010PropOp41
 70
     1
102
RTVSPost2010Prop42
 90
       50
102
RTVSPost2010PropOp42
 70
     1
102
RTVSPost2010Prop43
 90
        3
102
RTVSPost2010PropOp43
 70
     1
102
RTVSPost2010Prop44ColorIndex
 90
        5
102
RTVSPost2010Prop44ColorRGB
 90
      255
102
RTVSPost2010PropOp44
 70
     1
102
RTVSPost2010Prop45
280
     0
102
RTVSPost2010PropOp45
 70
     1
102
RTVSPost2010Prop46
 90
       50
102
RTVSPost2010PropOp46
 70
     1
102
RTVSPost2010Prop47
 90
       50
102
RTVSPost2010PropOp47
 70
     1
102
RTVSPost2010Prop48
 90
       50
102
RTVSPost2010PropOp48
 70
     1
102
RTVSPost2010Prop49
280
     0
102
RTVSPost2010PropOp49
 70
     1
102
RTVSPost2010Prop50
 90
       50
102
RTVSPost2010PropOp50
 70
     1
102
RTVSPost2010Prop51ColorIndex
 90
      256
102
RTVSPost2010Prop51ColorRGB
 90
-16777216
102
RTVSPost2010PropOp51
 70
     0
102
RTVSPost2010Prop52
140
1.0
102
RTVSPost2010PropOp52
 70
     0
102
RTVSPost2010Prop53
 90
        2
102
RTVSPost2010PropOp53
 70
     1
102
RTVSPost2010Prop54
  1
strokes_ogs.tif
102
RTVSPost2010PropOp54
 70
     1
102
RTVSPost2010Prop55
280
     0
102
RTVSPost2010PropOp55
 70
     1
102
RTVSPost2010Prop56
140
1.0
102
RTVSPost2010PropOp56
 70
     1
102
RTVSPost2010Prop57
140
1.0
102
RTVSPost2010PropOp57
 70
     1
  0
XRECORD
  5
2797
102
{ACAD_REACTORS
330
2796
102
}
330
2796
100
AcDbXrecord
280
     1
102
RTVSPost2010Prop28
280
     0
102
RTVSPost2010PropOp28
 70
     1
102
RTVSPost2010Prop29
280
     1
102
RTVSPost2010PropOp29
 70
     1
102
RTVSPost2010Prop30
280
     1
102
RTVSPost2010PropOp30
 70
     1
102
RTVSPost2010Prop31
280
     0
102
RTVSPost2010PropOp31
 70
     1
102
RTVSPost2010Prop32
280
     0
102
RTVSPost2010PropOp32
 70
     1
102
RTVSPost2010Prop33
280
     0
102
RTVSPost2010PropOp33
 70
     1
102
RTVSPost2010Prop34
280
     0
102
RTVSPost2010PropOp34
 70
     1
102
RTVSPost2010Prop35
280
     0
102
RTVSPost2010PropOp35
 70
     1
102
RTVSPost2010Prop36
280
     0
102
RTVSPost2010PropOp36
 70
     1
102
RTVSPost2010Prop37
 90
       50
102
RTVSPost2010PropOp37
 70
     1
102
RTVSPost2010Prop38
140
0.0
102
RTVSPost2010PropOp38
 70
     1
102
RTVSPost2010Prop39
140
1.0
102
RTVSPost2010PropOp39
 70
     1
102
RTVSPost2010Prop40
 90
        0
102
RTVSPost2010PropOp40
 70
     1
102
RTVSPost2010Prop41ColorIndex
 90
       18
102
RTVSPost2010Prop41ColorRGB
 90
        0
102
RTVSPost2010PropOp41
 70
     1
102
RTVSPost2010Prop42
 90
       50
102
RTVSPost2010PropOp42
 70
     1
102
RTVSPost2010Prop43
 90
        3
102
RTVSPost2010PropOp43
 70
     1
102
RTVSPost2010Prop44ColorIndex
 90
        5
102
RTVSPost2010Prop44ColorRGB
 90
      255
102
RTVSPost2010PropOp44
 70
     1
102
RTVSPost2010Prop45
280
     0
102
RTVSPost2010PropOp45
 70
     1
102
RTVSPost2010Prop46
 90
       50
102
RTVSPost2010PropOp46
 70
     1
102
RTVSPost2010Prop47
 90
       50
102
RTVSPost2010PropOp47
 70
     1
102
RTVSPost2010Prop48
 90
       50
102
RTVSPost2010PropOp48
 70
     1
102
RTVSPost2010Prop49
280
     0
102
RTVSPost2010PropOp49
 70
     1
102
RTVSPost2010Prop50
 90
       50
102
RTVSPost2010PropOp50
 70
     1
102
RTVSPost2010Prop51ColorIndex
 90
      256
102
RTVSPost2010Prop51ColorRGB
 90
-16777216
102
RTVSPost2010PropOp51
 70
     0
102
RTVSPost2010Prop52
140
1.0
102
RTVSPost2010PropOp52
 70
     0
102
RTVSPost2010Prop53
 90
        2
102
RTVSPost2010PropOp53
 70
     1
102
RTVSPost2010Prop54
  1
strokes_ogs.tif
102
RTVSPost2010PropOp54
 70
     1
102
RTVSPost2010Prop55
280
     0
102
RTVSPost2010PropOp55
 70
     1
102
RTVSPost2010Prop56
140
1.0
102
RTVSPost2010PropOp56
 70
     1
102
RTVSPost2010Prop57
140
1.0
102
RTVSPost2010PropOp57
 70
     1
  0
XRECORD
  5
279F
102
{ACAD_REACTORS
330
279E
102
}
330
279E
100
AcDbXrecord
280
     1
102
RTVSPost2010Prop28
280
     0
102
RTVSPost2010PropOp28
 70
     1
102
RTVSPost2010Prop29
280
     1
102
RTVSPost2010PropOp29
 70
     1
102
RTVSPost2010Prop30
280
     1
102
RTVSPost2010PropOp30
 70
     1
102
RTVSPost2010Prop31
280
     0
102
RTVSPost2010PropOp31
 70
     1
102
RTVSPost2010Prop32
280
     0
102
RTVSPost2010PropOp32
 70
     1
102
RTVSPost2010Prop33
280
     0
102
RTVSPost2010PropOp33
 70
     1
102
RTVSPost2010Prop34
280
     0
102
RTVSPost2010PropOp34
 70
     1
102
RTVSPost2010Prop35
280
     0
102
RTVSPost2010PropOp35
 70
     1
102
RTVSPost2010Prop36
280
     0
102
RTVSPost2010PropOp36
 70
     1
102
RTVSPost2010Prop37
 90
       50
102
RTVSPost2010PropOp37
 70
     1
102
RTVSPost2010Prop38
140
0.0
102
RTVSPost2010PropOp38
 70
     1
102
RTVSPost2010Prop39
140
1.0
102
RTVSPost2010PropOp39
 70
     1
102
RTVSPost2010Prop40
 90
        0
102
RTVSPost2010PropOp40
 70
     1
102
RTVSPost2010Prop41ColorIndex
 90
       18
102
RTVSPost2010Prop41ColorRGB
 90
        0
102
RTVSPost2010PropOp41
 70
     1
102
RTVSPost2010Prop42
 90
       50
102
RTVSPost2010PropOp42
 70
     1
102
RTVSPost2010Prop43
 90
        3
102
RTVSPost2010PropOp43
 70
     1
102
RTVSPost2010Prop44ColorIndex
 90
        5
102
RTVSPost2010Prop44ColorRGB
 90
      255
102
RTVSPost2010PropOp44
 70
     1
102
RTVSPost2010Prop45
280
     0
102
RTVSPost2010PropOp45
 70
     1
102
RTVSPost2010Prop46
 90
       50
102
RTVSPost2010PropOp46
 70
     1
102
RTVSPost2010Prop47
 90
       50
102
RTVSPost2010PropOp47
 70
     1
102
RTVSPost2010Prop48
 90
       50
102
RTVSPost2010PropOp48
 70
     1
102
RTVSPost2010Prop49
280
     0
102
RTVSPost2010PropOp49
 70
     1
102
RTVSPost2010Prop50
 90
       50
102
RTVSPost2010PropOp50
 70
     1
102
RTVSPost2010Prop51ColorIndex
 90
      256
102
RTVSPost2010Prop51ColorRGB
 90
-16777216
102
RTVSPost2010PropOp51
 70
     0
102
RTVSPost2010Prop52
140
1.0
102
RTVSPost2010PropOp52
 70
     0
102
RTVSPost2010Prop53
 90
        2
102
RTVSPost2010PropOp53
 70
     1
102
RTVSPost2010Prop54
  1
strokes_ogs.tif
102
RTVSPost2010PropOp54
 70
     1
102
RTVSPost2010Prop55
280
     0
102
RTVSPost2010PropOp55
 70
     1
102
RTVSPost2010Prop56
140
1.0
102
RTVSPost2010PropOp56
 70
     1
102
RTVSPost2010Prop57
140
1.0
102
RTVSPost2010PropOp57
 70
     1
  0
XRECORD
  5
27BB
102
{ACAD_REACTORS
330
27BA
102
}
330
27BA
100
AcDbXrecord
280
     1
102
RTVSPost2010Prop28
280
     0
102
RTVSPost2010PropOp28
 70
     1
102
RTVSPost2010Prop29
280
     1
102
RTVSPost2010PropOp29
 70
     1
102
RTVSPost2010Prop30
280
     1
102
RTVSPost2010PropOp30
 70
     1
102
RTVSPost2010Prop31
280
     0
102
RTVSPost2010PropOp31
 70
     1
102
RTVSPost2010Prop32
280
     0
102
RTVSPost2010PropOp32
 70
     1
102
RTVSPost2010Prop33
280
     0
102
RTVSPost2010PropOp33
 70
     1
102
RTVSPost2010Prop34
280
     0
102
RTVSPost2010PropOp34
 70
     1
102
RTVSPost2010Prop35
280
     0
102
RTVSPost2010PropOp35
 70
     1
102
RTVSPost2010Prop36
280
     0
102
RTVSPost2010PropOp36
 70
     1
102
RTVSPost2010Prop37
 90
       50
102
RTVSPost2010PropOp37
 70
     0
102
RTVSPost2010Prop38
140
0.0
102
RTVSPost2010PropOp38
 70
     0
102
RTVSPost2010Prop39
140
1.0
102
RTVSPost2010PropOp39
 70
     0
102
RTVSPost2010Prop40
 90
        0
102
RTVSPost2010PropOp40
 70
     0
102
RTVSPost2010Prop41ColorIndex
 90
       18
102
RTVSPost2010Prop41ColorRGB
 90
        0
102
RTVSPost2010PropOp41
 70
     0
102
RTVSPost2010Prop42
 90
       50
102
RTVSPost2010PropOp42
 70
     0
102
RTVSPost2010Prop43
 90
        3
102
RTVSPost2010PropOp43
 70
     0
102
RTVSPost2010Prop44ColorIndex
 90
        5
102
RTVSPost2010Prop44ColorRGB
 90
      255
102
RTVSPost2010PropOp44
 70
     0
102
RTVSPost2010Prop45
280
     0
102
RTVSPost2010PropOp45
 70
     1
102
RTVSPost2010Prop46
 90
       50
102
RTVSPost2010PropOp46
 70
     0
102
RTVSPost2010Prop47
 90
       50
102
RTVSPost2010PropOp47
 70
     0
102
RTVSPost2010Prop48
 90
       50
102
RTVSPost2010PropOp48
 70
     0
102
RTVSPost2010Prop49
280
     0
102
RTVSPost2010PropOp49
 70
     1
102
RTVSPost2010Prop50
 90
       50
102
RTVSPost2010PropOp50
 70
     0
102
RTVSPost2010Prop51ColorIndex
 90
      256
102
RTVSPost2010Prop51ColorRGB
 90
-16777216
102
RTVSPost2010PropOp51
 70
     0
102
RTVSPost2010Prop52
140
1.0
102
RTVSPost2010PropOp52
 70
     0
102
RTVSPost2010Prop53
 90
        2
102
RTVSPost2010PropOp53
 70
     0
102
RTVSPost2010Prop54
  1
strokes_ogs.tif
102
RTVSPost2010PropOp54
 70
     0
102
RTVSPost2010Prop55
280
     0
102
RTVSPost2010PropOp55
 70
     1
102
RTVSPost2010Prop56
140
1.0
102
RTVSPost2010PropOp56
 70
     0
102
RTVSPost2010Prop57
140
1.0
102
RTVSPost2010PropOp57
 70
     0
  0
XRECORD
  5
27AB
102
{ACAD_REACTORS
330
27AA
102
}
330
27AA
100
AcDbXrecord
280
     1
102
RTVSPost2010Prop28
280
     0
102
RTVSPost2010PropOp28
 70
     1
102
RTVSPost2010Prop29
280
     1
102
RTVSPost2010PropOp29
 70
     1
102
RTVSPost2010Prop30
280
     1
102
RTVSPost2010PropOp30
 70
     1
102
RTVSPost2010Prop31
280
     0
102
RTVSPost2010PropOp31
 70
     1
102
RTVSPost2010Prop32
280
     0
102
RTVSPost2010PropOp32
 70
     1
102
RTVSPost2010Prop33
280
     0
102
RTVSPost2010PropOp33
 70
     1
102
RTVSPost2010Prop34
280
     0
102
RTVSPost2010PropOp34
 70
     1
102
RTVSPost2010Prop35
280
     0
102
RTVSPost2010PropOp35
 70
     1
102
RTVSPost2010Prop36
280
     0
102
RTVSPost2010PropOp36
 70
     1
102
RTVSPost2010Prop37
 90
       50
102
RTVSPost2010PropOp37
 70
     1
102
RTVSPost2010Prop38
140
0.0
102
RTVSPost2010PropOp38
 70
     1
102
RTVSPost2010Prop39
140
1.0
102
RTVSPost2010PropOp39
 70
     1
102
RTVSPost2010Prop40
 90
        0
102
RTVSPost2010PropOp40
 70
     1
102
RTVSPost2010Prop41ColorIndex
 90
       18
102
RTVSPost2010Prop41ColorRGB
 90
        0
102
RTVSPost2010PropOp41
 70
     1
102
RTVSPost2010Prop42
 90
       50
102
RTVSPost2010PropOp42
 70
     1
102
RTVSPost2010Prop43
 90
        3
102
RTVSPost2010PropOp43
 70
     1
102
RTVSPost2010Prop44ColorIndex
 90
        5
102
RTVSPost2010Prop44ColorRGB
 90
      255
102
RTVSPost2010PropOp44
 70
     1
102
RTVSPost2010Prop45
280
     0
102
RTVSPost2010PropOp45
 70
     1
102
RTVSPost2010Prop46
 90
       50
102
RTVSPost2010PropOp46
 70
     1
102
RTVSPost2010Prop47
 90
       50
102
RTVSPost2010PropOp47
 70
     1
102
RTVSPost2010Prop48
 90
       50
102
RTVSPost2010PropOp48
 70
     1
102
RTVSPost2010Prop49
280
     0
102
RTVSPost2010PropOp49
 70
     1
102
RTVSPost2010Prop50
 90
       50
102
RTVSPost2010PropOp50
 70
     1
102
RTVSPost2010Prop51ColorIndex
 90
      256
102
RTVSPost2010Prop51ColorRGB
 90
-16777216
102
RTVSPost2010PropOp51
 70
     0
102
RTVSPost2010Prop52
140
1.0
102
RTVSPost2010PropOp52
 70
     0
102
RTVSPost2010Prop53
 90
        2
102
RTVSPost2010PropOp53
 70
     1
102
RTVSPost2010Prop54
  1
strokes_ogs.tif
102
RTVSPost2010PropOp54
 70
     1
102
RTVSPost2010Prop55
280
     0
102
RTVSPost2010PropOp55
 70
     1
102
RTVSPost2010Prop56
140
1.0
102
RTVSPost2010PropOp56
 70
     1
102
RTVSPost2010Prop57
140
1.0
102
RTVSPost2010PropOp57
 70
     1
  0
XRECORD
  5
27BD
102
{ACAD_REACTORS
330
27BC
102
}
330
27BC
100
AcDbXrecord
280
     1
102
RTVSPost2010Prop28
280
     0
102
RTVSPost2010PropOp28
 70
     1
102
RTVSPost2010Prop29
280
     1
102
RTVSPost2010PropOp29
 70
     1
102
RTVSPost2010Prop30
280
     1
102
RTVSPost2010PropOp30
 70
     1
102
RTVSPost2010Prop31
280
     0
102
RTVSPost2010PropOp31
 70
     1
102
RTVSPost2010Prop32
280
     0
102
RTVSPost2010PropOp32
 70
     1
102
RTVSPost2010Prop33
280
     0
102
RTVSPost2010PropOp33
 70
     1
102
RTVSPost2010Prop34
280
     0
102
RTVSPost2010PropOp34
 70
     1
102
RTVSPost2010Prop35
280
     0
102
RTVSPost2010PropOp35
 70
     1
102
RTVSPost2010Prop36
280
     0
102
RTVSPost2010PropOp36
 70
     1
102
RTVSPost2010Prop37
 90
       50
102
RTVSPost2010PropOp37
 70
     0
102
RTVSPost2010Prop38
140
0.0
102
RTVSPost2010PropOp38
 70
     0
102
RTVSPost2010Prop39
140
1.0
102
RTVSPost2010PropOp39
 70
     0
102
RTVSPost2010Prop40
 90
        0
102
RTVSPost2010PropOp40
 70
     0
102
RTVSPost2010Prop41ColorIndex
 90
       18
102
RTVSPost2010Prop41ColorRGB
 90
        0
102
RTVSPost2010PropOp41
 70
     0
102
RTVSPost2010Prop42
 90
       50
102
RTVSPost2010PropOp42
 70
     0
102
RTVSPost2010Prop43
 90
        3
102
RTVSPost2010PropOp43
 70
     0
102
RTVSPost2010Prop44ColorIndex
 90
        5
102
RTVSPost2010Prop44ColorRGB
 90
      255
102
RTVSPost2010PropOp44
 70
     0
102
RTVSPost2010Prop45
280
     0
102
RTVSPost2010PropOp45
 70
     1
102
RTVSPost2010Prop46
 90
       50
102
RTVSPost2010PropOp46
 70
     0
102
RTVSPost2010Prop47
 90
       50
102
RTVSPost2010PropOp47
 70
     0
102
RTVSPost2010Prop48
 90
       50
102
RTVSPost2010PropOp48
 70
     0
102
RTVSPost2010Prop49
280
     0
102
RTVSPost2010PropOp49
 70
     1
102
RTVSPost2010Prop50
 90
       50
102
RTVSPost2010PropOp50
 70
     0
102
RTVSPost2010Prop51ColorIndex
 90
      256
102
RTVSPost2010Prop51ColorRGB
 90
-16777216
102
RTVSPost2010PropOp51
 70
     0
102
RTVSPost2010Prop52
140
1.0
102
RTVSPost2010PropOp52
 70
     0
102
RTVSPost2010Prop53
 90
        2
102
RTVSPost2010PropOp53
 70
     0
102
RTVSPost2010Prop54
  1
strokes_ogs.tif
102
RTVSPost2010PropOp54
 70
     0
102
RTVSPost2010Prop55
280
     0
102
RTVSPost2010PropOp55
 70
     1
102
RTVSPost2010Prop56
140
1.0
102
RTVSPost2010PropOp56
 70
     0
102
RTVSPost2010Prop57
140
1.0
102
RTVSPost2010PropOp57
 70
     0
  0
XRECORD
  5
27A3
102
{ACAD_REACTORS
330
27A2
102
}
330
27A2
100
AcDbXrecord
280
     1
102
RTVSPost2010Prop28
280
     0
102
RTVSPost2010PropOp28
 70
     1
102
RTVSPost2010Prop29
280
     1
102
RTVSPost2010PropOp29
 70
     1
102
RTVSPost2010Prop30
280
     1
102
RTVSPost2010PropOp30
 70
     1
102
RTVSPost2010Prop31
280
     0
102
RTVSPost2010PropOp31
 70
     1
102
RTVSPost2010Prop32
280
     0
102
RTVSPost2010PropOp32
 70
     1
102
RTVSPost2010Prop33
280
     0
102
RTVSPost2010PropOp33
 70
     1
102
RTVSPost2010Prop34
280
     0
102
RTVSPost2010PropOp34
 70
     1
102
RTVSPost2010Prop35
280
     0
102
RTVSPost2010PropOp35
 70
     1
102
RTVSPost2010Prop36
280
     0
102
RTVSPost2010PropOp36
 70
     1
102
RTVSPost2010Prop37
 90
       50
102
RTVSPost2010PropOp37
 70
     1
102
RTVSPost2010Prop38
140
0.0
102
RTVSPost2010PropOp38
 70
     1
102
RTVSPost2010Prop39
140
1.0
102
RTVSPost2010PropOp39
 70
     1
102
RTVSPost2010Prop40
 90
        0
102
RTVSPost2010PropOp40
 70
     1
102
RTVSPost2010Prop41ColorIndex
 90
       18
102
RTVSPost2010Prop41ColorRGB
 90
        0
102
RTVSPost2010PropOp41
 70
     1
102
RTVSPost2010Prop42
 90
       50
102
RTVSPost2010PropOp42
 70
     1
102
RTVSPost2010Prop43
 90
        3
102
RTVSPost2010PropOp43
 70
     1
102
RTVSPost2010Prop44ColorIndex
 90
        5
102
RTVSPost2010Prop44ColorRGB
 90
      255
102
RTVSPost2010PropOp44
 70
     1
102
RTVSPost2010Prop45
280
     0
102
RTVSPost2010PropOp45
 70
     1
102
RTVSPost2010Prop46
 90
       50
102
RTVSPost2010PropOp46
 70
     1
102
RTVSPost2010Prop47
 90
       50
102
RTVSPost2010PropOp47
 70
     1
102
RTVSPost2010Prop48
 90
       50
102
RTVSPost2010PropOp48
 70
     1
102
RTVSPost2010Prop49
280
     0
102
RTVSPost2010PropOp49
 70
     1
102
RTVSPost2010Prop50
 90
       50
102
RTVSPost2010PropOp50
 70
     1
102
RTVSPost2010Prop51ColorIndex
 90
      256
102
RTVSPost2010Prop51ColorRGB
 90
-16777216
102
RTVSPost2010PropOp51
 70
     0
102
RTVSPost2010Prop52
140
1.0
102
RTVSPost2010PropOp52
 70
     0
102
RTVSPost2010Prop53
 90
        2
102
RTVSPost2010PropOp53
 70
     1
102
RTVSPost2010Prop54
  1
strokes_ogs.tif
102
RTVSPost2010PropOp54
 70
     1
102
RTVSPost2010Prop55
280
     0
102
RTVSPost2010PropOp55
 70
     1
102
RTVSPost2010Prop56
140
1.0
102
RTVSPost2010PropOp56
 70
     1
102
RTVSPost2010Prop57
140
1.0
102
RTVSPost2010PropOp57
 70
     1
  0
XRECORD
  5
27B9
102
{ACAD_REACTORS
330
27B8
102
}
330
27B8
100
AcDbXrecord
280
     1
102
RTVSPost2010Prop28
280
     0
102
RTVSPost2010PropOp28
 70
     1
102
RTVSPost2010Prop29
280
     1
102
RTVSPost2010PropOp29
 70
     1
102
RTVSPost2010Prop30
280
     1
102
RTVSPost2010PropOp30
 70
     1
102
RTVSPost2010Prop31
280
     0
102
RTVSPost2010PropOp31
 70
     1
102
RTVSPost2010Prop32
280
     0
102
RTVSPost2010PropOp32
 70
     1
102
RTVSPost2010Prop33
280
     0
102
RTVSPost2010PropOp33
 70
     1
102
RTVSPost2010Prop34
280
     0
102
RTVSPost2010PropOp34
 70
     1
102
RTVSPost2010Prop35
280
     0
102
RTVSPost2010PropOp35
 70
     1
102
RTVSPost2010Prop36
280
     0
102
RTVSPost2010PropOp36
 70
     1
102
RTVSPost2010Prop37
 90
       50
102
RTVSPost2010PropOp37
 70
     1
102
RTVSPost2010Prop38
140
0.0
102
RTVSPost2010PropOp38
 70
     1
102
RTVSPost2010Prop39
140
1.0
102
RTVSPost2010PropOp39
 70
     1
102
RTVSPost2010Prop40
 90
        0
102
RTVSPost2010PropOp40
 70
     1
102
RTVSPost2010Prop41ColorIndex
 90
       18
102
RTVSPost2010Prop41ColorRGB
 90
        0
102
RTVSPost2010PropOp41
 70
     1
102
RTVSPost2010Prop42
 90
       50
102
RTVSPost2010PropOp42
 70
     1
102
RTVSPost2010Prop43
 90
        3
102
RTVSPost2010PropOp43
 70
     1
102
RTVSPost2010Prop44ColorIndex
 90
        5
102
RTVSPost2010Prop44ColorRGB
 90
      255
102
RTVSPost2010PropOp44
 70
     1
102
RTVSPost2010Prop45
280
     0
102
RTVSPost2010PropOp45
 70
     1
102
RTVSPost2010Prop46
 90
       50
102
RTVSPost2010PropOp46
 70
     1
102
RTVSPost2010Prop47
 90
       50
102
RTVSPost2010PropOp47
 70
     1
102
RTVSPost2010Prop48
 90
       50
102
RTVSPost2010PropOp48
 70
     1
102
RTVSPost2010Prop49
280
     0
102
RTVSPost2010PropOp49
 70
     1
102
RTVSPost2010Prop50
 90
       50
102
RTVSPost2010PropOp50
 70
     1
102
RTVSPost2010Prop51ColorIndex
 90
      256
102
RTVSPost2010Prop51ColorRGB
 90
-16777216
102
RTVSPost2010PropOp51
 70
     0
102
RTVSPost2010Prop52
140
1.0
102
RTVSPost2010PropOp52
 70
     0
102
RTVSPost2010Prop53
 90
        2
102
RTVSPost2010PropOp53
 70
     1
102
RTVSPost2010Prop54
  1
strokes_ogs.tif
102
RTVSPost2010PropOp54
 70
     1
102
RTVSPost2010Prop55
280
     0
102
RTVSPost2010PropOp55
 70
     1
102
RTVSPost2010Prop56
140
1.0
102
RTVSPost2010PropOp56
 70
     1
102
RTVSPost2010Prop57
140
1.0
102
RTVSPost2010PropOp57
 70
     1
  0
XRECORD
  5
27B7
102
{ACAD_REACTORS
330
27B6
102
}
330
27B6
100
AcDbXrecord
280
     1
102
RTVSPost2010Prop28
280
     0
102
RTVSPost2010PropOp28
 70
     1
102
RTVSPost2010Prop29
280
     1
102
RTVSPost2010PropOp29
 70
     1
102
RTVSPost2010Prop30
280
     1
102
RTVSPost2010PropOp30
 70
     1
102
RTVSPost2010Prop31
280
     0
102
RTVSPost2010PropOp31
 70
     1
102
RTVSPost2010Prop32
280
     0
102
RTVSPost2010PropOp32
 70
     1
102
RTVSPost2010Prop33
280
     0
102
RTVSPost2010PropOp33
 70
     1
102
RTVSPost2010Prop34
280
     0
102
RTVSPost2010PropOp34
 70
     1
102
RTVSPost2010Prop35
280
     0
102
RTVSPost2010PropOp35
 70
     1
102
RTVSPost2010Prop36
280
     0
102
RTVSPost2010PropOp36
 70
     1
102
RTVSPost2010Prop37
 90
       50
102
RTVSPost2010PropOp37
 70
     1
102
RTVSPost2010Prop38
140
0.0
102
RTVSPost2010PropOp38
 70
     1
102
RTVSPost2010Prop39
140
1.0
102
RTVSPost2010PropOp39
 70
     1
102
RTVSPost2010Prop40
 90
        0
102
RTVSPost2010PropOp40
 70
     1
102
RTVSPost2010Prop41ColorIndex
 90
       18
102
RTVSPost2010Prop41ColorRGB
 90
        0
102
RTVSPost2010PropOp41
 70
     1
102
RTVSPost2010Prop42
 90
       50
102
RTVSPost2010PropOp42
 70
     1
102
RTVSPost2010Prop43
 90
        3
102
RTVSPost2010PropOp43
 70
     1
102
RTVSPost2010Prop44ColorIndex
 90
        5
102
RTVSPost2010Prop44ColorRGB
 90
      255
102
RTVSPost2010PropOp44
 70
     1
102
RTVSPost2010Prop45
280
     0
102
RTVSPost2010PropOp45
 70
     1
102
RTVSPost2010Prop46
 90
       50
102
RTVSPost2010PropOp46
 70
     1
102
RTVSPost2010Prop47
 90
       50
102
RTVSPost2010PropOp47
 70
     1
102
RTVSPost2010Prop48
 90
       50
102
RTVSPost2010PropOp48
 70
     1
102
RTVSPost2010Prop49
280
     0
102
RTVSPost2010PropOp49
 70
     1
102
RTVSPost2010Prop50
 90
       50
102
RTVSPost2010PropOp50
 70
     1
102
RTVSPost2010Prop51ColorIndex
 90
      256
102
RTVSPost2010Prop51ColorRGB
 90
-16777216
102
RTVSPost2010PropOp51
 70
     0
102
RTVSPost2010Prop52
140
1.0
102
RTVSPost2010PropOp52
 70
     0
102
RTVSPost2010Prop53
 90
        2
102
RTVSPost2010PropOp53
 70
     1
102
RTVSPost2010Prop54
  1
strokes_ogs.tif
102
RTVSPost2010PropOp54
 70
     1
102
RTVSPost2010Prop55
280
     0
102
RTVSPost2010PropOp55
 70
     1
102
RTVSPost2010Prop56
140
1.0
102
RTVSPost2010PropOp56
 70
     1
102
RTVSPost2010Prop57
140
1.0
102
RTVSPost2010PropOp57
 70
     1
  0
XRECORD
  5
27B1
102
{ACAD_REACTORS
330
27B0
102
}
330
27B0
100
AcDbXrecord
280
     1
102
RTVSPost2010Prop28
280
     0
102
RTVSPost2010PropOp28
 70
     1
102
RTVSPost2010Prop29
280
     1
102
RTVSPost2010PropOp29
 70
     1
102
RTVSPost2010Prop30
280
     1
102
RTVSPost2010PropOp30
 70
     1
102
RTVSPost2010Prop31
280
     0
102
RTVSPost2010PropOp31
 70
     1
102
RTVSPost2010Prop32
280
     0
102
RTVSPost2010PropOp32
 70
     1
102
RTVSPost2010Prop33
280
     0
102
RTVSPost2010PropOp33
 70
     1
102
RTVSPost2010Prop34
280
     0
102
RTVSPost2010PropOp34
 70
     1
102
RTVSPost2010Prop35
280
     0
102
RTVSPost2010PropOp35
 70
     1
102
RTVSPost2010Prop36
280
     0
102
RTVSPost2010PropOp36
 70
     1
102
RTVSPost2010Prop37
 90
       50
102
RTVSPost2010PropOp37
 70
     1
102
RTVSPost2010Prop38
140
0.0
102
RTVSPost2010PropOp38
 70
     1
102
RTVSPost2010Prop39
140
1.0
102
RTVSPost2010PropOp39
 70
     1
102
RTVSPost2010Prop40
 90
        0
102
RTVSPost2010PropOp40
 70
     1
102
RTVSPost2010Prop41ColorIndex
 90
       18
102
RTVSPost2010Prop41ColorRGB
 90
        0
102
RTVSPost2010PropOp41
 70
     1
102
RTVSPost2010Prop42
 90
       50
102
RTVSPost2010PropOp42
 70
     1
102
RTVSPost2010Prop43
 90
        3
102
RTVSPost2010PropOp43
 70
     1
102
RTVSPost2010Prop44ColorIndex
 90
        5
102
RTVSPost2010Prop44ColorRGB
 90
      255
102
RTVSPost2010PropOp44
 70
     1
102
RTVSPost2010Prop45
280
     0
102
RTVSPost2010PropOp45
 70
     1
102
RTVSPost2010Prop46
 90
       50
102
RTVSPost2010PropOp46
 70
     1
102
RTVSPost2010Prop47
 90
       50
102
RTVSPost2010PropOp47
 70
     1
102
RTVSPost2010Prop48
 90
       50
102
RTVSPost2010PropOp48
 70
     1
102
RTVSPost2010Prop49
280
     0
102
RTVSPost2010PropOp49
 70
     1
102
RTVSPost2010Prop50
 90
       50
102
RTVSPost2010PropOp50
 70
     1
102
RTVSPost2010Prop51ColorIndex
 90
      256
102
RTVSPost2010Prop51ColorRGB
 90
-16777216
102
RTVSPost2010PropOp51
 70
     0
102
RTVSPost2010Prop52
140
1.0
102
RTVSPost2010PropOp52
 70
     0
102
RTVSPost2010Prop53
 90
        2
102
RTVSPost2010PropOp53
 70
     1
102
RTVSPost2010Prop54
  1
strokes_ogs.tif
102
RTVSPost2010PropOp54
 70
     1
102
RTVSPost2010Prop55
280
     0
102
RTVSPost2010PropOp55
 70
     1
102
RTVSPost2010Prop56
140
1.0
102
RTVSPost2010PropOp56
 70
     1
102
RTVSPost2010Prop57
140
1.0
102
RTVSPost2010PropOp57
 70
     1
  0
XRECORD
  5
27B3
102
{ACAD_REACTORS
330
27B2
102
}
330
27B2
100
AcDbXrecord
280
     1
102
RTVSPost2010Prop28
280
     0
102
RTVSPost2010PropOp28
 70
     1
102
RTVSPost2010Prop29
280
     1
102
RTVSPost2010PropOp29
 70
     1
102
RTVSPost2010Prop30
280
     1
102
RTVSPost2010PropOp30
 70
     1
102
RTVSPost2010Prop31
280
     0
102
RTVSPost2010PropOp31
 70
     1
102
RTVSPost2010Prop32
280
     0
102
RTVSPost2010PropOp32
 70
     1
102
RTVSPost2010Prop33
280
     0
102
RTVSPost2010PropOp33
 70
     1
102
RTVSPost2010Prop34
280
     0
102
RTVSPost2010PropOp34
 70
     1
102
RTVSPost2010Prop35
280
     0
102
RTVSPost2010PropOp35
 70
     1
102
RTVSPost2010Prop36
280
     0
102
RTVSPost2010PropOp36
 70
     1
102
RTVSPost2010Prop37
 90
       50
102
RTVSPost2010PropOp37
 70
     1
102
RTVSPost2010Prop38
140
0.0
102
RTVSPost2010PropOp38
 70
     1
102
RTVSPost2010Prop39
140
1.0
102
RTVSPost2010PropOp39
 70
     1
102
RTVSPost2010Prop40
 90
        0
102
RTVSPost2010PropOp40
 70
     1
102
RTVSPost2010Prop41ColorIndex
 90
       18
102
RTVSPost2010Prop41ColorRGB
 90
        0
102
RTVSPost2010PropOp41
 70
     1
102
RTVSPost2010Prop42
 90
       50
102
RTVSPost2010PropOp42
 70
     1
102
RTVSPost2010Prop43
 90
        3
102
RTVSPost2010PropOp43
 70
     1
102
RTVSPost2010Prop44ColorIndex
 90
        5
102
RTVSPost2010Prop44ColorRGB
 90
      255
102
RTVSPost2010PropOp44
 70
     1
102
RTVSPost2010Prop45
280
     0
102
RTVSPost2010PropOp45
 70
     1
102
RTVSPost2010Prop46
 90
       50
102
RTVSPost2010PropOp46
 70
     1
102
RTVSPost2010Prop47
 90
       50
102
RTVSPost2010PropOp47
 70
     1
102
RTVSPost2010Prop48
 90
       50
102
RTVSPost2010PropOp48
 70
     1
102
RTVSPost2010Prop49
280
     0
102
RTVSPost2010PropOp49
 70
     1
102
RTVSPost2010Prop50
 90
       50
102
RTVSPost2010PropOp50
 70
     1
102
RTVSPost2010Prop51ColorIndex
 90
      256
102
RTVSPost2010Prop51ColorRGB
 90
-16777216
102
RTVSPost2010PropOp51
 70
     0
102
RTVSPost2010Prop52
140
1.0
102
RTVSPost2010PropOp52
 70
     0
102
RTVSPost2010Prop53
 90
        2
102
RTVSPost2010PropOp53
 70
     1
102
RTVSPost2010Prop54
  1
strokes_ogs.tif
102
RTVSPost2010PropOp54
 70
     1
102
RTVSPost2010Prop55
280
     0
102
RTVSPost2010PropOp55
 70
     1
102
RTVSPost2010Prop56
140
1.0
102
RTVSPost2010PropOp56
 70
     1
102
RTVSPost2010Prop57
140
1.0
102
RTVSPost2010PropOp57
 70
     1
  0
XRECORD
  5
27A9
102
{ACAD_REACTORS
330
27A8
102
}
330
27A8
100
AcDbXrecord
280
     1
102
RTVSPost2010Prop28
280
     0
102
RTVSPost2010PropOp28
 70
     1
102
RTVSPost2010Prop29
280
     1
102
RTVSPost2010PropOp29
 70
     1
102
RTVSPost2010Prop30
280
     1
102
RTVSPost2010PropOp30
 70
     1
102
RTVSPost2010Prop31
280
     0
102
RTVSPost2010PropOp31
 70
     1
102
RTVSPost2010Prop32
280
     0
102
RTVSPost2010PropOp32
 70
     1
102
RTVSPost2010Prop33
280
     0
102
RTVSPost2010PropOp33
 70
     1
102
RTVSPost2010Prop34
280
     0
102
RTVSPost2010PropOp34
 70
     1
102
RTVSPost2010Prop35
280
     0
102
RTVSPost2010PropOp35
 70
     1
102
RTVSPost2010Prop36
280
     0
102
RTVSPost2010PropOp36
 70
     1
102
RTVSPost2010Prop37
 90
       50
102
RTVSPost2010PropOp37
 70
     1
102
RTVSPost2010Prop38
140
0.0
102
RTVSPost2010PropOp38
 70
     1
102
RTVSPost2010Prop39
140
1.0
102
RTVSPost2010PropOp39
 70
     1
102
RTVSPost2010Prop40
 90
        0
102
RTVSPost2010PropOp40
 70
     1
102
RTVSPost2010Prop41ColorIndex
 90
       18
102
RTVSPost2010Prop41ColorRGB
 90
        0
102
RTVSPost2010PropOp41
 70
     1
102
RTVSPost2010Prop42
 90
       50
102
RTVSPost2010PropOp42
 70
     1
102
RTVSPost2010Prop43
 90
        3
102
RTVSPost2010PropOp43
 70
     1
102
RTVSPost2010Prop44ColorIndex
 90
        5
102
RTVSPost2010Prop44ColorRGB
 90
      255
102
RTVSPost2010PropOp44
 70
     1
102
RTVSPost2010Prop45
280
     0
102
RTVSPost2010PropOp45
 70
     1
102
RTVSPost2010Prop46
 90
       50
102
RTVSPost2010PropOp46
 70
     1
102
RTVSPost2010Prop47
 90
       50
102
RTVSPost2010PropOp47
 70
     1
102
RTVSPost2010Prop48
 90
       50
102
RTVSPost2010PropOp48
 70
     1
102
RTVSPost2010Prop49
280
     0
102
RTVSPost2010PropOp49
 70
     1
102
RTVSPost2010Prop50
 90
       50
102
RTVSPost2010PropOp50
 70
     1
102
RTVSPost2010Prop51ColorIndex
 90
      256
102
RTVSPost2010Prop51ColorRGB
 90
-16777216
102
RTVSPost2010PropOp51
 70
     0
102
RTVSPost2010Prop52
140
1.0
102
RTVSPost2010PropOp52
 70
     0
102
RTVSPost2010Prop53
 90
        2
102
RTVSPost2010PropOp53
 70
     1
102
RTVSPost2010Prop54
  1
strokes_ogs.tif
102
RTVSPost2010PropOp54
 70
     1
102
RTVSPost2010Prop55
280
     0
102
RTVSPost2010PropOp55
 70
     1
102
RTVSPost2010Prop56
140
1.0
102
RTVSPost2010PropOp56
 70
     1
102
RTVSPost2010Prop57
140
1.0
102
RTVSPost2010PropOp57
 70
     1
  0
XRECORD
  5
279D
102
{ACAD_REACTORS
330
279C
102
}
330
279C
100
AcDbXrecord
280
     1
102
RTVSPost2010Prop28
280
     0
102
RTVSPost2010PropOp28
 70
     1
102
RTVSPost2010Prop29
280
     1
102
RTVSPost2010PropOp29
 70
     1
102
RTVSPost2010Prop30
280
     1
102
RTVSPost2010PropOp30
 70
     1
102
RTVSPost2010Prop31
280
     0
102
RTVSPost2010PropOp31
 70
     1
102
RTVSPost2010Prop32
280
     0
102
RTVSPost2010PropOp32
 70
     1
102
RTVSPost2010Prop33
280
     0
102
RTVSPost2010PropOp33
 70
     1
102
RTVSPost2010Prop34
280
     0
102
RTVSPost2010PropOp34
 70
     1
102
RTVSPost2010Prop35
280
     0
102
RTVSPost2010PropOp35
 70
     1
102
RTVSPost2010Prop36
280
     0
102
RTVSPost2010PropOp36
 70
     1
102
RTVSPost2010Prop37
 90
       50
102
RTVSPost2010PropOp37
 70
     1
102
RTVSPost2010Prop38
140
0.0
102
RTVSPost2010PropOp38
 70
     1
102
RTVSPost2010Prop39
140
1.0
102
RTVSPost2010PropOp39
 70
     1
102
RTVSPost2010Prop40
 90
        0
102
RTVSPost2010PropOp40
 70
     1
102
RTVSPost2010Prop41ColorIndex
 90
       18
102
RTVSPost2010Prop41ColorRGB
 90
        0
102
RTVSPost2010PropOp41
 70
     1
102
RTVSPost2010Prop42
 90
       50
102
RTVSPost2010PropOp42
 70
     1
102
RTVSPost2010Prop43
 90
        3
102
RTVSPost2010PropOp43
 70
     1
102
RTVSPost2010Prop44ColorIndex
 90
        5
102
RTVSPost2010Prop44ColorRGB
 90
      255
102
RTVSPost2010PropOp44
 70
     1
102
RTVSPost2010Prop45
280
     0
102
RTVSPost2010PropOp45
 70
     1
102
RTVSPost2010Prop46
 90
       50
102
RTVSPost2010PropOp46
 70
     1
102
RTVSPost2010Prop47
 90
       50
102
RTVSPost2010PropOp47
 70
     1
102
RTVSPost2010Prop48
 90
       50
102
RTVSPost2010PropOp48
 70
     1
102
RTVSPost2010Prop49
280
     0
102
RTVSPost2010PropOp49
 70
     1
102
RTVSPost2010Prop50
 90
       50
102
RTVSPost2010PropOp50
 70
     1
102
RTVSPost2010Prop51ColorIndex
 90
      256
102
RTVSPost2010Prop51ColorRGB
 90
-16777216
102
RTVSPost2010PropOp51
 70
     0
102
RTVSPost2010Prop52
140
1.0
102
RTVSPost2010PropOp52
 70
     0
102
RTVSPost2010Prop53
 90
        2
102
RTVSPost2010PropOp53
 70
     1
102
RTVSPost2010Prop54
  1
strokes_ogs.tif
102
RTVSPost2010PropOp54
 70
     1
102
RTVSPost2010Prop55
280
     0
102
RTVSPost2010PropOp55
 70
     1
102
RTVSPost2010Prop56
140
1.0
102
RTVSPost2010PropOp56
 70
     1
102
RTVSPost2010Prop57
140
1.0
102
RTVSPost2010PropOp57
 70
     1
  0
XRECORD
  5
27B5
102
{ACAD_REACTORS
330
27B4
102
}
330
27B4
100
AcDbXrecord
280
     1
102
RTVSPost2010Prop28
280
     0
102
RTVSPost2010PropOp28
 70
     1
102
RTVSPost2010Prop29
280
     1
102
RTVSPost2010PropOp29
 70
     1
102
RTVSPost2010Prop30
280
     1
102
RTVSPost2010PropOp30
 70
     1
102
RTVSPost2010Prop31
280
     0
102
RTVSPost2010PropOp31
 70
     1
102
RTVSPost2010Prop32
280
     0
102
RTVSPost2010PropOp32
 70
     1
102
RTVSPost2010Prop33
280
     0
102
RTVSPost2010PropOp33
 70
     1
102
RTVSPost2010Prop34
280
     0
102
RTVSPost2010PropOp34
 70
     1
102
RTVSPost2010Prop35
280
     0
102
RTVSPost2010PropOp35
 70
     1
102
RTVSPost2010Prop36
280
     0
102
RTVSPost2010PropOp36
 70
     1
102
RTVSPost2010Prop37
 90
       50
102
RTVSPost2010PropOp37
 70
     1
102
RTVSPost2010Prop38
140
0.0
102
RTVSPost2010PropOp38
 70
     1
102
RTVSPost2010Prop39
140
1.0
102
RTVSPost2010PropOp39
 70
     1
102
RTVSPost2010Prop40
 90
        0
102
RTVSPost2010PropOp40
 70
     1
102
RTVSPost2010Prop41ColorIndex
 90
       18
102
RTVSPost2010Prop41ColorRGB
 90
        0
102
RTVSPost2010PropOp41
 70
     1
102
RTVSPost2010Prop42
 90
       50
102
RTVSPost2010PropOp42
 70
     1
102
RTVSPost2010Prop43
 90
        3
102
RTVSPost2010PropOp43
 70
     1
102
RTVSPost2010Prop44ColorIndex
 90
        5
102
RTVSPost2010Prop44ColorRGB
 90
      255
102
RTVSPost2010PropOp44
 70
     1
102
RTVSPost2010Prop45
280
     0
102
RTVSPost2010PropOp45
 70
     1
102
RTVSPost2010Prop46
 90
       50
102
RTVSPost2010PropOp46
 70
     1
102
RTVSPost2010Prop47
 90
       50
102
RTVSPost2010PropOp47
 70
     1
102
RTVSPost2010Prop48
 90
       50
102
RTVSPost2010PropOp48
 70
     1
102
RTVSPost2010Prop49
280
     0
102
RTVSPost2010PropOp49
 70
     1
102
RTVSPost2010Prop50
 90
       50
102
RTVSPost2010PropOp50
 70
     1
102
RTVSPost2010Prop51ColorIndex
 90
      256
102
RTVSPost2010Prop51ColorRGB
 90
-16777216
102
RTVSPost2010PropOp51
 70
     0
102
RTVSPost2010Prop52
140
1.0
102
RTVSPost2010PropOp52
 70
     0
102
RTVSPost2010Prop53
 90
        2
102
RTVSPost2010PropOp53
 70
     1
102
RTVSPost2010Prop54
  1
strokes_ogs.tif
102
RTVSPost2010PropOp54
 70
     1
102
RTVSPost2010Prop55
280
     0
102
RTVSPost2010PropOp55
 70
     1
102
RTVSPost2010Prop56
140
1.0
102
RTVSPost2010PropOp56
 70
     1
102
RTVSPost2010Prop57
140
1.0
102
RTVSPost2010PropOp57
 70
     1
  0
AcDbCenterMarkActionBody
  5
20CE
330
20CD
100
AcDbAssocActionBody
 90
        1
100
AcDbAssocParamBasedActionBody
 90
        0
 90
        0
 90
        1
360
20D0
 90
        0
 90
       17
 90
        0
  1
HorizontalStartExtension
 90
        0
 90
        1
 40
1.000000000000000E+60
330
0
330
0
 90
        0
  1
HorizontalEndExtension
 90
        0
 90
        1
 40
1.000000000000000E+60
330
0
330
0
 90
        0
  1
VerticalStartExtension
 90
        0
 90
        1
 40
1.000000000000000E+60
330
0
330
0
 90
        0
  1
VerticalEndExtension
 90
        0
 90
        1
 40
1.000000000000000E+60
330
0
330
0
 90
        0
  1
HorizontalStartOvershoot
 90
        0
 90
        1
 40
3.5
330
0
330
0
 90
        0
  1
HorizontalEndOvershoot
 90
        0
 90
        1
 40
3.5
330
0
330
0
 90
        0
  1
VerticalStartOvershoot
 90
        0
 90
        1
 40
3.5
330
0
330
0
 90
        0
  1
VerticalEndOvershoot
 90
        0
 90
        1
 40
3.5
330
0
330
0
 90
        0
  1
CrossHairLengthExpression
 90
        0
 90
        1
  1
0.1x
330
0
330
0
 90
        0
  1
CrossHairGapExpression
 90
        0
 90
        1
  1
0.05x
330
0
330
0
 90
        0
  1
CenterDepId
 90
        0
 90
        1
330
20CF
330
0
330
0
 90
        0
  1
CachedCircleRadius
 90
        0
 90
        1
 40
0.5
330
0
330
0
 90
        0
  1
SubentLineType
 90
        0
 90
        1
  1
CENTER2
330
0
330
0
 90
        0
  1
SubentLineWeight
 90
        0
 90
        1
 40
-1.0
330
0
330
0
 90
        0
  1
SubentLinetypeScale
 90
        0
 90
        1
 40
1.0
330
0
330
0
 90
        0
  1
CachedAssociateStatus
 90
        0
 90
        1
 40
0.0
330
0
330
0
 90
        0
  1
AssociationToBeBroken
 90
        0
 90
        1
 40
0.0
330
0
330
0
100
AcDbSmartCenterActionBody
 90
        0
  0
ACDBASSOCDEPENDENCY
  5
20CF
330
20CD
100
AcDbAssocDependency
 90
        2
 90
        0
290
     1
290
     1
290
     1
290
     1
 90
        0
330
1FAB
290
     0
330
0
330
0
360
0
 90
        2
  0
AcDbCenterMarkActionBody
  5
20E0
330
20DF
100
AcDbAssocActionBody
 90
        1
100
AcDbAssocParamBasedActionBody
 90
        0
 90
        0
 90
        1
360
20E2
 90
        0
 90
       17
 90
        0
  1
HorizontalStartExtension
 90
        0
 90
        1
 40
1.000000000000000E+60
330
0
330
0
 90
        0
  1
HorizontalEndExtension
 90
        0
 90
        1
 40
1.000000000000000E+60
330
0
330
0
 90
        0
  1
VerticalStartExtension
 90
        0
 90
        1
 40
1.000000000000000E+60
330
0
330
0
 90
        0
  1
VerticalEndExtension
 90
        0
 90
        1
 40
1.000000000000000E+60
330
0
330
0
 90
        0
  1
HorizontalStartOvershoot
 90
        0
 90
        1
 40
3.5
330
0
330
0
 90
        0
  1
HorizontalEndOvershoot
 90
        0
 90
        1
 40
3.5
330
0
330
0
 90
        0
  1
VerticalStartOvershoot
 90
        0
 90
        1
 40
3.5
330
0
330
0
 90
        0
  1
VerticalEndOvershoot
 90
        0
 90
        1
 40
3.5
330
0
330
0
 90
        0
  1
CrossHairLengthExpression
 90
        0
 90
        1
  1
0.1x
330
0
330
0
 90
        0
  1
CrossHairGapExpression
 90
        0
 90
        1
  1
0.05x
330
0
330
0
 90
        0
  1
CenterDepId
 90
        0
 90
        1
330
20E1
330
0
330
0
 90
        0
  1
CachedCircleRadius
 90
        0
 90
        1
 40
0.5
330
0
330
0
 90
        0
  1
SubentLineType
 90
        0
 90
        1
  1
CENTER2
330
0
330
0
 90
        0
  1
SubentLineWeight
 90
        0
 90
        1
 40
-1.0
330
0
330
0
 90
        0
  1
SubentLinetypeScale
 90
        0
 90
        1
 40
1.0
330
0
330
0
 90
        0
  1
CachedAssociateStatus
 90
        0
 90
        1
 40
0.0
330
0
330
0
 90
        0
  1
AssociationToBeBroken
 90
        0
 90
        1
 40
0.0
330
0
330
0
100
AcDbSmartCenterActionBody
 90
        0
  0
ACDBASSOCDEPENDENCY
  5
20E1
330
20DF
100
AcDbAssocDependency
 90
        2
 90
        0
290
     1
290
     1
290
     1
290
     1
 90
        0
330
1FAC
290
     0
330
0
330
0
360
0
 90
        2
  0
AcDbCenterMarkActionBody
  5
20ED
330
20EC
100
AcDbAssocActionBody
 90
        1
100
AcDbAssocParamBasedActionBody
 90
        0
 90
        0
 90
        1
360
20EF
 90
        0
 90
       17
 90
        0
  1
HorizontalStartExtension
 90
        0
 90
        1
 40
1.000000000000000E+60
330
0
330
0
 90
        0
  1
HorizontalEndExtension
 90
        0
 90
        1
 40
1.000000000000000E+60
330
0
330
0
 90
        0
  1
VerticalStartExtension
 90
        0
 90
        1
 40
1.000000000000000E+60
330
0
330
0
 90
        0
  1
VerticalEndExtension
 90
        0
 90
        1
 40
1.000000000000000E+60
330
0
330
0
 90
        0
  1
HorizontalStartOvershoot
 90
        0
 90
        1
 40
3.5
330
0
330
0
 90
        0
  1
HorizontalEndOvershoot
 90
        0
 90
        1
 40
3.5
330
0
330
0
 90
        0
  1
VerticalStartOvershoot
 90
        0
 90
        1
 40
3.5
330
0
330
0
 90
        0
  1
VerticalEndOvershoot
 90
        0
 90
        1
 40
3.5
330
0
330
0
 90
        0
  1
CrossHairLengthExpression
 90
        0
 90
        1
  1
0.1x
330
0
330
0
 90
        0
  1
CrossHairGapExpression
 90
        0
 90
        1
  1
0.05x
330
0
330
0
 90
        0
  1
CenterDepId
 90
        0
 90
        1
330
20EE
330
0
330
0
 90
        0
  1
CachedCircleRadius
 90
        0
 90
        1
 40
0.5
330
0
330
0
 90
        0
  1
SubentLineType
 90
        0
 90
        1
  1
CENTER2
330
0
330
0
 90
        0
  1
SubentLineWeight
 90
        0
 90
        1
 40
-1.0
330
0
330
0
 90
        0
  1
SubentLinetypeScale
 90
        0
 90
        1
 40
1.0
330
0
330
0
 90
        0
  1
CachedAssociateStatus
 90
        0
 90
        1
 40
0.0
330
0
330
0
 90
        0
  1
AssociationToBeBroken
 90
        0
 90
        1
 40
0.0
330
0
330
0
100
AcDbSmartCenterActionBody
 90
        0
  0
ACDBASSOCDEPENDENCY
  5
20EE
330
20EC
100
AcDbAssocDependency
 90
        2
 90
        0
290
     1
290
     1
290
     1
290
     1
 90
        0
330
1FAD
290
     0
330
0
330
0
360
0
 90
        2
  0
AcDbCenterMarkActionBody
  5
20FA
330
20F9
100
AcDbAssocActionBody
 90
        1
100
AcDbAssocParamBasedActionBody
 90
        0
 90
        0
 90
        1
360
20FC
 90
        0
 90
       17
 90
        0
  1
HorizontalStartExtension
 90
        0
 90
        1
 40
1.000000000000000E+60
330
0
330
0
 90
        0
  1
HorizontalEndExtension
 90
        0
 90
        1
 40
1.000000000000000E+60
330
0
330
0
 90
        0
  1
VerticalStartExtension
 90
        0
 90
        1
 40
1.000000000000000E+60
330
0
330
0
 90
        0
  1
VerticalEndExtension
 90
        0
 90
        1
 40
1.000000000000000E+60
330
0
330
0
 90
        0
  1
HorizontalStartOvershoot
 90
        0
 90
        1
 40
3.5
330
0
330
0
 90
        0
  1
HorizontalEndOvershoot
 90
        0
 90
        1
 40
3.5
330
0
330
0
 90
        0
  1
VerticalStartOvershoot
 90
        0
 90
        1
 40
3.5
330
0
330
0
 90
        0
  1
VerticalEndOvershoot
 90
        0
 90
        1
 40
3.5
330
0
330
0
 90
        0
  1
CrossHairLengthExpression
 90
        0
 90
        1
  1
0.1x
330
0
330
0
 90
        0
  1
CrossHairGapExpression
 90
        0
 90
        1
  1
0.05x
330
0
330
0
 90
        0
  1
CenterDepId
 90
        0
 90
        1
330
20FB
330
0
330
0
 90
        0
  1
CachedCircleRadius
 90
        0
 90
        1
 40
0.5
330
0
330
0
 90
        0
  1
SubentLineType
 90
        0
 90
        1
  1
CENTER2
330
0
330
0
 90
        0
  1
SubentLineWeight
 90
        0
 90
        1
 40
-1.0
330
0
330
0
 90
        0
  1
SubentLinetypeScale
 90
        0
 90
        1
 40
1.0
330
0
330
0
 90
        0
  1
CachedAssociateStatus
 90
        0
 90
        1
 40
0.0
330
0
330
0
 90
        0
  1
AssociationToBeBroken
 90
        0
 90
        1
 40
0.0
330
0
330
0
100
AcDbSmartCenterActionBody
 90
        0
  0
ACDBASSOCDEPENDENCY
  5
20FB
330
20F9
100
AcDbAssocDependency
 90
        2
 90
        0
290
     1
290
     1
290
     1
290
     1
 90
        0
330
1FAE
290
     0
330
0
330
0
360
0
 90
        2
  0
AcDbCenterMarkActionBody
  5
2107
330
2106
100
AcDbAssocActionBody
 90
        1
100
AcDbAssocParamBasedActionBody
 90
        0
 90
        0
 90
        1
360
2109
 90
        0
 90
       17
 90
        0
  1
HorizontalStartExtension
 90
        0
 90
        1
 40
1.000000000000000E+60
330
0
330
0
 90
        0
  1
HorizontalEndExtension
 90
        0
 90
        1
 40
1.000000000000000E+60
330
0
330
0
 90
        0
  1
VerticalStartExtension
 90
        0
 90
        1
 40
1.000000000000000E+60
330
0
330
0
 90
        0
  1
VerticalEndExtension
 90
        0
 90
        1
 40
1.000000000000000E+60
330
0
330
0
 90
        0
  1
HorizontalStartOvershoot
 90
        0
 90
        1
 40
3.5
330
0
330
0
 90
        0
  1
HorizontalEndOvershoot
 90
        0
 90
        1
 40
3.5
330
0
330
0
 90
        0
  1
VerticalStartOvershoot
 90
        0
 90
        1
 40
3.5
330
0
330
0
 90
        0
  1
VerticalEndOvershoot
 90
        0
 90
        1
 40
3.5
330
0
330
0
 90
        0
  1
CrossHairLengthExpression
 90
        0
 90
        1
  1
0.1x
330
0
330
0
 90
        0
  1
CrossHairGapExpression
 90
        0
 90
        1
  1
0.05x
330
0
330
0
 90
        0
  1
CenterDepId
 90
        0
 90
        1
330
2108
330
0
330
0
 90
        0
  1
CachedCircleRadius
 90
        0
 90
        1
 40
0.5
330
0
330
0
 90
        0
  1
SubentLineType
 90
        0
 90
        1
  1
CENTER2
330
0
330
0
 90
        0
  1
SubentLineWeight
 90
        0
 90
        1
 40
-1.0
330
0
330
0
 90
        0
  1
SubentLinetypeScale
 90
        0
 90
        1
 40
1.0
330
0
330
0
 90
        0
  1
CachedAssociateStatus
 90
        0
 90
        1
 40
0.0
330
0
330
0
 90
        0
  1
AssociationToBeBroken
 90
        0
 90
        1
 40
0.0
330
0
330
0
100
AcDbSmartCenterActionBody
 90
        0
  0
ACDBASSOCDEPENDENCY
  5
2108
330
2106
100
AcDbAssocDependency
 90
        2
 90
        0
290
     1
290
     1
290
     1
290
     1
 90
        0
330
1FAF
290
     0
330
0
330
0
360
0
 90
        2
  0
AcDbCenterMarkActionBody
  5
2114
330
2113
100
AcDbAssocActionBody
 90
        1
100
AcDbAssocParamBasedActionBody
 90
        0
 90
        0
 90
        1
360
2116
 90
        0
 90
       17
 90
        0
  1
HorizontalStartExtension
 90
        0
 90
        1
 40
1.000000000000000E+60
330
0
330
0
 90
        0
  1
HorizontalEndExtension
 90
        0
 90
        1
 40
1.000000000000000E+60
330
0
330
0
 90
        0
  1
VerticalStartExtension
 90
        0
 90
        1
 40
1.000000000000000E+60
330
0
330
0
 90
        0
  1
VerticalEndExtension
 90
        0
 90
        1
 40
1.000000000000000E+60
330
0
330
0
 90
        0
  1
HorizontalStartOvershoot
 90
        0
 90
        1
 40
3.5
330
0
330
0
 90
        0
  1
HorizontalEndOvershoot
 90
        0
 90
        1
 40
3.5
330
0
330
0
 90
        0
  1
VerticalStartOvershoot
 90
        0
 90
        1
 40
3.5
330
0
330
0
 90
        0
  1
VerticalEndOvershoot
 90
        0
 90
        1
 40
3.5
330
0
330
0
 90
        0
  1
CrossHairLengthExpression
 90
        0
 90
        1
  1
0.1x
330
0
330
0
 90
        0
  1
CrossHairGapExpression
 90
        0
 90
        1
  1
0.05x
330
0
330
0
 90
        0
  1
CenterDepId
 90
        0
 90
        1
330
2115
330
0
330
0
 90
        0
  1
CachedCircleRadius
 90
        0
 90
        1
 40
0.5
330
0
330
0
 90
        0
  1
SubentLineType
 90
        0
 90
        1
  1
CENTER2
330
0
330
0
 90
        0
  1
SubentLineWeight
 90
        0
 90
        1
 40
-1.0
330
0
330
0
 90
        0
  1
SubentLinetypeScale
 90
        0
 90
        1
 40
1.0
330
0
330
0
 90
        0
  1
CachedAssociateStatus
 90
        0
 90
        1
 40
0.0
330
0
330
0
 90
        0
  1
AssociationToBeBroken
 90
        0
 90
        1
 40
0.0
330
0
330
0
100
AcDbSmartCenterActionBody
 90
        0
  0
ACDBASSOCDEPENDENCY
  5
2115
330
2113
100
AcDbAssocDependency
 90
        2
 90
        0
290
     1
290
     1
290
     1
290
     1
 90
        0
330
1FB0
290
     0
330
0
330
0
360
0
 90
        2
  0
AcDbCenterLineActionBody
  5
2121
330
2120
100
AcDbAssocActionBody
 90
        1
100
AcDbAssocParamBasedActionBody
 90
        0
 90
        0
 90
        2
360
2123
360
2124
 90
        0
 90
       15
 90
        0
  1
StartExtLength
 90
        0
 90
        1
 40
1.000000000000000E+60
330
0
330
0
 90
        0
  1
EndExtLength
 90
        0
 90
        1
 40
1.000000000000000E+60
330
0
330
0
 90
        0
  1
StartOvershoot
 90
        0
 90
        1
 40
10.59907855281085
330
0
330
0
 90
        0
  1
EndOvershoot
 90
        0
 90
        1
 40
3.5
330
0
330
0
 90
        0
  1
EdgeRefDirectionEnding
 90
        0
 90
        2
 90
        1
330
0
 90
        1
330
0
330
0
 90
        0
  1
CenterDepId
 90
        0
 90
        1
330
2122
330
0
330
0
 90
        0
  1
CachedCenterLineLength
 90
        0
 90
        1
 40
7.274428751210507
330
0
330
0
 90
        0
  1
CachedCenterLineDirectionX
 90
        0
 90
        1
 40
0.0
330
0
330
0
 90
        0
  1
CachedCenterLineDirectionY
 90
        0
 90
        1
 40
-1.0
330
0
330
0
 90
        0
  1
CachedCenterLineDirectionZ
 90
        0
 90
        1
 40
0.0
330
0
330
0
 90
        0
  1
SubentLineType
 90
        0
 90
        1
  1
CENTER2
330
0
330
0
 90
        0
  1
SubentLineWeight
 90
        0
 90
        1
 40
-1.0
330
0
330
0
 90
        0
  1
SubentLinetypeScale
 90
        0
 90
        1
 40
1.0
330
0
330
0
 90
        0
  1
CachedAssociateStatus
 90
        0
 90
        1
 40
0.0
330
0
330
0
 90
        0
  1
AssociationToBeBroken
 90
        0
 90
        1
 40
0.0
330
0
330
0
100
AcDbSmartCenterActionBody
 90
        0
  0
ACDBASSOCDEPENDENCY
  5
2122
330
2120
100
AcDbAssocDependency
 90
        2
 90
        0
290
     1
290
     1
290
     1
290
     1
 90
        0
330
1FA7
290
     0
330
0
330
0
360
0
 90
        3
  0
AcDbCenterLineActionBody
  5
2135
330
2134
100
AcDbAssocActionBody
 90
        1
100
AcDbAssocParamBasedActionBody
 90
        0
 90
        0
 90
        2
360
2139
360
213A
 90
        0
 90
       14
 90
        0
  1
StartExtLength
 90
        0
 90
        1
 40
1.000000000000000E+60
330
0
330
0
 90
        0
  1
EndExtLength
 90
        0
 90
        1
 40
1.000000000000000E+60
330
0
330
0
 90
        0
  1
StartOvershoot
 90
        0
 90
        1
 40
11.14098272216006
330
0
330
0
 90
        0
  1
EndOvershoot
 90
        0
 90
        1
 40
10.96925490084186
330
0
330
0
 90
        0
  1
EdgeRefDirectionEnding
 90
        0
 90
        2
 90
        0
330
0
 90
        1
330
0
330
0
 90
        0
  1
CenterDepId
 90
        0
 90
        1
330
2138
330
0
330
0
 90
        0
  1
CachedCenterLineLength
 90
        0
 90
        1
 40
16.5
330
0
330
0
 90
        0
  1
CachedCenterLineDirectionX
 90
        0
 90
        1
 40
1.0
330
0
330
0
 90
        0
  1
CachedCenterLineDirectionY
 90
        0
 90
        1
 40
0.0
330
0
330
0
 90
        0
  1
CachedCenterLineDirectionZ
 90
        0
 90
        1
 40
0.0
330
0
330
0
 90
        0
  1
SubentLineType
 90
        0
 90
        1
  1
CENTER2
330
0
330
0
 90
        0
  1
SubentLineWeight
 90
        0
 90
        1
 40
-1.0
330
0
330
0
 90
        0
  1
SubentLinetypeScale
 90
        0
 90
        1
 40
1.0
330
0
330
0
 90
        0
  1
CachedAssociateStatus
 90
        0
 90
        1
 40
1.0
330
0
330
0
100
AcDbSmartCenterActionBody
 90
        0
  0
ACDBASSOCGEOMDEPENDENCY
  5
2136
330
2134
100
AcDbAssocDependency
 90
        2
 90
        0
290
     1
290
     0
290
     1
290
     1
 90
        0
330
1F84
290
     0
330
0
330
0
360
0
 90
        1
100
AcDbAssocGeomDependency
 90
        0
290
     1
  1
AcDbAssocSingleEdgePersSubentId
290
     0
  0
ACDBASSOCGEOMDEPENDENCY
  5
2137
330
2134
100
AcDbAssocDependency
 90
        2
 90
        0
290
     1
290
     0
290
     1
290
     1
 90
        0
330
1F7F
290
     0
330
0
330
0
360
0
 90
        2
100
AcDbAssocGeomDependency
 90
        0
290
     1
  1
AcDbAssocSingleEdgePersSubentId
290
     0
  0
ACDBASSOCDEPENDENCY
  5
2138
330
2134
100
AcDbAssocDependency
 90
        2
 90
        0
290
     1
290
     1
290
     1
290
     1
 90
        0
330
1FA6
290
     0
330
0
330
0
360
0
 90
        3
  0
AcDbCenterMarkActionBody
  5
215B
330
215A
100
AcDbAssocActionBody
 90
        1
100
AcDbAssocParamBasedActionBody
 90
        0
 90
        0
 90
        1
360
215D
 90
        0
 90
       17
 90
        0
  1
HorizontalStartExtension
 90
        0
 90
        1
 40
1.000000000000000E+60
330
0
330
0
 90
        0
  1
HorizontalEndExtension
 90
        0
 90
        1
 40
1.000000000000000E+60
330
0
330
0
 90
        0
  1
VerticalStartExtension
 90
        0
 90
        1
 40
1.000000000000000E+60
330
0
330
0
 90
        0
  1
VerticalEndExtension
 90
        0
 90
        1
 40
1.000000000000000E+60
330
0
330
0
 90
        0
  1
HorizontalStartOvershoot
 90
        0
 90
        1
 40
3.5
330
0
330
0
 90
        0
  1
HorizontalEndOvershoot
 90
        0
 90
        1
 40
3.5
330
0
330
0
 90
        0
  1
VerticalStartOvershoot
 90
        0
 90
        1
 40
3.5
330
0
330
0
 90
        0
  1
VerticalEndOvershoot
 90
        0
 90
        1
 40
3.5
330
0
330
0
 90
        0
  1
CrossHairLengthExpression
 90
        0
 90
        1
  1
0.1x
330
0
330
0
 90
        0
  1
CrossHairGapExpression
 90
        0
 90
        1
  1
0.05x
330
0
330
0
 90
        0
  1
CenterDepId
 90
        0
 90
        1
330
215C
330
0
330
0
 90
        0
  1
CachedCircleRadius
 90
        0
 90
        1
 40
0.5
330
0
330
0
 90
        0
  1
SubentLineType
 90
        0
 90
        1
  1
CENTER2
330
0
330
0
 90
        0
  1
SubentLineWeight
 90
        0
 90
        1
 40
-1.0
330
0
330
0
 90
        0
  1
SubentLinetypeScale
 90
        0
 90
        1
 40
1.0
330
0
330
0
 90
        0
  1
CachedAssociateStatus
 90
        0
 90
        1
 40
0.0
330
0
330
0
 90
        0
  1
AssociationToBeBroken
 90
        0
 90
        1
 40
0.0
330
0
330
0
100
AcDbSmartCenterActionBody
 90
        0
  0
ACDBASSOCDEPENDENCY
  5
215C
330
215A
100
AcDbAssocDependency
 90
        2
 90
        0
290
     1
290
     1
290
     1
290
     1
 90
        0
330
1FAA
290
     0
330
0
330
0
360
0
 90
        2
  0
AcDbCenterLineActionBody
  5
2296
330
2295
100
AcDbAssocActionBody
 90
        1
100
AcDbAssocParamBasedActionBody
 90
        0
 90
        0
 90
        2
360
229A
360
229B
 90
        0
 90
       14
 90
        0
  1
StartExtLength
 90
        0
 90
        1
 40
1.000000000000000E+60
330
0
330
0
 90
        0
  1
EndExtLength
 90
        0
 90
        1
 40
1.000000000000000E+60
330
0
330
0
 90
        0
  1
StartOvershoot
 90
        0
 90
        1
 40
13.63911814532287
330
0
330
0
 90
        0
  1
EndOvershoot
 90
        0
 90
        1
 40
3.5
330
0
330
0
 90
        0
  1
EdgeRefDirectionEnding
 90
        0
 90
        2
 90
        0
330
0
 90
        1
330
0
330
0
 90
        0
  1
CenterDepId
 90
        0
 90
        1
330
2299
330
0
330
0
 90
        0
  1
CachedCenterLineLength
 90
        0
 90
        1
 40
6.149999999999863
330
0
330
0
 90
        0
  1
CachedCenterLineDirectionX
 90
        0
 90
        1
 40
0.0
330
0
330
0
 90
        0
  1
CachedCenterLineDirectionY
 90
        0
 90
        1
 40
-1.0
330
0
330
0
 90
        0
  1
CachedCenterLineDirectionZ
 90
        0
 90
        1
 40
0.0
330
0
330
0
 90
        0
  1
SubentLineType
 90
        0
 90
        1
  1
CENTER2
330
0
330
0
 90
        0
  1
SubentLineWeight
 90
        0
 90
        1
 40
-1.0
330
0
330
0
 90
        0
  1
SubentLinetypeScale
 90
        0
 90
        1
 40
1.0
330
0
330
0
 90
        0
  1
CachedAssociateStatus
 90
        0
 90
        1
 40
1.0
330
0
330
0
100
AcDbSmartCenterActionBody
 90
        0
  0
ACDBASSOCGEOMDEPENDENCY
  5
2297
330
2295
100
AcDbAssocDependency
 90
        2
 90
        0
290
     1
290
     0
290
     1
290
     1
 90
        0
330
2264
290
     0
330
0
330
0
360
0
 90
        1
100
AcDbAssocGeomDependency
 90
        0
290
     1
  1
AcDbAssocSingleEdgePersSubentId
290
     0
  0
ACDBASSOCGEOMDEPENDENCY
  5
2298
330
2295
100
AcDbAssocDependency
 90
        2
 90
        0
290
     1
290
     0
290
     1
290
     1
 90
        0
330
226B
290
     0
330
0
330
0
360
0
 90
        2
100
AcDbAssocGeomDependency
 90
        0
290
     1
  1
AcDbAssocSingleEdgePersSubentId
290
     0
  0
ACDBASSOCDEPENDENCY
  5
2299
330
2295
100
AcDbAssocDependency
 90
        2
 90
        0
290
     1
290
     1
290
     1
290
     1
 90
        0
330
2287
290
     0
330
0
330
0
360
0
 90
        3
  0
AcDbCenterLineActionBody
  5
229D
330
229C
100
AcDbAssocActionBody
 90
        1
100
AcDbAssocParamBasedActionBody
 90
        0
 90
        0
 90
        2
360
22A1
360
22A2
 90
        0
 90
       14
 90
        0
  1
StartExtLength
 90
        0
 90
        1
 40
1.000000000000000E+60
330
0
330
0
 90
        0
  1
EndExtLength
 90
        0
 90
        1
 40
1.000000000000000E+60
330
0
330
0
 90
        0
  1
StartOvershoot
 90
        0
 90
        1
 40
3.5
330
0
330
0
 90
        0
  1
EndOvershoot
 90
        0
 90
        1
 40
3.5
330
0
330
0
 90
        0
  1
EdgeRefDirectionEnding
 90
        0
 90
        2
 90
        0
330
0
 90
        1
330
0
330
0
 90
        0
  1
CenterDepId
 90
        0
 90
        1
330
22A0
330
0
330
0
 90
        0
  1
CachedCenterLineLength
 90
        0
 90
        1
 40
27.99999999999909
330
0
330
0
 90
        0
  1
CachedCenterLineDirectionX
 90
        0
 90
        1
 40
-1.0
330
0
330
0
 90
        0
  1
CachedCenterLineDirectionY
 90
        0
 90
        1
 40
0.0
330
0
330
0
 90
        0
  1
CachedCenterLineDirectionZ
 90
        0
 90
        1
 40
0.0
330
0
330
0
 90
        0
  1
SubentLineType
 90
        0
 90
        1
  1
CENTER2
330
0
330
0
 90
        0
  1
SubentLineWeight
 90
        0
 90
        1
 40
-1.0
330
0
330
0
 90
        0
  1
SubentLinetypeScale
 90
        0
 90
        1
 40
1.0
330
0
330
0
 90
        0
  1
CachedAssociateStatus
 90
        0
 90
        1
 40
1.0
330
0
330
0
100
AcDbSmartCenterActionBody
 90
        0
  0
ACDBASSOCGEOMDEPENDENCY
  5
229E
330
229C
100
AcDbAssocDependency
 90
        2
 90
        0
290
     1
290
     0
290
     1
290
     1
 90
        0
330
226A
290
     0
330
0
330
0
360
0
 90
        1
100
AcDbAssocGeomDependency
 90
        0
290
     1
  1
AcDbAssocSingleEdgePersSubentId
290
     0
  0
ACDBASSOCGEOMDEPENDENCY
  5
229F
330
229C
100
AcDbAssocDependency
 90
        2
 90
        0
290
     1
290
     0
290
     1
290
     1
 90
        0
330
2265
290
     0
330
0
330
0
360
0
 90
        2
100
AcDbAssocGeomDependency
 90
        0
290
     1
  1
AcDbAssocSingleEdgePersSubentId
290
     0
  0
ACDBASSOCDEPENDENCY
  5
22A0
330
229C
100
AcDbAssocDependency
 90
        2
 90
        0
290
     1
290
     1
290
     1
290
     1
 90
        0
330
2286
290
     0
330
0
330
0
360
0
 90
        3
  0
AcDbCenterMarkActionBody
  5
22AC
330
22AB
100
AcDbAssocActionBody
 90
        1
100
AcDbAssocParamBasedActionBody
 90
        0
 90
        0
 90
        1
360
22AE
 90
        0
 90
       17
 90
        0
  1
HorizontalStartExtension
 90
        0
 90
        1
 40
1.000000000000000E+60
330
0
330
0
 90
        0
  1
HorizontalEndExtension
 90
        0
 90
        1
 40
1.000000000000000E+60
330
0
330
0
 90
        0
  1
VerticalStartExtension
 90
        0
 90
        1
 40
1.000000000000000E+60
330
0
330
0
 90
        0
  1
VerticalEndExtension
 90
        0
 90
        1
 40
1.000000000000000E+60
330
0
330
0
 90
        0
  1
HorizontalStartOvershoot
 90
        0
 90
        1
 40
3.5
330
0
330
0
 90
        0
  1
HorizontalEndOvershoot
 90
        0
 90
        1
 40
3.5
330
0
330
0
 90
        0
  1
VerticalStartOvershoot
 90
        0
 90
        1
 40
3.5
330
0
330
0
 90
        0
  1
VerticalEndOvershoot
 90
        0
 90
        1
 40
3.5
330
0
330
0
 90
        0
  1
CrossHairLengthExpression
 90
        0
 90
        1
  1
0.1x
330
0
330
0
 90
        0
  1
CrossHairGapExpression
 90
        0
 90
        1
  1
0.05x
330
0
330
0
 90
        0
  1
CenterDepId
 90
        0
 90
        1
330
22AD
330
0
330
0
 90
        0
  1
CachedCircleRadius
 90
        0
 90
        1
 40
0.5
330
0
330
0
 90
        0
  1
SubentLineType
 90
        0
 90
        1
  1
CENTER2
330
0
330
0
 90
        0
  1
SubentLineWeight
 90
        0
 90
        1
 40
-1.0
330
0
330
0
 90
        0
  1
SubentLinetypeScale
 90
        0
 90
        1
 40
1.0
330
0
330
0
 90
        0
  1
CachedAssociateStatus
 90
        0
 90
        1
 40
0.0
330
0
330
0
 90
        0
  1
AssociationToBeBroken
 90
        0
 90
        1
 40
0.0
330
0
330
0
100
AcDbSmartCenterActionBody
 90
        0
  0
ACDBASSOCDEPENDENCY
  5
22AD
330
22AB
100
AcDbAssocDependency
 90
        2
 90
        0
290
     1
290
     1
290
     1
290
     1
 90
        0
330
2288
290
     0
330
0
330
0
360
0
 90
        2
  0
AcDbCenterMarkActionBody
  5
22B9
330
22B8
100
AcDbAssocActionBody
 90
        1
100
AcDbAssocParamBasedActionBody
 90
        0
 90
        0
 90
        1
360
22BB
 90
        0
 90
       17
 90
        0
  1
HorizontalStartExtension
 90
        0
 90
        1
 40
1.000000000000000E+60
330
0
330
0
 90
        0
  1
HorizontalEndExtension
 90
        0
 90
        1
 40
1.000000000000000E+60
330
0
330
0
 90
        0
  1
VerticalStartExtension
 90
        0
 90
        1
 40
1.000000000000000E+60
330
0
330
0
 90
        0
  1
VerticalEndExtension
 90
        0
 90
        1
 40
1.000000000000000E+60
330
0
330
0
 90
        0
  1
HorizontalStartOvershoot
 90
        0
 90
        1
 40
3.5
330
0
330
0
 90
        0
  1
HorizontalEndOvershoot
 90
        0
 90
        1
 40
3.5
330
0
330
0
 90
        0
  1
VerticalStartOvershoot
 90
        0
 90
        1
 40
3.5
330
0
330
0
 90
        0
  1
VerticalEndOvershoot
 90
        0
 90
        1
 40
3.5
330
0
330
0
 90
        0
  1
CrossHairLengthExpression
 90
        0
 90
        1
  1
0.1x
330
0
330
0
 90
        0
  1
CrossHairGapExpression
 90
        0
 90
        1
  1
0.05x
330
0
330
0
 90
        0
  1
CenterDepId
 90
        0
 90
        1
330
22BA
330
0
330
0
 90
        0
  1
CachedCircleRadius
 90
        0
 90
        1
 40
0.5
330
0
330
0
 90
        0
  1
SubentLineType
 90
        0
 90
        1
  1
CENTER2
330
0
330
0
 90
        0
  1
SubentLineWeight
 90
        0
 90
        1
 40
-1.0
330
0
330
0
 90
        0
  1
SubentLinetypeScale
 90
        0
 90
        1
 40
1.0
330
0
330
0
 90
        0
  1
CachedAssociateStatus
 90
        0
 90
        1
 40
0.0
330
0
330
0
 90
        0
  1
AssociationToBeBroken
 90
        0
 90
        1
 40
0.0
330
0
330
0
100
AcDbSmartCenterActionBody
 90
        0
  0
ACDBASSOCDEPENDENCY
  5
22BA
330
22B8
100
AcDbAssocDependency
 90
        2
 90
        0
290
     1
290
     1
290
     1
290
     1
 90
        0
330
2289
290
     0
330
0
330
0
360
0
 90
        2
  0
AcDbCenterMarkActionBody
  5
26A0
330
269F
100
AcDbAssocActionBody
 90
        1
100
AcDbAssocParamBasedActionBody
 90
        0
 90
        0
 90
        1
360
26A1
 90
        0
 90
       16
 90
        0
  1
HorizontalStartExtension
 90
        0
 90
        1
 40
1.000000000000000E+60
330
0
330
0
 90
        0
  1
HorizontalEndExtension
 90
        0
 90
        1
 40
1.000000000000000E+60
330
0
330
0
 90
        0
  1
VerticalStartExtension
 90
        0
 90
        1
 40
1.000000000000000E+60
330
0
330
0
 90
        0
  1
VerticalEndExtension
 90
        0
 90
        1
 40
1.000000000000000E+60
330
0
330
0
 90
        0
  1
HorizontalStartOvershoot
 90
        0
 90
        1
 40
3.5
330
0
330
0
 90
        0
  1
HorizontalEndOvershoot
 90
        0
 90
        1
 40
3.5
330
0
330
0
 90
        0
  1
VerticalStartOvershoot
 90
        0
 90
        1
 40
3.5
330
0
330
0
 90
        0
  1
VerticalEndOvershoot
 90
        0
 90
        1
 40
3.5
330
0
330
0
 90
        0
  1
CrossHairLengthExpression
 90
        0
 90
        1
  1
0.1x
330
0
330
0
 90
        0
  1
CrossHairGapExpression
 90
        0
 90
        1
  1
0.05x
330
0
330
0
 90
        0
  1
CenterDepId
 90
        0
 90
        1
330
26A7
330
0
330
0
 90
        0
  1
CachedCircleRadius
 90
        0
 90
        1
 40
0.5
330
0
330
0
 90
        0
  1
SubentLineType
 90
        0
 90
        1
  1
CENTER2
330
0
330
0
 90
        0
  1
SubentLineWeight
 90
        0
 90
        1
 40
-1.0
330
0
330
0
 90
        0
  1
SubentLinetypeScale
 90
        0
 90
        1
 40
1.0
330
0
330
0
 90
        0
  1
CachedAssociateStatus
 90
        0
 90
        1
 40
1.0
330
0
330
0
100
AcDbSmartCenterActionBody
 90
        0
  0
ACDBASSOCGEOMDEPENDENCY
  5
26A2
330
269F
100
AcDbAssocDependency
 90
        2
 90
        0
290
     1
290
     0
290
     1
290
     1
 90
        0
330
2574
290
     0
330
0
330
0
360
0
 90
        1
100
AcDbAssocGeomDependency
 90
        0
290
     1
  1
AcDbAssocSingleEdgePersSubentId
290
     0
  0
ACDBASSOCDEPENDENCY
  5
26A7
330
269F
100
AcDbAssocDependency
 90
        2
 90
        0
290
     1
290
     1
290
     1
290
     1
 90
        0
330
26A6
290
     0
330
0
330
0
360
0
 90
        2
  0
AcDbCenterMarkActionBody
  5
26AF
330
26AE
100
AcDbAssocActionBody
 90
        1
100
AcDbAssocParamBasedActionBody
 90
        0
 90
        0
 90
        1
360
26B0
 90
        0
 90
       16
 90
        0
  1
HorizontalStartExtension
 90
        0
 90
        1
 40
1.000000000000000E+60
330
0
330
0
 90
        0
  1
HorizontalEndExtension
 90
        0
 90
        1
 40
1.000000000000000E+60
330
0
330
0
 90
        0
  1
VerticalStartExtension
 90
        0
 90
        1
 40
1.000000000000000E+60
330
0
330
0
 90
        0
  1
VerticalEndExtension
 90
        0
 90
        1
 40
1.000000000000000E+60
330
0
330
0
 90
        0
  1
HorizontalStartOvershoot
 90
        0
 90
        1
 40
3.5
330
0
330
0
 90
        0
  1
HorizontalEndOvershoot
 90
        0
 90
        1
 40
3.5
330
0
330
0
 90
        0
  1
VerticalStartOvershoot
 90
        0
 90
        1
 40
3.5
330
0
330
0
 90
        0
  1
VerticalEndOvershoot
 90
        0
 90
        1
 40
3.5
330
0
330
0
 90
        0
  1
CrossHairLengthExpression
 90
        0
 90
        1
  1
0.1x
330
0
330
0
 90
        0
  1
CrossHairGapExpression
 90
        0
 90
        1
  1
0.05x
330
0
330
0
 90
        0
  1
CenterDepId
 90
        0
 90
        1
330
26B6
330
0
330
0
 90
        0
  1
CachedCircleRadius
 90
        0
 90
        1
 40
0.5
330
0
330
0
 90
        0
  1
SubentLineType
 90
        0
 90
        1
  1
CENTER2
330
0
330
0
 90
        0
  1
SubentLineWeight
 90
        0
 90
        1
 40
-1.0
330
0
330
0
 90
        0
  1
SubentLinetypeScale
 90
        0
 90
        1
 40
1.0
330
0
330
0
 90
        0
  1
CachedAssociateStatus
 90
        0
 90
        1
 40
1.0
330
0
330
0
100
AcDbSmartCenterActionBody
 90
        0
  0
ACDBASSOCGEOMDEPENDENCY
  5
26B1
330
26AE
100
AcDbAssocDependency
 90
        2
 90
        0
290
     1
290
     0
290
     1
290
     1
 90
        0
330
2573
290
     0
330
0
330
0
360
0
 90
        1
100
AcDbAssocGeomDependency
 90
        0
290
     1
  1
AcDbAssocSingleEdgePersSubentId
290
     0
  0
ACDBASSOCDEPENDENCY
  5
26B6
330
26AE
100
AcDbAssocDependency
 90
        2
 90
        0
290
     1
290
     1
290
     1
290
     1
 90
        0
330
26B5
290
     0
330
0
330
0
360
0
 90
        2
  0
AcDbCenterMarkActionBody
  5
26BE
330
26BD
100
AcDbAssocActionBody
 90
        1
100
AcDbAssocParamBasedActionBody
 90
        0
 90
        0
 90
        1
360
26BF
 90
        0
 90
       16
 90
        0
  1
HorizontalStartExtension
 90
        0
 90
        1
 40
1.000000000000000E+60
330
0
330
0
 90
        0
  1
HorizontalEndExtension
 90
        0
 90
        1
 40
1.000000000000000E+60
330
0
330
0
 90
        0
  1
VerticalStartExtension
 90
        0
 90
        1
 40
1.000000000000000E+60
330
0
330
0
 90
        0
  1
VerticalEndExtension
 90
        0
 90
        1
 40
1.000000000000000E+60
330
0
330
0
 90
        0
  1
HorizontalStartOvershoot
 90
        0
 90
        1
 40
3.5
330
0
330
0
 90
        0
  1
HorizontalEndOvershoot
 90
        0
 90
        1
 40
3.5
330
0
330
0
 90
        0
  1
VerticalStartOvershoot
 90
        0
 90
        1
 40
3.5
330
0
330
0
 90
        0
  1
VerticalEndOvershoot
 90
        0
 90
        1
 40
3.5
330
0
330
0
 90
        0
  1
CrossHairLengthExpression
 90
        0
 90
        1
  1
0.1x
330
0
330
0
 90
        0
  1
CrossHairGapExpression
 90
        0
 90
        1
  1
0.05x
330
0
330
0
 90
        0
  1
CenterDepId
 90
        0
 90
        1
330
26C5
330
0
330
0
 90
        0
  1
CachedCircleRadius
 90
        0
 90
        1
 40
1.149999999999999
330
0
330
0
 90
        0
  1
SubentLineType
 90
        0
 90
        1
  1
CENTER2
330
0
330
0
 90
        0
  1
SubentLineWeight
 90
        0
 90
        1
 40
-1.0
330
0
330
0
 90
        0
  1
SubentLinetypeScale
 90
        0
 90
        1
 40
1.0
330
0
330
0
 90
        0
  1
CachedAssociateStatus
 90
        0
 90
        1
 40
1.0
330
0
330
0
100
AcDbSmartCenterActionBody
 90
        0
  0
ACDBASSOCGEOMDEPENDENCY
  5
26C0
330
26BD
100
AcDbAssocDependency
 90
        2
 90
        0
290
     1
290
     0
290
     1
290
     1
 90
        0
330
256E
290
     0
330
0
330
0
360
0
 90
        1
100
AcDbAssocGeomDependency
 90
        0
290
     1
  1
AcDbAssocSingleEdgePersSubentId
290
     0
  0
ACDBASSOCDEPENDENCY
  5
26C5
330
26BD
100
AcDbAssocDependency
 90
        2
 90
        0
290
     1
290
     1
290
     1
290
     1
 90
        0
330
26C4
290
     0
330
0
330
0
360
0
 90
        2
  0
AcDbCenterMarkActionBody
  5
26CD
330
26CC
100
AcDbAssocActionBody
 90
        1
100
AcDbAssocParamBasedActionBody
 90
        0
 90
        0
 90
        1
360
26CE
 90
        0
 90
       16
 90
        0
  1
HorizontalStartExtension
 90
        0
 90
        1
 40
1.000000000000000E+60
330
0
330
0
 90
        0
  1
HorizontalEndExtension
 90
        0
 90
        1
 40
1.000000000000000E+60
330
0
330
0
 90
        0
  1
VerticalStartExtension
 90
        0
 90
        1
 40
1.000000000000000E+60
330
0
330
0
 90
        0
  1
VerticalEndExtension
 90
        0
 90
        1
 40
1.000000000000000E+60
330
0
330
0
 90
        0
  1
HorizontalStartOvershoot
 90
        0
 90
        1
 40
3.5
330
0
330
0
 90
        0
  1
HorizontalEndOvershoot
 90
        0
 90
        1
 40
3.5
330
0
330
0
 90
        0
  1
VerticalStartOvershoot
 90
        0
 90
        1
 40
3.5
330
0
330
0
 90
        0
  1
VerticalEndOvershoot
 90
        0
 90
        1
 40
3.5
330
0
330
0
 90
        0
  1
CrossHairLengthExpression
 90
        0
 90
        1
  1
0.1x
330
0
330
0
 90
        0
  1
CrossHairGapExpression
 90
        0
 90
        1
  1
0.05x
330
0
330
0
 90
        0
  1
CenterDepId
 90
        0
 90
        1
330
26D4
330
0
330
0
 90
        0
  1
CachedCircleRadius
 90
        0
 90
        1
 40
1.149999999999999
330
0
330
0
 90
        0
  1
SubentLineType
 90
        0
 90
        1
  1
CENTER2
330
0
330
0
 90
        0
  1
SubentLineWeight
 90
        0
 90
        1
 40
-1.0
330
0
330
0
 90
        0
  1
SubentLinetypeScale
 90
        0
 90
        1
 40
1.0
330
0
330
0
 90
        0
  1
CachedAssociateStatus
 90
        0
 90
        1
 40
1.0
330
0
330
0
100
AcDbSmartCenterActionBody
 90
        0
  0
ACDBASSOCGEOMDEPENDENCY
  5
26CF
330
26CC
100
AcDbAssocDependency
 90
        2
 90
        0
290
     1
290
     0
290
     1
290
     1
 90
        0
330
256D
290
     0
330
0
330
0
360
0
 90
        1
100
AcDbAssocGeomDependency
 90
        0
290
     1
  1
AcDbAssocSingleEdgePersSubentId
290
     0
  0
ACDBASSOCDEPENDENCY
  5
26D4
330
26CC
100
AcDbAssocDependency
 90
        2
 90
        0
290
     1
290
     1
290
     1
290
     1
 90
        0
330
26D3
290
     0
330
0
330
0
360
0
 90
        2
  0
AcDbCenterMarkActionBody
  5
26DC
330
26DB
100
AcDbAssocActionBody
 90
        1
100
AcDbAssocParamBasedActionBody
 90
        0
 90
        0
 90
        1
360
26DD
 90
        0
 90
       16
 90
        0
  1
HorizontalStartExtension
 90
        0
 90
        1
 40
1.000000000000000E+60
330
0
330
0
 90
        0
  1
HorizontalEndExtension
 90
        0
 90
        1
 40
1.000000000000000E+60
330
0
330
0
 90
        0
  1
VerticalStartExtension
 90
        0
 90
        1
 40
1.000000000000000E+60
330
0
330
0
 90
        0
  1
VerticalEndExtension
 90
        0
 90
        1
 40
1.000000000000000E+60
330
0
330
0
 90
        0
  1
HorizontalStartOvershoot
 90
        0
 90
        1
 40
3.5
330
0
330
0
 90
        0
  1
HorizontalEndOvershoot
 90
        0
 90
        1
 40
3.5
330
0
330
0
 90
        0
  1
VerticalStartOvershoot
 90
        0
 90
        1
 40
3.5
330
0
330
0
 90
        0
  1
VerticalEndOvershoot
 90
        0
 90
        1
 40
3.5
330
0
330
0
 90
        0
  1
CrossHairLengthExpression
 90
        0
 90
        1
  1
0.1x
330
0
330
0
 90
        0
  1
CrossHairGapExpression
 90
        0
 90
        1
  1
0.05x
330
0
330
0
 90
        0
  1
CenterDepId
 90
        0
 90
        1
330
26E3
330
0
330
0
 90
        0
  1
CachedCircleRadius
 90
        0
 90
        1
 40
0.5
330
0
330
0
 90
        0
  1
SubentLineType
 90
        0
 90
        1
  1
CENTER2
330
0
330
0
 90
        0
  1
SubentLineWeight
 90
        0
 90
        1
 40
-1.0
330
0
330
0
 90
        0
  1
SubentLinetypeScale
 90
        0
 90
        1
 40
1.0
330
0
330
0
 90
        0
  1
CachedAssociateStatus
 90
        0
 90
        1
 40
1.0
330
0
330
0
100
AcDbSmartCenterActionBody
 90
        0
  0
ACDBASSOCGEOMDEPENDENCY
  5
26DE
330
26DB
100
AcDbAssocDependency
 90
        2
 90
        0
290
     1
290
     0
290
     1
290
     1
 90
        0
330
2575
290
     0
330
0
330
0
360
0
 90
        1
100
AcDbAssocGeomDependency
 90
        0
290
     1
  1
AcDbAssocSingleEdgePersSubentId
290
     0
  0
ACDBASSOCDEPENDENCY
  5
26E3
330
26DB
100
AcDbAssocDependency
 90
        2
 90
        0
290
     1
290
     1
290
     1
290
     1
 90
        0
330
26E2
290
     0
330
0
330
0
360
0
 90
        2
  0
AcDbCenterMarkActionBody
  5
26EB
330
26EA
100
AcDbAssocActionBody
 90
        1
100
AcDbAssocParamBasedActionBody
 90
        0
 90
        0
 90
        1
360
26EC
 90
        0
 90
       16
 90
        0
  1
HorizontalStartExtension
 90
        0
 90
        1
 40
1.000000000000000E+60
330
0
330
0
 90
        0
  1
HorizontalEndExtension
 90
        0
 90
        1
 40
1.000000000000000E+60
330
0
330
0
 90
        0
  1
VerticalStartExtension
 90
        0
 90
        1
 40
1.000000000000000E+60
330
0
330
0
 90
        0
  1
VerticalEndExtension
 90
        0
 90
        1
 40
1.000000000000000E+60
330
0
330
0
 90
        0
  1
HorizontalStartOvershoot
 90
        0
 90
        1
 40
3.5
330
0
330
0
 90
        0
  1
HorizontalEndOvershoot
 90
        0
 90
        1
 40
3.5
330
0
330
0
 90
        0
  1
VerticalStartOvershoot
 90
        0
 90
        1
 40
3.5
330
0
330
0
 90
        0
  1
VerticalEndOvershoot
 90
        0
 90
        1
 40
3.5
330
0
330
0
 90
        0
  1
CrossHairLengthExpression
 90
        0
 90
        1
  1
0.1x
330
0
330
0
 90
        0
  1
CrossHairGapExpression
 90
        0
 90
        1
  1
0.05x
330
0
330
0
 90
        0
  1
CenterDepId
 90
        0
 90
        1
330
26F2
330
0
330
0
 90
        0
  1
CachedCircleRadius
 90
        0
 90
        1
 40
0.5
330
0
330
0
 90
        0
  1
SubentLineType
 90
        0
 90
        1
  1
CENTER2
330
0
330
0
 90
        0
  1
SubentLineWeight
 90
        0
 90
        1
 40
-1.0
330
0
330
0
 90
        0
  1
SubentLinetypeScale
 90
        0
 90
        1
 40
1.0
330
0
330
0
 90
        0
  1
CachedAssociateStatus
 90
        0
 90
        1
 40
1.0
330
0
330
0
100
AcDbSmartCenterActionBody
 90
        0
  0
ACDBASSOCGEOMDEPENDENCY
  5
26ED
330
26EA
100
AcDbAssocDependency
 90
        2
 90
        0
290
     1
290
     0
290
     1
290
     1
 90
        0
330
2576
290
     0
330
0
330
0
360
0
 90
        1
100
AcDbAssocGeomDependency
 90
        0
290
     1
  1
AcDbAssocSingleEdgePersSubentId
290
     0
  0
ACDBASSOCDEPENDENCY
  5
26F2
330
26EA
100
AcDbAssocDependency
 90
        2
 90
        0
290
     1
290
     1
290
     1
290
     1
 90
        0
330
26F1
290
     0
330
0
330
0
360
0
 90
        2
  0
AcDbCenterLineActionBody
  5
26FA
330
26F9
100
AcDbAssocActionBody
 90
        1
100
AcDbAssocParamBasedActionBody
 90
        0
 90
        0
 90
        2
360
26FB
360
26FD
 90
        0
 90
       14
 90
        0
  1
StartExtLength
 90
        0
 90
        1
 40
1.000000000000000E+60
330
0
330
0
 90
        0
  1
EndExtLength
 90
        0
 90
        1
 40
1.000000000000000E+60
330
0
330
0
 90
        0
  1
StartOvershoot
 90
        0
 90
        1
 40
3.5
330
0
330
0
 90
        0
  1
EndOvershoot
 90
        0
 90
        1
 40
3.5
330
0
330
0
 90
        0
  1
EdgeRefDirectionEnding
 90
        0
 90
        2
 90
        0
330
0
 90
        1
330
0
330
0
 90
        0
  1
CenterDepId
 90
        0
 90
        1
330
2703
330
0
330
0
 90
        0
  1
CachedCenterLineLength
 90
        0
 90
        1
 40
24.44999999999999
330
0
330
0
 90
        0
  1
CachedCenterLineDirectionX
 90
        0
 90
        1
 40
0.0
330
0
330
0
 90
        0
  1
CachedCenterLineDirectionY
 90
        0
 90
        1
 40
1.0
330
0
330
0
 90
        0
  1
CachedCenterLineDirectionZ
 90
        0
 90
        1
 40
0.0
330
0
330
0
 90
        0
  1
SubentLineType
 90
        0
 90
        1
  1
CENTER2
330
0
330
0
 90
        0
  1
SubentLineWeight
 90
        0
 90
        1
 40
-1.0
330
0
330
0
 90
        0
  1
SubentLinetypeScale
 90
        0
 90
        1
 40
1.0
330
0
330
0
 90
        0
  1
CachedAssociateStatus
 90
        0
 90
        1
 40
1.0
330
0
330
0
100
AcDbSmartCenterActionBody
 90
        0
  0
ACDBASSOCGEOMDEPENDENCY
  5
26FC
330
26F9
100
AcDbAssocDependency
 90
        2
 90
        0
290
     1
290
     0
290
     1
290
     1
 90
        0
330
255B
290
     0
330
0
330
0
360
0
 90
        1
100
AcDbAssocGeomDependency
 90
        0
290
     1
  1
AcDbAssocSingleEdgePersSubentId
290
     0
  0
ACDBASSOCGEOMDEPENDENCY
  5
26FE
330
26F9
100
AcDbAssocDependency
 90
        2
 90
        0
290
     1
290
     0
290
     1
290
     1
 90
        0
330
255A
290
     0
330
0
330
0
360
0
 90
        2
100
AcDbAssocGeomDependency
 90
        0
290
     1
  1
AcDbAssocSingleEdgePersSubentId
290
     0
  0
ACDBASSOCDEPENDENCY
  5
2703
330
26F9
100
AcDbAssocDependency
 90
        2
 90
        0
290
     1
290
     1
290
     1
290
     1
 90
        0
330
2702
290
     0
330
0
330
0
360
0
 90
        3
  0
AcDbCenterLineActionBody
  5
2706
330
2705
100
AcDbAssocActionBody
 90
        1
100
AcDbAssocParamBasedActionBody
 90
        0
 90
        0
 90
        2
360
2707
360
2709
 90
        0
 90
       14
 90
        0
  1
StartExtLength
 90
        0
 90
        1
 40
1.000000000000000E+60
330
0
330
0
 90
        0
  1
EndExtLength
 90
        0
 90
        1
 40
1.000000000000000E+60
330
0
330
0
 90
        0
  1
StartOvershoot
 90
        0
 90
        1
 40
3.5
330
0
330
0
 90
        0
  1
EndOvershoot
 90
        0
 90
        1
 40
3.5
330
0
330
0
 90
        0
  1
EdgeRefDirectionEnding
 90
        0
 90
        2
 90
        0
330
0
 90
        1
330
0
330
0
 90
        0
  1
CenterDepId
 90
        0
 90
        1
330
270F
330
0
330
0
 90
        0
  1
CachedCenterLineLength
 90
        0
 90
        1
 40
18.40000000000009
330
0
330
0
 90
        0
  1
CachedCenterLineDirectionX
 90
        0
 90
        1
 40
-1.0
330
0
330
0
 90
        0
  1
CachedCenterLineDirectionY
 90
        0
 90
        1
 40
0.0
330
0
330
0
 90
        0
  1
CachedCenterLineDirectionZ
 90
        0
 90
        1
 40
0.0
330
0
330
0
 90
        0
  1
SubentLineType
 90
        0
 90
        1
  1
CENTER2
330
0
330
0
 90
        0
  1
SubentLineWeight
 90
        0
 90
        1
 40
-1.0
330
0
330
0
 90
        0
  1
SubentLinetypeScale
 90
        0
 90
        1
 40
1.0
330
0
330
0
 90
        0
  1
CachedAssociateStatus
 90
        0
 90
        1
 40
1.0
330
0
330
0
100
AcDbSmartCenterActionBody
 90
        0
  0
ACDBASSOCGEOMDEPENDENCY
  5
2708
330
2705
100
AcDbAssocDependency
 90
        2
 90
        0
290
     1
290
     0
290
     1
290
     1
 90
        0
330
255C
290
     0
330
0
330
0
360
0
 90
        1
100
AcDbAssocGeomDependency
 90
        0
290
     1
  1
AcDbAssocSingleEdgePersSubentId
290
     0
  0
ACDBASSOCGEOMDEPENDENCY
  5
270A
330
2705
100
AcDbAssocDependency
 90
        2
 90
        0
290
     1
290
     0
290
     1
290
     1
 90
        0
330
2559
290
     0
330
0
330
0
360
0
 90
        2
100
AcDbAssocGeomDependency
 90
        0
290
     1
  1
AcDbAssocSingleEdgePersSubentId
290
     0
  0
ACDBASSOCDEPENDENCY
  5
270F
330
2705
100
AcDbAssocDependency
 90
        2
 90
        0
290
     1
290
     1
290
     1
290
     1
 90
        0
330
270E
290
     0
330
0
330
0
360
0
 90
        3
  0
ACDBASSOCEDGEACTIONPARAM
  5
20D0
330
20CE
100
AcDbAssocActionParam
 90
        0
  1
InputEdge
100
AcDbAssocSingleDependencyActionParam
 90
        0
330
0
100
AcDbAssocEdgeActionParam
 90
        0
330
0
290
     0
  0
ACDBASSOCEDGEACTIONPARAM
  5
20E2
330
20E0
100
AcDbAssocActionParam
 90
        0
  1
InputEdge
100
AcDbAssocSingleDependencyActionParam
 90
        0
330
0
100
AcDbAssocEdgeActionParam
 90
        0
330
0
290
     0
  0
ACDBASSOCEDGEACTIONPARAM
  5
20EF
330
20ED
100
AcDbAssocActionParam
 90
        0
  1
InputEdge
100
AcDbAssocSingleDependencyActionParam
 90
        0
330
0
100
AcDbAssocEdgeActionParam
 90
        0
330
0
290
     0
  0
ACDBASSOCEDGEACTIONPARAM
  5
20FC
330
20FA
100
AcDbAssocActionParam
 90
        0
  1
InputEdge
100
AcDbAssocSingleDependencyActionParam
 90
        0
330
0
100
AcDbAssocEdgeActionParam
 90
        0
330
0
290
     0
  0
ACDBASSOCEDGEACTIONPARAM
  5
2109
330
2107
100
AcDbAssocActionParam
 90
        0
  1
InputEdge
100
AcDbAssocSingleDependencyActionParam
 90
        0
330
0
100
AcDbAssocEdgeActionParam
 90
        0
330
0
290
     0
  0
ACDBASSOCEDGEACTIONPARAM
  5
2116
330
2114
100
AcDbAssocActionParam
 90
        0
  1
InputEdge
100
AcDbAssocSingleDependencyActionParam
 90
        0
330
0
100
AcDbAssocEdgeActionParam
 90
        0
330
0
290
     0
  0
ACDBASSOCEDGEACTIONPARAM
  5
2123
330
2121
100
AcDbAssocActionParam
 90
        0
  1
InputEdge
100
AcDbAssocSingleDependencyActionParam
 90
        0
330
0
100
AcDbAssocEdgeActionParam
 90
        0
330
0
290
     0
  0
ACDBASSOCEDGEACTIONPARAM
  5
2124
330
2121
100
AcDbAssocActionParam
 90
        0
  1
InputEdge
100
AcDbAssocSingleDependencyActionParam
 90
        0
330
0
100
AcDbAssocEdgeActionParam
 90
        0
330
0
290
     0
  0
ACDBASSOCEDGEACTIONPARAM
  5
2139
330
2135
100
AcDbAssocActionParam
 90
        0
  1
InputEdge
100
AcDbAssocSingleDependencyActionParam
 90
        0
330
2136
100
AcDbAssocEdgeActionParam
 90
        0
330
0
290
     1
 90
       23
 10
4006.276585571013
 20
651.0889029538231
 30
0.0
 10
16.5
 20
0.0
 30
0.0
  0
ACDBASSOCEDGEACTIONPARAM
  5
213A
330
2135
100
AcDbAssocActionParam
 90
        0
  1
InputEdge
100
AcDbAssocSingleDependencyActionParam
 90
        0
330
2137
100
AcDbAssocEdgeActionParam
 90
        0
330
0
290
     1
 90
       23
 10
4022.776585571013
 20
642.9889029538227
 30
0.0
 10
-16.5
 20
0.0
 30
0.0
  0
ACDBASSOCEDGEACTIONPARAM
  5
215D
330
215B
100
AcDbAssocActionParam
 90
        0
  1
InputEdge
100
AcDbAssocSingleDependencyActionParam
 90
        0
330
0
100
AcDbAssocEdgeActionParam
 90
        0
330
0
290
     0
  0
ACDBASSOCEDGEACTIONPARAM
  5
229A
330
2296
100
AcDbAssocActionParam
 90
        0
  1
InputEdge
100
AcDbAssocSingleDependencyActionParam
 90
        0
330
2297
100
AcDbAssocEdgeActionParam
 90
        0
330
0
290
     1
 90
       23
 10
4114.365943748935
 20
649.1857036132322
 30
0.0
 10
0.0
 20
-6.149999999999977
 30
0.0
  0
ACDBASSOCEDGEACTIONPARAM
  5
229B
330
2296
100
AcDbAssocActionParam
 90
        0
  1
InputEdge
100
AcDbAssocSingleDependencyActionParam
 90
        0
330
2298
100
AcDbAssocEdgeActionParam
 90
        0
330
0
290
     1
 90
       23
 10
4144.365943748935
 20
643.0357036132322
 30
0.0
 10
0.0
 20
6.149999999999977
 30
0.0
  0
ACDBASSOCEDGEACTIONPARAM
  5
22A1
330
229D
100
AcDbAssocActionParam
 90
        0
  1
InputEdge
100
AcDbAssocSingleDependencyActionParam
 90
        0
330
229E
100
AcDbAssocEdgeActionParam
 90
        0
330
0
290
     1
 90
       23
 10
4143.365943748935
 20
659.6357036132323
 30
0.0
 10
-28.0
 20
0.0
 30
0.0
  0
ACDBASSOCEDGEACTIONPARAM
  5
22A2
330
229D
100
AcDbAssocActionParam
 90
        0
  1
InputEdge
100
AcDbAssocSingleDependencyActionParam
 90
        0
330
229F
100
AcDbAssocEdgeActionParam
 90
        0
330
0
290
     1
 90
       23
 10
4115.365943748935
 20
642.0357036132323
 30
0.0
 10
28.0
 20
0.0
 30
0.0
  0
ACDBASSOCEDGEACTIONPARAM
  5
22AE
330
22AC
100
AcDbAssocActionParam
 90
        0
  1
InputEdge
100
AcDbAssocSingleDependencyActionParam
 90
        0
330
0
100
AcDbAssocEdgeActionParam
 90
        0
330
0
290
     0
  0
ACDBASSOCEDGEACTIONPARAM
  5
22BB
330
22B9
100
AcDbAssocActionParam
 90
        0
  1
InputEdge
100
AcDbAssocSingleDependencyActionParam
 90
        0
330
0
100
AcDbAssocEdgeActionParam
 90
        0
330
0
290
     0
  0
ACDBASSOCEDGEACTIONPARAM
  5
26A1
330
26A0
100
AcDbAssocActionParam
 90
        0
  1
InputEdge
100
AcDbAssocSingleDependencyActionParam
 90
        0
330
26A2
100
AcDbAssocEdgeActionParam
 90
        0
330
0
290
     1
 90
       11
 10
3803.866816695825
 20
371.537620417362
 30
0.0
 10
0.0
 20
0.0
 30
1.0
 10
1.0
 20
0.0
 30
0.0
 40
0.5
 40
0.0
 40
6.283185307179586
  0
ACDBASSOCEDGEACTIONPARAM
  5
26B0
330
26AF
100
AcDbAssocActionParam
 90
        0
  1
InputEdge
100
AcDbAssocSingleDependencyActionParam
 90
        0
330
26B1
100
AcDbAssocEdgeActionParam
 90
        0
330
0
290
     1
 90
       11
 10
3813.466816695826
 20
371.537620417362
 30
0.0
 10
0.0
 20
0.0
 30
1.0
 10
1.0
 20
0.0
 30
0.0
 40
0.5
 40
0.0
 40
6.283185307179586
  0
ACDBASSOCEDGEACTIONPARAM
  5
26BF
330
26BE
100
AcDbAssocActionParam
 90
        0
  1
InputEdge
100
AcDbAssocSingleDependencyActionParam
 90
        0
330
26C0
100
AcDbAssocEdgeActionParam
 90
        0
330
0
290
     1
 90
       11
 10
3813.466816695826
 20
361.812620417362
 30
0.0
 10
0.0
 20
0.0
 30
1.0
 10
1.0
 20
0.0
 30
0.0
 40
1.149999999999999
 40
0.0
 40
6.283185307179586
  0
ACDBASSOCEDGEACTIONPARAM
  5
26CE
330
26CD
100
AcDbAssocActionParam
 90
        0
  1
InputEdge
100
AcDbAssocSingleDependencyActionParam
 90
        0
330
26CF
100
AcDbAssocEdgeActionParam
 90
        0
330
0
290
     1
 90
       11
 10
3803.866816695825
 20
361.812620417362
 30
0.0
 10
0.0
 20
0.0
 30
1.0
 10
1.0
 20
0.0
 30
0.0
 40
1.149999999999999
 40
0.0
 40
6.283185307179586
  0
ACDBASSOCEDGEACTIONPARAM
  5
26DD
330
26DC
100
AcDbAssocActionParam
 90
        0
  1
InputEdge
100
AcDbAssocSingleDependencyActionParam
 90
        0
330
26DE
100
AcDbAssocEdgeActionParam
 90
        0
330
0
290
     1
 90
       11
 10
3803.866816695825
 20
352.087620417362
 30
0.0
 10
0.0
 20
0.0
 30
1.0
 10
1.0
 20
0.0
 30
0.0
 40
0.5
 40
0.0
 40
6.283185307179586
  0
ACDBASSOCEDGEACTIONPARAM
  5
26EC
330
26EB
100
AcDbAssocActionParam
 90
        0
  1
InputEdge
100
AcDbAssocSingleDependencyActionParam
 90
        0
330
26ED
100
AcDbAssocEdgeActionParam
 90
        0
330
0
290
     1
 90
       11
 10
3813.466816695826
 20
352.087620417362
 30
0.0
 10
0.0
 20
0.0
 30
1.0
 10
1.0
 20
0.0
 30
0.0
 40
0.5
 40
0.0
 40
6.283185307179586
  0
ACDBASSOCEDGEACTIONPARAM
  5
26FB
330
26FA
100
AcDbAssocActionParam
 90
        0
  1
InputEdge
100
AcDbAssocSingleDependencyActionParam
 90
        0
330
26FC
100
AcDbAssocEdgeActionParam
 90
        0
330
0
290
     1
 90
       23
 10
3818.866816695826
 20
349.587620417362
 30
0.0
 10
0.0
 20
24.44999999999999
 30
0.0
  0
ACDBASSOCEDGEACTIONPARAM
  5
26FD
330
26FA
100
AcDbAssocActionParam
 90
        0
  1
InputEdge
100
AcDbAssocSingleDependencyActionParam
 90
        0
330
26FE
100
AcDbAssocEdgeActionParam
 90
        0
330
0
290
     1
 90
       23
 10
3798.466816695826
 20
374.037620417362
 30
0.0
 10
0.0
 20
-24.44999999999999
 30
0.0
  0
ACDBASSOCEDGEACTIONPARAM
  5
2707
330
2706
100
AcDbAssocActionParam
 90
        0
  1
InputEdge
100
AcDbAssocSingleDependencyActionParam
 90
        0
330
2708
100
AcDbAssocEdgeActionParam
 90
        0
330
0
290
     1
 90
       23
 10
3817.866816695826
 20
375.037620417362
 30
0.0
 10
-18.40000000000009
 20
0.0
 30
0.0
  0
ACDBASSOCEDGEACTIONPARAM
  5
2709
330
2706
100
AcDbAssocActionParam
 90
        0
  1
InputEdge
100
AcDbAssocSingleDependencyActionParam
 90
        0
330
270A
100
AcDbAssocEdgeActionParam
 90
        0
330
0
290
     1
 90
       23
 10
3799.466816695826
 20
348.587620417362
 30
0.0
 10
18.40000000000009
 20
0.0
 30
0.0
  0
ENDSEC
  0
EOF
